{
  "Z": 0.10122865438461304,
  "best_Z_so_far": 0.10139155387878418,
  "best_iter_so_far": 1944,
  "case_id": "face_005__add_black_sunglasses",
  "combined_max_disp_px": 13.388747215270996,
  "combined_mean_disp_px": 4.370938777923584,
  "combined_p95_disp_px": 8.727672576904297,
  "components_at_boundary": "tps",
  "dct_enabled": 1,
  "dct_grad_norm": 0.014380069449543953,
  "dct_max_disp": 13.827194213867188,
  "dct_mean_disp": 3.777216672897339,
  "dct_num_at_max": 0,
  "dct_num_at_min": 0,
  "dct_p95_disp": 7.482685089111328,
  "dct_param_max": 1.3889434337615967,
  "dct_param_mean_abs": 0.7301584482192993,
  "dct_param_min": -1.6917316913604736,
  "delaunay_enabled": 1,
  "delaunay_grad_norm": 0.002327509457245469,
  "delaunay_max_disp": 8.91987419128418,
  "delaunay_mean_disp": 1.5463899374008179,
  "delaunay_num_at_max": 0,
  "delaunay_num_at_min": 0,
  "delaunay_p95_disp": 4.84788703918457,
  "delaunay_param_max": 7.00894021987915,
  "delaunay_param_mean_abs": 0.8941065073013306,
  "delaunay_param_min": -3.5400335788726807,
  "face_id": "face_005",
  "fft_phase_enabled": 0,
  "fft_phase_grad_norm": 0.0,
  "fft_phase_max_abs": 0.0,
  "fft_phase_mean_abs": 0.0,
  "fft_phase_norm": 0.0,
  "fft_phase_num_at_max": 0,
  "fft_phase_num_at_min": 0,
  "fft_phase_num_clamped": 0,
  "fft_spatial_delta_mse": 0.0,
  "foldover_fraction": 0.000888824462890625,
  "fraction_clamped_total": 0.022727272727272728,
  "identity_angle_degrees": 26.002967834472656,
  "identity_angle_radians": 0.45383739471435547,
  "identity_cosine_distance": 0.10122865438461304,
  "identity_cosine_similarity_raw": 0.898771345615387,
  "identity_l2_embedding_distance": 0.4499528408050537,
  "identity_similarity_score_pct": 89.87713623046875,
  "iter": 1975,
  "jacobian_det_min": -0.184596985578537,
  "l2_to_original": 0.07019905745983124,
  "learning_rate": 0.05,
  "legacy_fft_strength_equivalent": 0.0,
  "loss": -0.10122865438461304,
  "mse_to_original": 0.004927908070385456,
  "num_at_max_total": 3,
  "num_at_min_total": 0,
  "num_clamped_total": 3,
  "num_total_params": 132,
  "original_embedding_norm": 0.9999999403953552,
  "peak_vram_gb": 2.991054058074951,
  "perturbed_embedding_norm": 1.0,
  "prompt": "add black sunglasses",
  "psnr_to_original": 23.073374024866325,
  "rolling_enabled": 1,
  "rolling_grad_norm": 0.0022633690387010574,
  "rolling_max_disp": 0.7172204256057739,
  "rolling_mean_disp": 0.47669729590415955,
  "rolling_num_at_max": 0,
  "rolling_num_at_min": 0,
  "rolling_p95_disp": 0.7168387770652771,
  "rolling_param_max": 0.7077152132987976,
  "rolling_param_mean_abs": 0.4816000461578369,
  "rolling_param_min": 0.2554849088191986,
  "seconds_elapsed": 184.09853911586106,
  "seconds_iter": 0.07125898636877537,
  "seed": 67119,
  "smoothness_tv": 0.10024522244930267,
  "ssim_to_original": 0.9627155661582947,
  "total_geometry_grad_norm": 0.015017352998256683,
  "total_grad_norm": 0.015017352998256683,
  "tps_enabled": 1,
  "tps_grad_norm": 0.002862576162442565,
  "tps_max_disp": 5.841117858886719,
  "tps_mean_disp": 2.2130069732666016,
  "tps_num_at_max": 3,
  "tps_num_at_min": 0,
  "tps_p95_disp": 4.747519493103027,
  "tps_param_max": 4.0960001945495605,
  "tps_param_mean_abs": 1.0184593200683594,
  "tps_param_min": -4.090852737426758
}
