{
  "Z": 0.06262868642807007,
  "best_Z_so_far": 0.0628698468208313,
  "best_iter_so_far": 1059,
  "case_id": "face_002__add_headphones",
  "combined_max_disp_px": 7.231873035430908,
  "combined_mean_disp_px": 2.9601054191589355,
  "combined_p95_disp_px": 5.662930965423584,
  "components_at_boundary": "",
  "dct_enabled": 1,
  "dct_grad_norm": 0.014947413466870785,
  "dct_max_disp": 5.959325313568115,
  "dct_mean_disp": 2.5912280082702637,
  "dct_num_at_max": 0,
  "dct_num_at_min": 0,
  "dct_p95_disp": 5.065540790557861,
  "dct_param_max": 0.9675620198249817,
  "dct_param_mean_abs": 0.4855894148349762,
  "dct_param_min": -1.001051664352417,
  "delaunay_enabled": 1,
  "delaunay_grad_norm": 0.0023235222324728966,
  "delaunay_max_disp": 7.952721118927002,
  "delaunay_mean_disp": 1.6509625911712646,
  "delaunay_num_at_max": 0,
  "delaunay_num_at_min": 0,
  "delaunay_p95_disp": 5.313168525695801,
  "delaunay_param_max": 4.811025619506836,
  "delaunay_param_mean_abs": 0.8053761124610901,
  "delaunay_param_min": -7.675502777099609,
  "face_id": "face_002",
  "fft_phase_enabled": 0,
  "fft_phase_grad_norm": 0.0,
  "fft_phase_max_abs": 0.0,
  "fft_phase_mean_abs": 0.0,
  "fft_phase_norm": 0.0,
  "fft_phase_num_at_max": 0,
  "fft_phase_num_at_min": 0,
  "fft_phase_num_clamped": 0,
  "fft_spatial_delta_mse": 0.0,
  "foldover_fraction": 0.0,
  "fraction_clamped_total": 0.0,
  "identity_angle_degrees": 20.385313034057617,
  "identity_angle_radians": 0.3557908236980438,
  "identity_cosine_distance": 0.06262868642807007,
  "identity_cosine_similarity_raw": 0.9373713135719299,
  "identity_l2_embedding_distance": 0.35391759872436523,
  "identity_similarity_score_pct": 93.73712921142578,
  "iter": 1075,
  "jacobian_det_min": 0.4544481337070465,
  "l2_to_original": 0.05972693860530853,
  "learning_rate": 0.05,
  "legacy_fft_strength_equivalent": 0.0,
  "loss": -0.06262868642807007,
  "mse_to_original": 0.003567307023331523,
  "num_at_max_total": 0,
  "num_at_min_total": 0,
  "num_clamped_total": 0,
  "num_total_params": 132,
  "original_embedding_norm": 1.0,
  "peak_vram_gb": 2.987697124481201,
  "perturbed_embedding_norm": 0.9999999403953552,
  "prompt": "add headphones",
  "psnr_to_original": 24.476595111268594,
  "rolling_enabled": 1,
  "rolling_grad_norm": 0.005511402152478695,
  "rolling_max_disp": 1.027224063873291,
  "rolling_mean_disp": 0.5931003093719482,
  "rolling_num_at_max": 0,
  "rolling_num_at_min": 0,
  "rolling_p95_disp": 1.0215213298797607,
  "rolling_param_max": 1.2393192052841187,
  "rolling_param_mean_abs": 1.4154942035675049,
  "rolling_param_min": -1.5916690826416016,
  "seconds_elapsed": 96.95687611959875,
  "seconds_iter": 0.07825740799307823,
  "seed": 438717,
  "smoothness_tv": 0.05873289331793785,
  "ssim_to_original": 0.9728139042854309,
  "total_geometry_grad_norm": 0.0163487046957016,
  "total_grad_norm": 0.0163487046957016,
  "tps_enabled": 1,
  "tps_grad_norm": 0.0028426521457731724,
  "tps_max_disp": 4.977845668792725,
  "tps_mean_disp": 1.3104077577590942,
  "tps_num_at_max": 0,
  "tps_num_at_min": 0,
  "tps_p95_disp": 3.3889002799987793,
  "tps_param_max": 2.559293270111084,
  "tps_param_mean_abs": 0.5727617740631104,
  "tps_param_min": -3.7582647800445557
}
