{
  "Z": 0.09807300567626953,
  "best_Z_so_far": 0.09808087348937988,
  "best_iter_so_far": 781,
  "case_id": "face_005__add_headphones",
  "combined_max_disp_px": 11.698507308959961,
  "combined_mean_disp_px": 4.1894636154174805,
  "combined_p95_disp_px": 8.99418830871582,
  "components_at_boundary": "tps",
  "dct_enabled": 1,
  "dct_grad_norm": 0.011347237974405289,
  "dct_max_disp": 9.404356002807617,
  "dct_mean_disp": 3.3374552726745605,
  "dct_num_at_max": 0,
  "dct_num_at_min": 0,
  "dct_p95_disp": 6.653326511383057,
  "dct_param_max": 1.1258422136306763,
  "dct_param_mean_abs": 0.6153438687324524,
  "dct_param_min": -1.5346126556396484,
  "delaunay_enabled": 1,
  "delaunay_grad_norm": 0.0018672108417376876,
  "delaunay_max_disp": 7.778197288513184,
  "delaunay_mean_disp": 1.2995033264160156,
  "delaunay_num_at_max": 0,
  "delaunay_num_at_min": 0,
  "delaunay_p95_disp": 4.152873992919922,
  "delaunay_param_max": 6.718652725219727,
  "delaunay_param_mean_abs": 0.7194392085075378,
  "delaunay_param_min": -2.288651943206787,
  "face_id": "face_005",
  "fft_phase_enabled": 0,
  "fft_phase_grad_norm": 0.0,
  "fft_phase_max_abs": 0.0,
  "fft_phase_mean_abs": 0.0,
  "fft_phase_norm": 0.0,
  "fft_phase_num_at_max": 0,
  "fft_phase_num_at_min": 0,
  "fft_phase_num_clamped": 0,
  "fft_spatial_delta_mse": 0.0,
  "foldover_fraction": 0.0,
  "fraction_clamped_total": 0.007575757575757576,
  "identity_angle_degrees": 25.58747100830078,
  "identity_angle_radians": 0.44658559560775757,
  "identity_cosine_distance": 0.09807300567626953,
  "identity_cosine_similarity_raw": 0.9019269943237305,
  "identity_l2_embedding_distance": 0.4428839683532715,
  "identity_similarity_score_pct": 90.19270324707031,
  "iter": 825,
  "jacobian_det_min": 0.4638034701347351,
  "l2_to_original": 0.07173866778612137,
  "learning_rate": 0.05,
  "legacy_fft_strength_equivalent": 0.0,
  "loss": -0.09807300567626953,
  "mse_to_original": 0.005146436393260956,
  "num_at_max_total": 1,
  "num_at_min_total": 0,
  "num_clamped_total": 1,
  "num_total_params": 132,
  "original_embedding_norm": 0.9999999403953552,
  "peak_vram_gb": 2.993251323699951,
  "perturbed_embedding_norm": 1.0,
  "prompt": "add headphones",
  "psnr_to_original": 22.88493390463485,
  "rolling_enabled": 1,
  "rolling_grad_norm": 0.0004567379364743829,
  "rolling_max_disp": 1.9778887033462524,
  "rolling_mean_disp": 0.8623887896537781,
  "rolling_num_at_max": 0,
  "rolling_num_at_min": 0,
  "rolling_p95_disp": 1.8618935346603394,
  "rolling_param_max": 2.151909589767456,
  "rolling_param_mean_abs": 1.1642171144485474,
  "rolling_param_min": -0.1765245497226715,
  "seconds_elapsed": 78.28999249637127,
  "seconds_iter": 0.0782979279756546,
  "seed": 405993,
  "smoothness_tv": 0.08605000376701355,
  "ssim_to_original": 0.961124837398529,
  "total_geometry_grad_norm": 0.011707590892910957,
  "total_grad_norm": 0.011707590892910957,
  "tps_enabled": 1,
  "tps_grad_norm": 0.002147740451619029,
  "tps_max_disp": 5.403594970703125,
  "tps_mean_disp": 2.046515464782715,
  "tps_num_at_max": 1,
  "tps_num_at_min": 0,
  "tps_p95_disp": 4.869329452514648,
  "tps_param_max": 4.0960001945495605,
  "tps_param_mean_abs": 0.8981921672821045,
  "tps_param_min": -3.3775508403778076
}
