{
  "Z": 0.10098540782928467,
  "best_Z_so_far": 0.10102438926696777,
  "best_iter_so_far": 1219,
  "case_id": "face_005__add_black_sunglasses",
  "combined_max_disp_px": 12.868408203125,
  "combined_mean_disp_px": 4.383938789367676,
  "combined_p95_disp_px": 8.784272193908691,
  "components_at_boundary": "tps",
  "dct_enabled": 1,
  "dct_grad_norm": 0.009790502488613129,
  "dct_max_disp": 13.338314056396484,
  "dct_mean_disp": 3.6715638637542725,
  "dct_num_at_max": 0,
  "dct_num_at_min": 0,
  "dct_p95_disp": 7.3676018714904785,
  "dct_param_max": 1.4143383502960205,
  "dct_param_mean_abs": 0.7146918177604675,
  "dct_param_min": -1.7203774452209473,
  "delaunay_enabled": 1,
  "delaunay_grad_norm": 0.0016737512778490782,
  "delaunay_max_disp": 8.194085121154785,
  "delaunay_mean_disp": 1.4806126356124878,
  "delaunay_num_at_max": 0,
  "delaunay_num_at_min": 0,
  "delaunay_p95_disp": 4.439286708831787,
  "delaunay_param_max": 5.8346686363220215,
  "delaunay_param_mean_abs": 0.8364077806472778,
  "delaunay_param_min": -3.696383237838745,
  "face_id": "face_005",
  "fft_phase_enabled": 0,
  "fft_phase_grad_norm": 0.0,
  "fft_phase_max_abs": 0.0,
  "fft_phase_mean_abs": 0.0,
  "fft_phase_norm": 0.0,
  "fft_phase_num_at_max": 0,
  "fft_phase_num_at_min": 0,
  "fft_phase_num_clamped": 0,
  "fft_spatial_delta_mse": 0.0,
  "foldover_fraction": 0.000640869140625,
  "fraction_clamped_total": 0.030303030303030304,
  "identity_angle_degrees": 25.971158981323242,
  "identity_angle_radians": 0.4532822370529175,
  "identity_cosine_distance": 0.10098540782928467,
  "identity_cosine_similarity_raw": 0.8990145921707153,
  "identity_l2_embedding_distance": 0.44941186904907227,
  "identity_similarity_score_pct": 89.90145874023438,
  "iter": 1250,
  "jacobian_det_min": -0.12705552577972412,
  "l2_to_original": 0.07020270824432373,
  "learning_rate": 0.05,
  "legacy_fft_strength_equivalent": 0.0,
  "loss": -0.10098540782928467,
  "mse_to_original": 0.004928420763462782,
  "num_at_max_total": 3,
  "num_at_min_total": 1,
  "num_clamped_total": 4,
  "num_total_params": 132,
  "original_embedding_norm": 0.9999999403953552,
  "peak_vram_gb": 2.991054058074951,
  "perturbed_embedding_norm": 0.9999999403953552,
  "prompt": "add black sunglasses",
  "psnr_to_original": 23.072922214099158,
  "rolling_enabled": 1,
  "rolling_grad_norm": 0.0005597951821982861,
  "rolling_max_disp": 0.9013851881027222,
  "rolling_mean_disp": 0.3462154269218445,
  "rolling_num_at_max": 0,
  "rolling_num_at_min": 0,
  "rolling_p95_disp": 0.8359260559082031,
  "rolling_param_max": 0.994587242603302,
  "rolling_param_mean_abs": 0.5844481587409973,
  "rolling_param_min": -0.1743091195821762,
  "seconds_elapsed": 116.47424216009676,
  "seconds_iter": 0.07871049642562866,
  "seed": 67119,
  "smoothness_tv": 0.10045294463634491,
  "ssim_to_original": 0.9627119898796082,
  "total_geometry_grad_norm": 0.01009944174438715,
  "total_grad_norm": 0.01009944174438715,
  "tps_enabled": 1,
  "tps_grad_norm": 0.0017406819388270378,
  "tps_max_disp": 5.857458114624023,
  "tps_mean_disp": 2.056586503982544,
  "tps_num_at_max": 3,
  "tps_num_at_min": 1,
  "tps_p95_disp": 4.564762115478516,
  "tps_param_max": 4.0960001945495605,
  "tps_param_mean_abs": 0.9516105651855469,
  "tps_param_min": -4.0960001945495605
}
