{
  "Z": 0.10303342342376709,
  "best_Z_so_far": 0.10315835475921631,
  "best_iter_so_far": 3418,
  "case_id": "face_005__add_black_sunglasses",
  "combined_max_disp_px": 18.161706924438477,
  "combined_mean_disp_px": 4.56276273727417,
  "combined_p95_disp_px": 9.286883354187012,
  "components_at_boundary": "delaunay,tps",
  "dct_enabled": 1,
  "dct_grad_norm": 0.013966690748929977,
  "dct_max_disp": 18.536041259765625,
  "dct_mean_disp": 4.204710483551025,
  "dct_num_at_max": 0,
  "dct_num_at_min": 0,
  "dct_p95_disp": 8.047318458557129,
  "dct_param_max": 1.781320333480835,
  "dct_param_mean_abs": 0.8168826103210449,
  "dct_param_min": -1.9069610834121704,
  "delaunay_enabled": 1,
  "delaunay_grad_norm": 0.0022993055172264576,
  "delaunay_max_disp": 10.034269332885742,
  "delaunay_mean_disp": 1.768568754196167,
  "delaunay_num_at_max": 1,
  "delaunay_num_at_min": 0,
  "delaunay_p95_disp": 5.925719261169434,
  "delaunay_param_max": 7.679999828338623,
  "delaunay_param_mean_abs": 1.0257031917572021,
  "delaunay_param_min": -2.9679038524627686,
  "face_id": "face_005",
  "fft_phase_enabled": 0,
  "fft_phase_grad_norm": 0.0,
  "fft_phase_max_abs": 0.0,
  "fft_phase_mean_abs": 0.0,
  "fft_phase_norm": 0.0,
  "fft_phase_num_at_max": 0,
  "fft_phase_num_at_min": 0,
  "fft_phase_num_clamped": 0,
  "fft_spatial_delta_mse": 0.0,
  "foldover_fraction": 0.002796173095703125,
  "fraction_clamped_total": 0.045454545454545456,
  "identity_angle_degrees": 26.237842559814453,
  "identity_angle_radians": 0.45793673396110535,
  "identity_cosine_distance": 0.10303342342376709,
  "identity_cosine_similarity_raw": 0.8969665765762329,
  "identity_l2_embedding_distance": 0.45394596457481384,
  "identity_similarity_score_pct": 89.6966552734375,
  "iter": 3600,
  "jacobian_det_min": -0.6862320899963379,
  "l2_to_original": 0.07102654874324799,
  "learning_rate": 0.05,
  "legacy_fft_strength_equivalent": 0.0,
  "loss": -0.10303342342376709,
  "mse_to_original": 0.005044770427048206,
  "num_at_max_total": 4,
  "num_at_min_total": 2,
  "num_clamped_total": 6,
  "num_total_params": 132,
  "original_embedding_norm": 0.9999999403953552,
  "peak_vram_gb": 2.991054058074951,
  "perturbed_embedding_norm": 1.0,
  "prompt": "add black sunglasses",
  "psnr_to_original": 22.971585924666552,
  "rolling_enabled": 1,
  "rolling_grad_norm": 0.0029257875867187977,
  "rolling_max_disp": 0.586648166179657,
  "rolling_mean_disp": 0.1485673487186432,
  "rolling_num_at_max": 0,
  "rolling_num_at_min": 0,
  "rolling_p95_disp": 0.5225553512573242,
  "rolling_param_max": 0.6951782703399658,
  "rolling_param_mean_abs": 0.5005998611450195,
  "rolling_param_min": -0.30602145195007324,
  "seconds_elapsed": 332.9484275970608,
  "seconds_iter": 0.06934508681297302,
  "seed": 67119,
  "smoothness_tv": 0.1041303277015686,
  "ssim_to_original": 0.9618259072303772,
  "total_geometry_grad_norm": 0.014722485095262527,
  "total_grad_norm": 0.014722485095262527,
  "tps_enabled": 1,
  "tps_grad_norm": 0.002799299079924822,
  "tps_max_disp": 5.903573989868164,
  "tps_mean_disp": 2.376405715942383,
  "tps_num_at_max": 3,
  "tps_num_at_min": 2,
  "tps_p95_disp": 5.024936199188232,
  "tps_param_max": 4.0960001945495605,
  "tps_param_mean_abs": 1.0942667722702026,
  "tps_param_min": -4.0960001945495605
}
