{
  "Z": 0.0989605188369751,
  "best_Z_so_far": 0.09909451007843018,
  "best_iter_so_far": 3171,
  "case_id": "face_005__add_headphones",
  "combined_max_disp_px": 11.931390762329102,
  "combined_mean_disp_px": 4.189421653747559,
  "combined_p95_disp_px": 8.877610206604004,
  "components_at_boundary": "tps",
  "dct_enabled": 1,
  "dct_grad_norm": 0.018045859411358833,
  "dct_max_disp": 8.993956565856934,
  "dct_mean_disp": 3.4303786754608154,
  "dct_num_at_max": 0,
  "dct_num_at_min": 0,
  "dct_p95_disp": 6.900668144226074,
  "dct_param_max": 1.0874253511428833,
  "dct_param_mean_abs": 0.6262009143829346,
  "dct_param_min": -1.6606465578079224,
  "delaunay_enabled": 1,
  "delaunay_grad_norm": 0.0032615165691822767,
  "delaunay_max_disp": 8.417055130004883,
  "delaunay_mean_disp": 1.4956077337265015,
  "delaunay_num_at_max": 0,
  "delaunay_num_at_min": 0,
  "delaunay_p95_disp": 5.206732749938965,
  "delaunay_param_max": 6.828455448150635,
  "delaunay_param_mean_abs": 0.7551111578941345,
  "delaunay_param_min": -1.2266781330108643,
  "face_id": "face_005",
  "fft_phase_enabled": 0,
  "fft_phase_grad_norm": 0.0,
  "fft_phase_max_abs": 0.0,
  "fft_phase_mean_abs": 0.0,
  "fft_phase_norm": 0.0,
  "fft_phase_num_at_max": 0,
  "fft_phase_num_at_min": 0,
  "fft_phase_num_clamped": 0,
  "fft_spatial_delta_mse": 0.0,
  "foldover_fraction": 0.0,
  "fraction_clamped_total": 0.045454545454545456,
  "identity_angle_degrees": 25.704959869384766,
  "identity_angle_radians": 0.44863617420196533,
  "identity_cosine_distance": 0.0989605188369751,
  "identity_cosine_similarity_raw": 0.9010394811630249,
  "identity_l2_embedding_distance": 0.4448833465576172,
  "identity_similarity_score_pct": 90.10395050048828,
  "iter": 3250,
  "jacobian_det_min": 0.4730689525604248,
  "l2_to_original": 0.07158062607049942,
  "learning_rate": 0.05,
  "legacy_fft_strength_equivalent": 0.0,
  "loss": -0.0989605188369751,
  "mse_to_original": 0.00512378616258502,
  "num_at_max_total": 2,
  "num_at_min_total": 4,
  "num_clamped_total": 6,
  "num_total_params": 132,
  "original_embedding_norm": 0.9999999403953552,
  "peak_vram_gb": 2.993251323699951,
  "perturbed_embedding_norm": 0.9999999403953552,
  "prompt": "add headphones",
  "psnr_to_original": 22.904090035072148,
  "rolling_enabled": 1,
  "rolling_grad_norm": 0.0048163584433496,
  "rolling_max_disp": 2.050138473510742,
  "rolling_mean_disp": 1.213928461074829,
  "rolling_num_at_max": 0,
  "rolling_num_at_min": 0,
  "rolling_p95_disp": 2.012831687927246,
  "rolling_param_max": 2.0912649631500244,
  "rolling_param_mean_abs": 1.2582958936691284,
  "rolling_param_min": 0.42532676458358765,
  "seconds_elapsed": 299.3357297424227,
  "seconds_iter": 0.08307360298931599,
  "seed": 405993,
  "smoothness_tv": 0.08659970015287399,
  "ssim_to_original": 0.9612780809402466,
  "total_geometry_grad_norm": 0.01938522979617119,
  "total_grad_norm": 0.01938522979617119,
  "tps_enabled": 1,
  "tps_grad_norm": 0.004037236794829369,
  "tps_max_disp": 6.880500316619873,
  "tps_mean_disp": 2.626331090927124,
  "tps_num_at_max": 2,
  "tps_num_at_min": 4,
  "tps_p95_disp": 5.64585018157959,
  "tps_param_max": 4.0960001945495605,
  "tps_param_mean_abs": 1.1179970502853394,
  "tps_param_min": -4.0960001945495605
}
