{
  "Z": 0.10280871391296387,
  "best_Z_so_far": 0.10295063257217407,
  "best_iter_so_far": 2764,
  "case_id": "face_005__add_black_sunglasses",
  "combined_max_disp_px": 17.863121032714844,
  "combined_mean_disp_px": 4.5531907081604,
  "combined_p95_disp_px": 9.263700485229492,
  "components_at_boundary": "delaunay,tps",
  "dct_enabled": 1,
  "dct_grad_norm": 0.012899828143417835,
  "dct_max_disp": 18.24302101135254,
  "dct_mean_disp": 4.112313270568848,
  "dct_num_at_max": 0,
  "dct_num_at_min": 0,
  "dct_p95_disp": 8.076419830322266,
  "dct_param_max": 1.7359108924865723,
  "dct_param_mean_abs": 0.8042157888412476,
  "dct_param_min": -1.9130865335464478,
  "delaunay_enabled": 1,
  "delaunay_grad_norm": 0.0021103685721755028,
  "delaunay_max_disp": 9.757658958435059,
  "delaunay_mean_disp": 1.7066059112548828,
  "delaunay_num_at_max": 1,
  "delaunay_num_at_min": 0,
  "delaunay_p95_disp": 5.600191116333008,
  "delaunay_param_max": 7.679999828338623,
  "delaunay_param_mean_abs": 0.9656533598899841,
  "delaunay_param_min": -3.2033185958862305,
  "face_id": "face_005",
  "fft_phase_enabled": 0,
  "fft_phase_grad_norm": 0.0,
  "fft_phase_max_abs": 0.0,
  "fft_phase_mean_abs": 0.0,
  "fft_phase_norm": 0.0,
  "fft_phase_num_at_max": 0,
  "fft_phase_num_at_min": 0,
  "fft_phase_num_clamped": 0,
  "fft_spatial_delta_mse": 0.0,
  "foldover_fraction": 0.0027313232421875,
  "fraction_clamped_total": 0.06060606060606061,
  "identity_angle_degrees": 26.208703994750977,
  "identity_angle_radians": 0.4574281871318817,
  "identity_cosine_distance": 0.10280871391296387,
  "identity_cosine_similarity_raw": 0.8971912860870361,
  "identity_l2_embedding_distance": 0.4534507691860199,
  "identity_similarity_score_pct": 89.71913146972656,
  "iter": 2825,
  "jacobian_det_min": -0.6595394611358643,
  "l2_to_original": 0.07071821391582489,
  "learning_rate": 0.05,
  "legacy_fft_strength_equivalent": 0.0,
  "loss": -0.10280871391296387,
  "mse_to_original": 0.0050010657869279385,
  "num_at_max_total": 4,
  "num_at_min_total": 4,
  "num_clamped_total": 8,
  "num_total_params": 132,
  "original_embedding_norm": 0.9999999403953552,
  "peak_vram_gb": 2.991054058074951,
  "perturbed_embedding_norm": 1.0,
  "prompt": "add black sunglasses",
  "psnr_to_original": 23.009374324525595,
  "rolling_enabled": 1,
  "rolling_grad_norm": 0.0052424645982682705,
  "rolling_max_disp": 0.6342357397079468,
  "rolling_mean_disp": 0.3870457410812378,
  "rolling_num_at_max": 0,
  "rolling_num_at_min": 0,
  "rolling_p95_disp": 0.6260658502578735,
  "rolling_param_max": 0.6339176297187805,
  "rolling_param_mean_abs": 0.388884961605072,
  "rolling_param_min": 0.14385227859020233,
  "seconds_elapsed": 262.29736759886146,
  "seconds_iter": 0.0713909100741148,
  "seed": 67119,
  "smoothness_tv": 0.10399974137544632,
  "ssim_to_original": 0.9621644020080566,
  "total_geometry_grad_norm": 0.014332513324916363,
  "total_grad_norm": 0.014332513324916363,
  "tps_enabled": 1,
  "tps_grad_norm": 0.0026605057064443827,
  "tps_max_disp": 5.862757682800293,
  "tps_mean_disp": 2.3835182189941406,
  "tps_num_at_max": 3,
  "tps_num_at_min": 4,
  "tps_p95_disp": 5.021160125732422,
  "tps_param_max": 4.0960001945495605,
  "tps_param_mean_abs": 1.0820982456207275,
  "tps_param_min": -4.0960001945495605
}
