{
  "Z": 0.06250959634780884,
  "best_Z_so_far": 0.06252795457839966,
  "best_iter_so_far": 905,
  "case_id": "face_002__add_headphones",
  "combined_max_disp_px": 7.207785129547119,
  "combined_mean_disp_px": 2.9840593338012695,
  "combined_p95_disp_px": 5.645898342132568,
  "components_at_boundary": "",
  "dct_enabled": 1,
  "dct_grad_norm": 0.01675083115696907,
  "dct_max_disp": 5.956080436706543,
  "dct_mean_disp": 2.6472935676574707,
  "dct_num_at_max": 0,
  "dct_num_at_min": 0,
  "dct_p95_disp": 5.139919757843018,
  "dct_param_max": 0.9244722723960876,
  "dct_param_mean_abs": 0.49430543184280396,
  "dct_param_min": -1.0747302770614624,
  "delaunay_enabled": 1,
  "delaunay_grad_norm": 0.0023078955709934235,
  "delaunay_max_disp": 7.911192893981934,
  "delaunay_mean_disp": 1.6031975746154785,
  "delaunay_num_at_max": 0,
  "delaunay_num_at_min": 0,
  "delaunay_p95_disp": 5.227893829345703,
  "delaunay_param_max": 4.682851791381836,
  "delaunay_param_mean_abs": 0.7827603220939636,
  "delaunay_param_min": -7.647727012634277,
  "face_id": "face_002",
  "fft_phase_enabled": 0,
  "fft_phase_grad_norm": 0.0,
  "fft_phase_max_abs": 0.0,
  "fft_phase_mean_abs": 0.0,
  "fft_phase_norm": 0.0,
  "fft_phase_num_at_max": 0,
  "fft_phase_num_at_min": 0,
  "fft_phase_num_clamped": 0,
  "fft_spatial_delta_mse": 0.0,
  "foldover_fraction": 0.0,
  "fraction_clamped_total": 0.0,
  "identity_angle_degrees": 20.36571502685547,
  "identity_angle_radians": 0.35544878244400024,
  "identity_cosine_distance": 0.06250959634780884,
  "identity_cosine_similarity_raw": 0.9374904036521912,
  "identity_l2_embedding_distance": 0.3535807430744171,
  "identity_similarity_score_pct": 93.74903869628906,
  "iter": 925,
  "jacobian_det_min": 0.4591527283191681,
  "l2_to_original": 0.059950586408376694,
  "learning_rate": 0.05,
  "legacy_fft_strength_equivalent": 0.0,
  "loss": -0.06250959634780884,
  "mse_to_original": 0.003594073001295328,
  "num_at_max_total": 0,
  "num_at_min_total": 0,
  "num_clamped_total": 0,
  "num_total_params": 132,
  "original_embedding_norm": 1.0,
  "peak_vram_gb": 2.987697124481201,
  "perturbed_embedding_norm": 0.9999999403953552,
  "prompt": "add headphones",
  "psnr_to_original": 24.444131059310653,
  "rolling_enabled": 1,
  "rolling_grad_norm": 0.0028149390127509832,
  "rolling_max_disp": 0.8996766805648804,
  "rolling_mean_disp": 0.5238460302352905,
  "rolling_num_at_max": 0,
  "rolling_num_at_min": 0,
  "rolling_p95_disp": 0.8948200345039368,
  "rolling_param_max": 1.1476387977600098,
  "rolling_param_mean_abs": 1.2893387079238892,
  "rolling_param_min": -1.4310386180877686,
  "seconds_elapsed": 82.18305462226272,
  "seconds_iter": 0.07787934504449368,
  "seed": 438717,
  "smoothness_tv": 0.059297770261764526,
  "ssim_to_original": 0.9726079702377319,
  "total_geometry_grad_norm": 0.017401013523340225,
  "total_grad_norm": 0.017401013523340225,
  "tps_enabled": 1,
  "tps_grad_norm": 0.002992442110553384,
  "tps_max_disp": 4.381523132324219,
  "tps_mean_disp": 1.1955865621566772,
  "tps_num_at_max": 0,
  "tps_num_at_min": 0,
  "tps_p95_disp": 3.052673101425171,
  "tps_param_max": 2.481252908706665,
  "tps_param_mean_abs": 0.5347368121147156,
  "tps_param_min": -3.325688123703003
}
