{
  "Z": 0.1009589433670044,
  "best_Z_so_far": 0.10102438926696777,
  "best_iter_so_far": 1219,
  "case_id": "face_005__add_black_sunglasses",
  "combined_max_disp_px": 12.897311210632324,
  "combined_mean_disp_px": 4.3825578689575195,
  "combined_p95_disp_px": 8.79017448425293,
  "components_at_boundary": "tps",
  "dct_enabled": 1,
  "dct_grad_norm": 0.012276897206902504,
  "dct_max_disp": 13.373942375183105,
  "dct_mean_disp": 3.6626157760620117,
  "dct_num_at_max": 0,
  "dct_num_at_min": 0,
  "dct_p95_disp": 7.362715244293213,
  "dct_param_max": 1.4182580709457397,
  "dct_param_mean_abs": 0.7134764790534973,
  "dct_param_min": -1.7135757207870483,
  "delaunay_enabled": 1,
  "delaunay_grad_norm": 0.0023078201338648796,
  "delaunay_max_disp": 8.145389556884766,
  "delaunay_mean_disp": 1.4737548828125,
  "delaunay_num_at_max": 0,
  "delaunay_num_at_min": 0,
  "delaunay_p95_disp": 4.411982536315918,
  "delaunay_param_max": 5.777618885040283,
  "delaunay_param_mean_abs": 0.8322421312332153,
  "delaunay_param_min": -3.6689891815185547,
  "face_id": "face_005",
  "fft_phase_enabled": 0,
  "fft_phase_grad_norm": 0.0,
  "fft_phase_max_abs": 0.0,
  "fft_phase_mean_abs": 0.0,
  "fft_phase_norm": 0.0,
  "fft_phase_num_at_max": 0,
  "fft_phase_num_at_min": 0,
  "fft_phase_num_clamped": 0,
  "fft_spatial_delta_mse": 0.0,
  "foldover_fraction": 0.00064849853515625,
  "fraction_clamped_total": 0.030303030303030304,
  "identity_angle_degrees": 25.967697143554688,
  "identity_angle_radians": 0.45322179794311523,
  "identity_cosine_distance": 0.1009589433670044,
  "identity_cosine_similarity_raw": 0.8990410566329956,
  "identity_l2_embedding_distance": 0.4493529796600342,
  "identity_similarity_score_pct": 89.90410614013672,
  "iter": 1225,
  "jacobian_det_min": -0.13065123558044434,
  "l2_to_original": 0.07022369652986526,
  "learning_rate": 0.05,
  "legacy_fft_strength_equivalent": 0.0,
  "loss": -0.1009589433670044,
  "mse_to_original": 0.004931367933750153,
  "num_at_max_total": 3,
  "num_at_min_total": 1,
  "num_clamped_total": 4,
  "num_total_params": 132,
  "original_embedding_norm": 0.9999999403953552,
  "peak_vram_gb": 2.991054058074951,
  "perturbed_embedding_norm": 1.0,
  "prompt": "add black sunglasses",
  "psnr_to_original": 23.070325931621998,
  "rolling_enabled": 1,
  "rolling_grad_norm": 0.0016102648805826902,
  "rolling_max_disp": 0.9184844493865967,
  "rolling_mean_disp": 0.33591294288635254,
  "rolling_num_at_max": 0,
  "rolling_num_at_min": 0,
  "rolling_p95_disp": 0.8514949083328247,
  "rolling_param_max": 1.018315076828003,
  "rolling_param_mean_abs": 0.6139782071113586,
  "rolling_param_min": -0.20964135229587555,
  "seconds_elapsed": 114.11813143268228,
  "seconds_iter": 0.0678283404558897,
  "seed": 67119,
  "smoothness_tv": 0.10042548179626465,
  "ssim_to_original": 0.9626892805099487,
  "total_geometry_grad_norm": 0.012873108498752117,
  "total_grad_norm": 0.012873108498752117,
  "tps_enabled": 1,
  "tps_grad_norm": 0.0026600256096571684,
  "tps_max_disp": 5.860208511352539,
  "tps_mean_disp": 2.0526604652404785,
  "tps_num_at_max": 3,
  "tps_num_at_min": 1,
  "tps_p95_disp": 4.563268661499023,
  "tps_param_max": 4.0960001945495605,
  "tps_param_mean_abs": 0.9495570063591003,
  "tps_param_min": -4.0960001945495605
}
