{
  "Z": 0.09901213645935059,
  "best_Z_so_far": 0.09909451007843018,
  "best_iter_so_far": 3171,
  "case_id": "face_005__add_headphones",
  "combined_max_disp_px": 11.920733451843262,
  "combined_mean_disp_px": 4.185673236846924,
  "combined_p95_disp_px": 8.859640121459961,
  "components_at_boundary": "tps",
  "dct_enabled": 1,
  "dct_grad_norm": 0.011673308908939362,
  "dct_max_disp": 8.98993968963623,
  "dct_mean_disp": 3.4317665100097656,
  "dct_num_at_max": 0,
  "dct_num_at_min": 0,
  "dct_p95_disp": 6.896850109100342,
  "dct_param_max": 1.0905694961547852,
  "dct_param_mean_abs": 0.6271849274635315,
  "dct_param_min": -1.6545946598052979,
  "delaunay_enabled": 1,
  "delaunay_grad_norm": 0.0018400312401354313,
  "delaunay_max_disp": 8.416742324829102,
  "delaunay_mean_disp": 1.503814458847046,
  "delaunay_num_at_max": 0,
  "delaunay_num_at_min": 0,
  "delaunay_p95_disp": 5.205992698669434,
  "delaunay_param_max": 6.827743053436279,
  "delaunay_param_mean_abs": 0.7551529407501221,
  "delaunay_param_min": -1.2350337505340576,
  "face_id": "face_005",
  "fft_phase_enabled": 0,
  "fft_phase_grad_norm": 0.0,
  "fft_phase_max_abs": 0.0,
  "fft_phase_mean_abs": 0.0,
  "fft_phase_norm": 0.0,
  "fft_phase_num_at_max": 0,
  "fft_phase_num_at_min": 0,
  "fft_phase_num_clamped": 0,
  "fft_spatial_delta_mse": 0.0,
  "foldover_fraction": 0.0,
  "fraction_clamped_total": 0.06060606060606061,
  "identity_angle_degrees": 25.71177864074707,
  "identity_angle_radians": 0.4487551748752594,
  "identity_cosine_distance": 0.09901213645935059,
  "identity_cosine_similarity_raw": 0.9009878635406494,
  "identity_l2_embedding_distance": 0.4449993371963501,
  "identity_similarity_score_pct": 90.09878540039062,
  "iter": 3825,
  "jacobian_det_min": 0.471762478351593,
  "l2_to_original": 0.07157811522483826,
  "learning_rate": 0.05,
  "legacy_fft_strength_equivalent": 0.0,
  "loss": -0.09901213645935059,
  "mse_to_original": 0.0051234266720712185,
  "num_at_max_total": 3,
  "num_at_min_total": 5,
  "num_clamped_total": 8,
  "num_total_params": 132,
  "original_embedding_norm": 0.9999999403953552,
  "peak_vram_gb": 2.993251323699951,
  "perturbed_embedding_norm": 1.0,
  "prompt": "add headphones",
  "psnr_to_original": 22.904394751581943,
  "rolling_enabled": 1,
  "rolling_grad_norm": 0.002006953116506338,
  "rolling_max_disp": 2.065901517868042,
  "rolling_mean_disp": 1.1994233131408691,
  "rolling_num_at_max": 0,
  "rolling_num_at_min": 0,
  "rolling_p95_disp": 2.0213205814361572,
  "rolling_param_max": 2.1215615272521973,
  "rolling_param_mean_abs": 1.2542212009429932,
  "rolling_param_min": 0.3868809938430786,
  "seconds_elapsed": 352.49414899758995,
  "seconds_iter": 0.0651657935231924,
  "seed": 405993,
  "smoothness_tv": 0.08663322776556015,
  "ssim_to_original": 0.9612805247306824,
  "total_geometry_grad_norm": 0.012206687591969967,
  "total_grad_norm": 0.012206687591969967,
  "tps_enabled": 1,
  "tps_grad_norm": 0.0023072753101587296,
  "tps_max_disp": 6.887632846832275,
  "tps_mean_disp": 2.6297097206115723,
  "tps_num_at_max": 3,
  "tps_num_at_min": 5,
  "tps_p95_disp": 5.650676250457764,
  "tps_param_max": 4.0960001945495605,
  "tps_param_mean_abs": 1.1185587644577026,
  "tps_param_min": -4.0960001945495605
}
