{
  "Z": 0.102993905544281,
  "best_Z_so_far": 0.10318881273269653,
  "best_iter_so_far": 3707,
  "case_id": "face_005__add_black_sunglasses",
  "combined_max_disp_px": 18.193523406982422,
  "combined_mean_disp_px": 4.560871124267578,
  "combined_p95_disp_px": 9.283507347106934,
  "components_at_boundary": "delaunay,tps",
  "dct_enabled": 1,
  "dct_grad_norm": 0.017979232594370842,
  "dct_max_disp": 18.559463500976562,
  "dct_mean_disp": 4.229160785675049,
  "dct_num_at_max": 0,
  "dct_num_at_min": 0,
  "dct_p95_disp": 8.074195861816406,
  "dct_param_max": 1.7824203968048096,
  "dct_param_mean_abs": 0.8182157278060913,
  "dct_param_min": -1.9226523637771606,
  "delaunay_enabled": 1,
  "delaunay_grad_norm": 0.0027836838271468878,
  "delaunay_max_disp": 10.050406455993652,
  "delaunay_mean_disp": 1.7701224088668823,
  "delaunay_num_at_max": 1,
  "delaunay_num_at_min": 0,
  "delaunay_p95_disp": 5.935336589813232,
  "delaunay_param_max": 7.679999828338623,
  "delaunay_param_mean_abs": 1.0296357870101929,
  "delaunay_param_min": -2.948467493057251,
  "face_id": "face_005",
  "fft_phase_enabled": 0,
  "fft_phase_grad_norm": 0.0,
  "fft_phase_max_abs": 0.0,
  "fft_phase_mean_abs": 0.0,
  "fft_phase_norm": 0.0,
  "fft_phase_num_at_max": 0,
  "fft_phase_num_at_min": 0,
  "fft_phase_num_clamped": 0,
  "fft_spatial_delta_mse": 0.0,
  "foldover_fraction": 0.00279998779296875,
  "fraction_clamped_total": 0.030303030303030304,
  "identity_angle_degrees": 26.23271942138672,
  "identity_angle_radians": 0.45784732699394226,
  "identity_cosine_distance": 0.102993905544281,
  "identity_cosine_similarity_raw": 0.897006094455719,
  "identity_l2_embedding_distance": 0.45385879278182983,
  "identity_similarity_score_pct": 89.70060729980469,
  "iter": 4000,
  "jacobian_det_min": -0.689021646976471,
  "l2_to_original": 0.07106273621320724,
  "learning_rate": 0.05,
  "legacy_fft_strength_equivalent": 0.0,
  "loss": -0.102993905544281,
  "mse_to_original": 0.005049912258982658,
  "num_at_max_total": 3,
  "num_at_min_total": 1,
  "num_clamped_total": 4,
  "num_total_params": 132,
  "original_embedding_norm": 0.9999999403953552,
  "peak_vram_gb": 2.991054058074951,
  "perturbed_embedding_norm": 1.0,
  "prompt": "add black sunglasses",
  "psnr_to_original": 22.967161675785075,
  "rolling_enabled": 1,
  "rolling_grad_norm": 0.0010650469921529293,
  "rolling_max_disp": 0.5491152405738831,
  "rolling_mean_disp": 0.1408039927482605,
  "rolling_num_at_max": 0,
  "rolling_num_at_min": 0,
  "rolling_p95_disp": 0.48590734601020813,
  "rolling_param_max": 0.6619939804077148,
  "rolling_param_mean_abs": 0.506029486656189,
  "rolling_param_min": -0.3500649929046631,
  "seconds_elapsed": 368.6121962964535,
  "seconds_iter": 0.0673409104347229,
  "seed": 67119,
  "smoothness_tv": 0.10416556894779205,
  "ssim_to_original": 0.9617870450019836,
  "total_geometry_grad_norm": 0.018554378300905228,
  "total_grad_norm": 0.018554378300905228,
  "tps_enabled": 1,
  "tps_grad_norm": 0.003482667962089181,
  "tps_max_disp": 5.908716201782227,
  "tps_mean_disp": 2.3792786598205566,
  "tps_num_at_max": 2,
  "tps_num_at_min": 1,
  "tps_p95_disp": 5.026185512542725,
  "tps_param_max": 4.0960001945495605,
  "tps_param_mean_abs": 1.0970128774642944,
  "tps_param_min": -4.0960001945495605
}
