{
  "Z": 0.06775933504104614,
  "best_Z_so_far": 0.06787139177322388,
  "best_iter_so_far": 4906,
  "case_id": "face_002__add_headphones",
  "combined_max_disp_px": 7.116857051849365,
  "combined_mean_disp_px": 3.0352091789245605,
  "combined_p95_disp_px": 5.887572765350342,
  "components_at_boundary": "tps",
  "dct_enabled": 1,
  "dct_grad_norm": 0.02050923742353916,
  "dct_max_disp": 7.509344577789307,
  "dct_mean_disp": 2.8351049423217773,
  "dct_num_at_max": 0,
  "dct_num_at_min": 0,
  "dct_p95_disp": 5.627405643463135,
  "dct_param_max": 1.2408689260482788,
  "dct_param_mean_abs": 0.4915038049221039,
  "dct_param_min": -1.567156195640564,
  "delaunay_enabled": 1,
  "delaunay_grad_norm": 0.0024078006390482187,
  "delaunay_max_disp": 7.986254692077637,
  "delaunay_mean_disp": 2.1592400074005127,
  "delaunay_num_at_max": 0,
  "delaunay_num_at_min": 0,
  "delaunay_p95_disp": 5.485716819763184,
  "delaunay_param_max": 5.543112754821777,
  "delaunay_param_mean_abs": 1.18674898147583,
  "delaunay_param_min": -6.394504070281982,
  "face_id": "face_002",
  "fft_phase_enabled": 0,
  "fft_phase_grad_norm": 0.0,
  "fft_phase_max_abs": 0.0,
  "fft_phase_mean_abs": 0.0,
  "fft_phase_norm": 0.0,
  "fft_phase_num_at_max": 0,
  "fft_phase_num_at_min": 0,
  "fft_phase_num_clamped": 0,
  "fft_spatial_delta_mse": 0.0,
  "foldover_fraction": 0.0,
  "fraction_clamped_total": 0.022727272727272728,
  "identity_angle_degrees": 21.213167190551758,
  "identity_angle_radians": 0.37023961544036865,
  "identity_cosine_distance": 0.06775933504104614,
  "identity_cosine_similarity_raw": 0.9322406649589539,
  "identity_l2_embedding_distance": 0.3681286573410034,
  "identity_similarity_score_pct": 93.22406768798828,
  "iter": 4925,
  "jacobian_det_min": 0.3325730264186859,
  "l2_to_original": 0.059272002428770065,
  "learning_rate": 0.05,
  "legacy_fft_strength_equivalent": 0.0,
  "loss": -0.06775933504104614,
  "mse_to_original": 0.0035131704062223434,
  "num_at_max_total": 1,
  "num_at_min_total": 2,
  "num_clamped_total": 3,
  "num_total_params": 132,
  "original_embedding_norm": 1.0,
  "peak_vram_gb": 2.987697124481201,
  "perturbed_embedding_norm": 0.9999999403953552,
  "prompt": "add headphones",
  "psnr_to_original": 24.54300784256601,
  "rolling_enabled": 1,
  "rolling_grad_norm": 0.002780716633424163,
  "rolling_max_disp": 1.0161640644073486,
  "rolling_mean_disp": 0.4178011417388916,
  "rolling_num_at_max": 0,
  "rolling_num_at_min": 0,
  "rolling_p95_disp": 0.8496025800704956,
  "rolling_param_max": 1.3309258222579956,
  "rolling_param_mean_abs": 1.2748267650604248,
  "rolling_param_min": -1.2187275886535645,
  "seconds_elapsed": 439.4425753634423,
  "seconds_iter": 0.06761161051690578,
  "seed": 438717,
  "smoothness_tv": 0.06235036998987198,
  "ssim_to_original": 0.9732387661933899,
  "total_geometry_grad_norm": 0.02100639045238495,
  "total_grad_norm": 0.02100639045238495,
  "tps_enabled": 1,
  "tps_grad_norm": 0.002666402142494917,
  "tps_max_disp": 5.763707637786865,
  "tps_mean_disp": 1.7959119081497192,
  "tps_num_at_max": 1,
  "tps_num_at_min": 2,
  "tps_p95_disp": 4.304771423339844,
  "tps_param_max": 4.0960001945495605,
  "tps_param_mean_abs": 0.8035433888435364,
  "tps_param_min": -4.0960001945495605
}
