{
  "Z": 0.06742089986801147,
  "best_Z_so_far": 0.06757193803787231,
  "best_iter_so_far": 1886,
  "case_id": "face_002__add_headphones",
  "combined_max_disp_px": 7.092741966247559,
  "combined_mean_disp_px": 3.0084617137908936,
  "combined_p95_disp_px": 5.8584113121032715,
  "components_at_boundary": "tps",
  "dct_enabled": 1,
  "dct_grad_norm": 0.017188284546136856,
  "dct_max_disp": 6.816651821136475,
  "dct_mean_disp": 2.6427600383758545,
  "dct_num_at_max": 0,
  "dct_num_at_min": 0,
  "dct_p95_disp": 5.277279376983643,
  "dct_param_max": 1.0467784404754639,
  "dct_param_mean_abs": 0.4803110659122467,
  "dct_param_min": -1.280105471611023,
  "delaunay_enabled": 1,
  "delaunay_grad_norm": 0.0024870485067367554,
  "delaunay_max_disp": 8.421923637390137,
  "delaunay_mean_disp": 2.058253765106201,
  "delaunay_num_at_max": 0,
  "delaunay_num_at_min": 0,
  "delaunay_p95_disp": 5.468832969665527,
  "delaunay_param_max": 5.392425060272217,
  "delaunay_param_mean_abs": 1.1223243474960327,
  "delaunay_param_min": -6.592858791351318,
  "face_id": "face_002",
  "fft_phase_enabled": 0,
  "fft_phase_grad_norm": 0.0,
  "fft_phase_max_abs": 0.0,
  "fft_phase_mean_abs": 0.0,
  "fft_phase_norm": 0.0,
  "fft_phase_num_at_max": 0,
  "fft_phase_num_at_min": 0,
  "fft_phase_num_clamped": 0,
  "fft_spatial_delta_mse": 0.0,
  "foldover_fraction": 0.0,
  "fraction_clamped_total": 0.022727272727272728,
  "identity_angle_degrees": 21.159515380859375,
  "identity_angle_radians": 0.3693031966686249,
  "identity_cosine_distance": 0.06742089986801147,
  "identity_cosine_similarity_raw": 0.9325791001319885,
  "identity_l2_embedding_distance": 0.3672080934047699,
  "identity_similarity_score_pct": 93.2579116821289,
  "iter": 1900,
  "jacobian_det_min": 0.3673849403858185,
  "l2_to_original": 0.059094108641147614,
  "learning_rate": 0.05,
  "legacy_fft_strength_equivalent": 0.0,
  "loss": -0.06742089986801147,
  "mse_to_original": 0.003492113668471575,
  "num_at_max_total": 1,
  "num_at_min_total": 2,
  "num_clamped_total": 3,
  "num_total_params": 132,
  "original_embedding_norm": 1.0,
  "peak_vram_gb": 2.987697124481201,
  "perturbed_embedding_norm": 1.0,
  "prompt": "add headphones",
  "psnr_to_original": 24.56911628429659,
  "rolling_enabled": 1,
  "rolling_grad_norm": 0.005638996604830027,
  "rolling_max_disp": 1.1471233367919922,
  "rolling_mean_disp": 0.6575124263763428,
  "rolling_num_at_max": 0,
  "rolling_num_at_min": 0,
  "rolling_p95_disp": 1.141108751296997,
  "rolling_param_max": 1.28422212600708,
  "rolling_param_mean_abs": 1.5177743434906006,
  "rolling_param_min": -1.751326560974121,
  "seconds_elapsed": 173.5093785803765,
  "seconds_iter": 0.08153469115495682,
  "seed": 438717,
  "smoothness_tv": 0.06167590618133545,
  "ssim_to_original": 0.9733965396881104,
  "total_geometry_grad_norm": 0.018529677763581276,
  "total_grad_norm": 0.018529677763581276,
  "tps_enabled": 1,
  "tps_grad_norm": 0.003150900127366185,
  "tps_max_disp": 5.007971286773682,
  "tps_mean_disp": 1.701924204826355,
  "tps_num_at_max": 1,
  "tps_num_at_min": 2,
  "tps_p95_disp": 4.040408611297607,
  "tps_param_max": 4.0960001945495605,
  "tps_param_mean_abs": 0.7209847569465637,
  "tps_param_min": -4.0960001945495605
}
