{
  "Z": 0.024674594402313232,
  "best_Z_so_far": 0.024674594402313232,
  "best_iter_so_far": 150,
  "case_id": "face_005__add_headphones",
  "combined_max_disp_px": 11.526384353637695,
  "combined_mean_disp_px": 3.998356819152832,
  "combined_p95_disp_px": 7.442129611968994,
  "components_at_boundary": "",
  "dct_enabled": 1,
  "dct_grad_norm": 0.0027341537643224,
  "dct_max_disp": 11.157572746276855,
  "dct_mean_disp": 3.2495546340942383,
  "dct_num_at_max": 0,
  "dct_num_at_min": 0,
  "dct_p95_disp": 6.529785633087158,
  "dct_param_max": 1.317489743232727,
  "dct_param_mean_abs": 0.6251949667930603,
  "dct_param_min": -1.6676512956619263,
  "delaunay_enabled": 1,
  "delaunay_grad_norm": 0.0005419841618277133,
  "delaunay_max_disp": 2.5801565647125244,
  "delaunay_mean_disp": 0.584661602973938,
  "delaunay_num_at_max": 0,
  "delaunay_num_at_min": 0,
  "delaunay_p95_disp": 1.5760018825531006,
  "delaunay_param_max": 2.5899498462677,
  "delaunay_param_mean_abs": 0.3240998685359955,
  "delaunay_param_min": -1.742537021636963,
  "face_id": "face_005",
  "fft_phase_enabled": 0,
  "fft_phase_grad_norm": 0.0,
  "fft_phase_max_abs": 0.0,
  "fft_phase_mean_abs": 0.0,
  "fft_phase_norm": 0.0,
  "fft_phase_num_at_max": 0,
  "fft_phase_num_at_min": 0,
  "fft_phase_num_clamped": 0,
  "fft_spatial_delta_mse": 0.0,
  "foldover_fraction": 0.0,
  "fraction_clamped_total": 0.0,
  "identity_angle_degrees": 12.754390716552734,
  "identity_angle_radians": 0.2226061075925827,
  "identity_cosine_distance": 0.024674594402313232,
  "identity_cosine_similarity_raw": 0.9753254055976868,
  "identity_l2_embedding_distance": 0.22214700281620026,
  "identity_similarity_score_pct": 97.53253936767578,
  "iter": 150,
  "jacobian_det_min": 0.032809700816869736,
  "l2_to_original": 0.06764516234397888,
  "learning_rate": 0.05,
  "legacy_fft_strength_equivalent": 0.0,
  "loss": -0.024674594402313232,
  "mse_to_original": 0.004575868137180805,
  "num_at_max_total": 0,
  "num_at_min_total": 0,
  "num_clamped_total": 0,
  "num_total_params": 132,
  "original_embedding_norm": 0.9999999403953552,
  "peak_vram_gb": 2.995509624481201,
  "perturbed_embedding_norm": 1.0,
  "prompt": "add headphones",
  "psnr_to_original": 23.39526499101368,
  "rolling_enabled": 1,
  "rolling_grad_norm": 0.0008995038224384189,
  "rolling_max_disp": 0.3290025591850281,
  "rolling_mean_disp": 0.08611873537302017,
  "rolling_num_at_max": 0,
  "rolling_num_at_min": 0,
  "rolling_p95_disp": 0.2960360050201416,
  "rolling_param_max": 0.15659169852733612,
  "rolling_param_mean_abs": 0.27071455121040344,
  "rolling_param_min": -0.38483741879463196,
  "seconds_elapsed": 13.890919024124742,
  "seconds_iter": 0.06616213917732239,
  "seed": 405993,
  "smoothness_tv": 0.08376730233430862,
  "ssim_to_original": 0.965350866317749,
  "total_geometry_grad_norm": 0.0029835726600140333,
  "total_grad_norm": 0.0029835726600140333,
  "tps_enabled": 1,
  "tps_grad_norm": 0.0005685556679964066,
  "tps_max_disp": 2.573481321334839,
  "tps_mean_disp": 0.8794012665748596,
  "tps_num_at_max": 0,
  "tps_num_at_min": 0,
  "tps_p95_disp": 1.925299048423767,
  "tps_param_max": 2.5296030044555664,
  "tps_param_mean_abs": 0.37496161460876465,
  "tps_param_min": -1.9138514995574951
}
