{
  "Z": 0.1029273271560669,
  "best_Z_so_far": 0.1032065749168396,
  "best_iter_so_far": 4231,
  "case_id": "face_005__add_black_sunglasses",
  "combined_max_disp_px": 18.20614242553711,
  "combined_mean_disp_px": 4.559665203094482,
  "combined_p95_disp_px": 9.290356636047363,
  "components_at_boundary": "delaunay,tps",
  "dct_enabled": 1,
  "dct_grad_norm": 0.018765872344374657,
  "dct_max_disp": 18.562692642211914,
  "dct_mean_disp": 4.2295026779174805,
  "dct_num_at_max": 0,
  "dct_num_at_min": 0,
  "dct_p95_disp": 8.090712547302246,
  "dct_param_max": 1.7654836177825928,
  "dct_param_mean_abs": 0.8184129595756531,
  "dct_param_min": -1.9200809001922607,
  "delaunay_enabled": 1,
  "delaunay_grad_norm": 0.003194447373971343,
  "delaunay_max_disp": 10.069870948791504,
  "delaunay_mean_disp": 1.7711979150772095,
  "delaunay_num_at_max": 1,
  "delaunay_num_at_min": 0,
  "delaunay_p95_disp": 5.946817398071289,
  "delaunay_param_max": 7.679999828338623,
  "delaunay_param_mean_abs": 1.030042290687561,
  "delaunay_param_min": -2.95467472076416,
  "face_id": "face_005",
  "fft_phase_enabled": 0,
  "fft_phase_grad_norm": 0.0,
  "fft_phase_max_abs": 0.0,
  "fft_phase_mean_abs": 0.0,
  "fft_phase_norm": 0.0,
  "fft_phase_num_at_max": 0,
  "fft_phase_num_at_min": 0,
  "fft_phase_num_clamped": 0,
  "fft_spatial_delta_mse": 0.0,
  "foldover_fraction": 0.002803802490234375,
  "fraction_clamped_total": 0.03787878787878788,
  "identity_angle_degrees": 26.224088668823242,
  "identity_angle_radians": 0.45769667625427246,
  "identity_cosine_distance": 0.1029273271560669,
  "identity_cosine_similarity_raw": 0.8970726728439331,
  "identity_l2_embedding_distance": 0.4537122845649719,
  "identity_similarity_score_pct": 89.70726776123047,
  "iter": 4350,
  "jacobian_det_min": -0.6899834275245667,
  "l2_to_original": 0.07092420011758804,
  "learning_rate": 0.05,
  "legacy_fft_strength_equivalent": 0.0,
  "loss": -0.1029273271560669,
  "mse_to_original": 0.005030241794884205,
  "num_at_max_total": 4,
  "num_at_min_total": 1,
  "num_clamped_total": 5,
  "num_total_params": 132,
  "original_embedding_norm": 0.9999999403953552,
  "peak_vram_gb": 2.991054058074951,
  "perturbed_embedding_norm": 1.0,
  "prompt": "add black sunglasses",
  "psnr_to_original": 22.984111386697,
  "rolling_enabled": 1,
  "rolling_grad_norm": 0.0010721569415181875,
  "rolling_max_disp": 0.5069071054458618,
  "rolling_mean_disp": 0.13587841391563416,
  "rolling_num_at_max": 0,
  "rolling_num_at_min": 0,
  "rolling_p95_disp": 0.4447747468948364,
  "rolling_param_max": 0.6144419312477112,
  "rolling_param_mean_abs": 0.49161168932914734,
  "rolling_param_min": -0.3687814474105835,
  "seconds_elapsed": 401.5946512930095,
  "seconds_iter": 0.07617627829313278,
  "seed": 67119,
  "smoothness_tv": 0.10424837470054626,
  "ssim_to_original": 0.9619364738464355,
  "total_geometry_grad_norm": 0.01940172165632248,
  "total_grad_norm": 0.01940172165632248,
  "tps_enabled": 1,
  "tps_grad_norm": 0.0035937258508056402,
  "tps_max_disp": 5.911314010620117,
  "tps_mean_disp": 2.3791325092315674,
  "tps_num_at_max": 3,
  "tps_num_at_min": 1,
  "tps_p95_disp": 5.028489589691162,
  "tps_param_max": 4.0960001945495605,
  "tps_param_mean_abs": 1.0964268445968628,
  "tps_param_min": -4.0960001945495605
}
