{
  "Z": 0.09885644912719727,
  "best_Z_so_far": 0.09909451007843018,
  "best_iter_so_far": 3171,
  "case_id": "face_005__add_headphones",
  "combined_max_disp_px": 11.905790328979492,
  "combined_mean_disp_px": 4.188744068145752,
  "combined_p95_disp_px": 8.86226749420166,
  "components_at_boundary": "tps",
  "dct_enabled": 1,
  "dct_grad_norm": 0.017820946872234344,
  "dct_max_disp": 8.995587348937988,
  "dct_mean_disp": 3.429086685180664,
  "dct_num_at_max": 0,
  "dct_num_at_min": 0,
  "dct_p95_disp": 6.902068138122559,
  "dct_param_max": 1.0889923572540283,
  "dct_param_mean_abs": 0.626830518245697,
  "dct_param_min": -1.6579405069351196,
  "delaunay_enabled": 1,
  "delaunay_grad_norm": 0.0024148374795913696,
  "delaunay_max_disp": 8.440508842468262,
  "delaunay_mean_disp": 1.5021449327468872,
  "delaunay_num_at_max": 0,
  "delaunay_num_at_min": 0,
  "delaunay_p95_disp": 5.220648288726807,
  "delaunay_param_max": 6.840024471282959,
  "delaunay_param_mean_abs": 0.7575991153717041,
  "delaunay_param_min": -1.2220832109451294,
  "face_id": "face_005",
  "fft_phase_enabled": 0,
  "fft_phase_grad_norm": 0.0,
  "fft_phase_max_abs": 0.0,
  "fft_phase_mean_abs": 0.0,
  "fft_phase_norm": 0.0,
  "fft_phase_num_at_max": 0,
  "fft_phase_num_at_min": 0,
  "fft_phase_num_clamped": 0,
  "fft_spatial_delta_mse": 0.0,
  "foldover_fraction": 0.0,
  "fraction_clamped_total": 0.05303030303030303,
  "identity_angle_degrees": 25.691207885742188,
  "identity_angle_radians": 0.4483961760997772,
  "identity_cosine_distance": 0.09885644912719727,
  "identity_cosine_similarity_raw": 0.9011435508728027,
  "identity_l2_embedding_distance": 0.44464942812919617,
  "identity_similarity_score_pct": 90.1143569946289,
  "iter": 3425,
  "jacobian_det_min": 0.47191789746284485,
  "l2_to_original": 0.07157271355390549,
  "learning_rate": 0.05,
  "legacy_fft_strength_equivalent": 0.0,
  "loss": -0.09885644912719727,
  "mse_to_original": 0.005122653674334288,
  "num_at_max_total": 2,
  "num_at_min_total": 5,
  "num_clamped_total": 7,
  "num_total_params": 132,
  "original_embedding_norm": 0.9999999403953552,
  "peak_vram_gb": 2.993251323699951,
  "perturbed_embedding_norm": 1.0,
  "prompt": "add headphones",
  "psnr_to_original": 22.905050043441776,
  "rolling_enabled": 1,
  "rolling_grad_norm": 0.0007348930230364203,
  "rolling_max_disp": 2.04447340965271,
  "rolling_mean_disp": 1.2142744064331055,
  "rolling_num_at_max": 0,
  "rolling_num_at_min": 0,
  "rolling_p95_disp": 2.008354663848877,
  "rolling_param_max": 2.088785409927368,
  "rolling_param_mean_abs": 1.2621197700500488,
  "rolling_param_min": 0.43545421957969666,
  "seconds_elapsed": 314.85451102629304,
  "seconds_iter": 0.05344309285283089,
  "seed": 405993,
  "smoothness_tv": 0.08661183714866638,
  "ssim_to_original": 0.9612884521484375,
  "total_geometry_grad_norm": 0.01832931861281395,
  "total_grad_norm": 0.01832931861281395,
  "tps_enabled": 1,
  "tps_grad_norm": 0.0034649984445422888,
  "tps_max_disp": 6.873040676116943,
  "tps_mean_disp": 2.62801456451416,
  "tps_num_at_max": 2,
  "tps_num_at_min": 5,
  "tps_p95_disp": 5.643342018127441,
  "tps_param_max": 4.0960001945495605,
  "tps_param_mean_abs": 1.1183741092681885,
  "tps_param_min": -4.0960001945495605
}
