{
  "Z": 0.09818887710571289,
  "best_Z_so_far": 0.09828430414199829,
  "best_iter_so_far": 999,
  "case_id": "face_005__add_headphones",
  "combined_max_disp_px": 11.68171215057373,
  "combined_mean_disp_px": 4.181326866149902,
  "combined_p95_disp_px": 8.991812705993652,
  "components_at_boundary": "tps",
  "dct_enabled": 1,
  "dct_grad_norm": 0.013995140790939331,
  "dct_max_disp": 9.551824569702148,
  "dct_mean_disp": 3.371617078781128,
  "dct_num_at_max": 0,
  "dct_num_at_min": 0,
  "dct_p95_disp": 6.811460018157959,
  "dct_param_max": 1.1203985214233398,
  "dct_param_mean_abs": 0.6222862005233765,
  "dct_param_min": -1.5472158193588257,
  "delaunay_enabled": 1,
  "delaunay_grad_norm": 0.0027873909566551447,
  "delaunay_max_disp": 8.085465431213379,
  "delaunay_mean_disp": 1.3343522548675537,
  "delaunay_num_at_max": 0,
  "delaunay_num_at_min": 0,
  "delaunay_p95_disp": 4.404191493988037,
  "delaunay_param_max": 7.010602951049805,
  "delaunay_param_mean_abs": 0.7380512356758118,
  "delaunay_param_min": -2.051511287689209,
  "face_id": "face_005",
  "fft_phase_enabled": 0,
  "fft_phase_grad_norm": 0.0,
  "fft_phase_max_abs": 0.0,
  "fft_phase_mean_abs": 0.0,
  "fft_phase_norm": 0.0,
  "fft_phase_num_at_max": 0,
  "fft_phase_num_at_min": 0,
  "fft_phase_num_clamped": 0,
  "fft_spatial_delta_mse": 0.0,
  "foldover_fraction": 0.0,
  "fraction_clamped_total": 0.007575757575757576,
  "identity_angle_degrees": 25.60283851623535,
  "identity_angle_radians": 0.4468538165092468,
  "identity_cosine_distance": 0.09818887710571289,
  "identity_cosine_similarity_raw": 0.9018111228942871,
  "identity_l2_embedding_distance": 0.4431455135345459,
  "identity_similarity_score_pct": 90.18111419677734,
  "iter": 1050,
  "jacobian_det_min": 0.4736482799053192,
  "l2_to_original": 0.07164828479290009,
  "learning_rate": 0.05,
  "legacy_fft_strength_equivalent": 0.0,
  "loss": -0.09818887710571289,
  "mse_to_original": 0.005133476573973894,
  "num_at_max_total": 1,
  "num_at_min_total": 0,
  "num_clamped_total": 1,
  "num_total_params": 132,
  "original_embedding_norm": 0.9999999403953552,
  "peak_vram_gb": 2.993251323699951,
  "perturbed_embedding_norm": 1.0,
  "prompt": "add headphones",
  "psnr_to_original": 22.8958841548998,
  "rolling_enabled": 1,
  "rolling_grad_norm": 0.000999918789602816,
  "rolling_max_disp": 1.9606727361679077,
  "rolling_mean_disp": 0.9379979372024536,
  "rolling_num_at_max": 0,
  "rolling_num_at_min": 0,
  "rolling_p95_disp": 1.8680577278137207,
  "rolling_param_max": 2.097046136856079,
  "rolling_param_mean_abs": 1.0572360754013062,
  "rolling_param_min": -0.01742589846253395,
  "seconds_elapsed": 99.62891111895442,
  "seconds_iter": 0.07728986069560051,
  "seed": 405993,
  "smoothness_tv": 0.08600299060344696,
  "ssim_to_original": 0.9612255692481995,
  "total_geometry_grad_norm": 0.014639127999544144,
  "total_grad_norm": 0.014639127999544144,
  "tps_enabled": 1,
  "tps_grad_norm": 0.0031097775790840387,
  "tps_max_disp": 5.898453235626221,
  "tps_mean_disp": 2.1732380390167236,
  "tps_num_at_max": 1,
  "tps_num_at_min": 0,
  "tps_p95_disp": 5.219565391540527,
  "tps_param_max": 4.0960001945495605,
  "tps_param_mean_abs": 0.9556090235710144,
  "tps_param_min": -3.8633790016174316
}
