{
  "Z": 0.059076547622680664,
  "best_Z_so_far": 0.059339940547943115,
  "best_iter_so_far": 4261,
  "case_id": "face_002__add_black_sunglasses",
  "combined_max_disp_px": 6.375044345855713,
  "combined_mean_disp_px": 2.709529399871826,
  "combined_p95_disp_px": 4.690522193908691,
  "components_at_boundary": "tps",
  "dct_enabled": 1,
  "dct_grad_norm": 0.018392441794276237,
  "dct_max_disp": 6.407431602478027,
  "dct_mean_disp": 2.9102330207824707,
  "dct_num_at_max": 0,
  "dct_num_at_min": 0,
  "dct_p95_disp": 5.753970623016357,
  "dct_param_max": 1.4698504209518433,
  "dct_param_mean_abs": 0.5080915689468384,
  "dct_param_min": -1.8794034719467163,
  "delaunay_enabled": 1,
  "delaunay_grad_norm": 0.0028423601761460304,
  "delaunay_max_disp": 8.658023834228516,
  "delaunay_mean_disp": 2.766439199447632,
  "delaunay_num_at_max": 0,
  "delaunay_num_at_min": 0,
  "delaunay_p95_disp": 6.702445030212402,
  "delaunay_param_max": 6.044154644012451,
  "delaunay_param_mean_abs": 1.3689124584197998,
  "delaunay_param_min": -6.876574993133545,
  "face_id": "face_002",
  "fft_phase_enabled": 0,
  "fft_phase_grad_norm": 0.0,
  "fft_phase_max_abs": 0.0,
  "fft_phase_mean_abs": 0.0,
  "fft_phase_norm": 0.0,
  "fft_phase_num_at_max": 0,
  "fft_phase_num_at_min": 0,
  "fft_phase_num_clamped": 0,
  "fft_spatial_delta_mse": 0.0,
  "foldover_fraction": 0.0,
  "fraction_clamped_total": 0.022727272727272728,
  "identity_angle_degrees": 19.79277992248535,
  "identity_angle_radians": 0.34544917941093445,
  "identity_cosine_distance": 0.059076547622680664,
  "identity_cosine_similarity_raw": 0.9409234523773193,
  "identity_l2_embedding_distance": 0.3437342941761017,
  "identity_similarity_score_pct": 94.09234619140625,
  "iter": 4575,
  "jacobian_det_min": 0.4798359274864197,
  "l2_to_original": 0.058748841285705566,
  "learning_rate": 0.05,
  "legacy_fft_strength_equivalent": 0.0,
  "loss": -0.059076547622680664,
  "mse_to_original": 0.003451426513493061,
  "num_at_max_total": 1,
  "num_at_min_total": 2,
  "num_clamped_total": 3,
  "num_total_params": 132,
  "original_embedding_norm": 1.0,
  "peak_vram_gb": 0.4965987205505371,
  "perturbed_embedding_norm": 1.0,
  "prompt": "add black sunglasses",
  "psnr_to_original": 24.620013690159954,
  "rolling_enabled": 1,
  "rolling_grad_norm": 0.007210590876638889,
  "rolling_max_disp": 0.9564733505249023,
  "rolling_mean_disp": 0.4806455075740814,
  "rolling_num_at_max": 0,
  "rolling_num_at_min": 0,
  "rolling_p95_disp": 0.7838180661201477,
  "rolling_param_max": 1.2889528274536133,
  "rolling_param_mean_abs": 1.3318536281585693,
  "rolling_param_min": -1.3747544288635254,
  "seconds_elapsed": 382.8513201419264,
  "seconds_iter": 0.07687283307313919,
  "seed": 250852,
  "smoothness_tv": 0.058072689920663834,
  "ssim_to_original": 0.9736772179603577,
  "total_geometry_grad_norm": 0.020293207839131355,
  "total_grad_norm": 0.020293207839131355,
  "tps_enabled": 1,
  "tps_grad_norm": 0.003668887773528695,
  "tps_max_disp": 5.480762004852295,
  "tps_mean_disp": 2.1237306594848633,
  "tps_num_at_max": 1,
  "tps_num_at_min": 2,
  "tps_p95_disp": 4.679643630981445,
  "tps_param_max": 4.0960001945495605,
  "tps_param_mean_abs": 0.8901212215423584,
  "tps_param_min": -4.0960001945495605
}
