{
  "Z": 0.05010807514190674,
  "best_Z_so_far": 0.05015510320663452,
  "best_iter_so_far": 224,
  "case_id": "face_002__add_black_sunglasses",
  "combined_max_disp_px": 7.47617769241333,
  "combined_mean_disp_px": 2.569380044937134,
  "combined_p95_disp_px": 4.481056213378906,
  "components_at_boundary": "",
  "dct_enabled": 1,
  "dct_grad_norm": 0.016871171072125435,
  "dct_max_disp": 6.721001625061035,
  "dct_mean_disp": 2.178912401199341,
  "dct_num_at_max": 0,
  "dct_num_at_min": 0,
  "dct_p95_disp": 4.399423599243164,
  "dct_param_max": 1.0945736169815063,
  "dct_param_mean_abs": 0.4026804566383362,
  "dct_param_min": -1.0438275337219238,
  "delaunay_enabled": 1,
  "delaunay_grad_norm": 0.0022921790368855,
  "delaunay_max_disp": 3.6299867630004883,
  "delaunay_mean_disp": 0.9918718338012695,
  "delaunay_num_at_max": 0,
  "delaunay_num_at_min": 0,
  "delaunay_p95_disp": 2.504180908203125,
  "delaunay_param_max": 2.4011881351470947,
  "delaunay_param_mean_abs": 0.4689491093158722,
  "delaunay_param_min": -3.623474359512329,
  "face_id": "face_002",
  "fft_phase_enabled": 0,
  "fft_phase_grad_norm": 0.0,
  "fft_phase_max_abs": 0.0,
  "fft_phase_mean_abs": 0.0,
  "fft_phase_norm": 0.0,
  "fft_phase_num_at_max": 0,
  "fft_phase_num_at_min": 0,
  "fft_phase_num_clamped": 0,
  "fft_spatial_delta_mse": 0.0,
  "foldover_fraction": 0.0,
  "fraction_clamped_total": 0.0,
  "identity_angle_degrees": 18.21469497680664,
  "identity_angle_radians": 0.31790637969970703,
  "identity_cosine_distance": 0.05010807514190674,
  "identity_cosine_similarity_raw": 0.9498919248580933,
  "identity_l2_embedding_distance": 0.31656938791275024,
  "identity_similarity_score_pct": 94.98918914794922,
  "iter": 225,
  "jacobian_det_min": 0.5088432431221008,
  "l2_to_original": 0.05564607307314873,
  "learning_rate": 0.05,
  "legacy_fft_strength_equivalent": 0.0,
  "loss": -0.05010807514190674,
  "mse_to_original": 0.003096485510468483,
  "num_at_max_total": 0,
  "num_at_min_total": 0,
  "num_clamped_total": 0,
  "num_total_params": 132,
  "original_embedding_norm": 1.0,
  "peak_vram_gb": 0.4958662986755371,
  "perturbed_embedding_norm": 1.0,
  "prompt": "add black sunglasses",
  "psnr_to_original": 25.091309478644234,
  "rolling_enabled": 1,
  "rolling_grad_norm": 0.0044670565985143185,
  "rolling_max_disp": 0.9702228903770447,
  "rolling_mean_disp": 0.2598077058792114,
  "rolling_num_at_max": 0,
  "rolling_num_at_min": 0,
  "rolling_p95_disp": 0.8762133121490479,
  "rolling_param_max": 1.1297792196273804,
  "rolling_param_mean_abs": 0.7742091417312622,
  "rolling_param_min": -0.41863903403282166,
  "seconds_elapsed": 19.775728872045875,
  "seconds_iter": 0.06355603225529194,
  "seed": 250852,
  "smoothness_tv": 0.048484474420547485,
  "ssim_to_original": 0.9763844609260559,
  "total_geometry_grad_norm": 0.01784425787627697,
  "total_grad_norm": 0.01784425787627697,
  "tps_enabled": 1,
  "tps_grad_norm": 0.002927879337221384,
  "tps_max_disp": 2.1656653881073,
  "tps_mean_disp": 0.6564267873764038,
  "tps_num_at_max": 0,
  "tps_num_at_min": 0,
  "tps_p95_disp": 1.5730528831481934,
  "tps_param_max": 2.0653038024902344,
  "tps_param_mean_abs": 0.30007967352867126,
  "tps_param_min": -1.635820746421814
}
