{
  "Z": 0.06752562522888184,
  "best_Z_so_far": 0.06778240203857422,
  "best_iter_so_far": 4380,
  "case_id": "face_002__add_headphones",
  "combined_max_disp_px": 7.159754753112793,
  "combined_mean_disp_px": 3.019230365753174,
  "combined_p95_disp_px": 5.864257335662842,
  "components_at_boundary": "tps",
  "dct_enabled": 1,
  "dct_grad_norm": 0.02014947310090065,
  "dct_max_disp": 7.2507195472717285,
  "dct_mean_disp": 2.757596015930176,
  "dct_num_at_max": 0,
  "dct_num_at_min": 0,
  "dct_p95_disp": 5.384446144104004,
  "dct_param_max": 1.1421287059783936,
  "dct_param_mean_abs": 0.48311179876327515,
  "dct_param_min": -1.4095209836959839,
  "delaunay_enabled": 1,
  "delaunay_grad_norm": 0.0032440468203276396,
  "delaunay_max_disp": 8.130216598510742,
  "delaunay_mean_disp": 2.1105380058288574,
  "delaunay_num_at_max": 0,
  "delaunay_num_at_min": 0,
  "delaunay_p95_disp": 5.522690773010254,
  "delaunay_param_max": 5.403456687927246,
  "delaunay_param_mean_abs": 1.1497306823730469,
  "delaunay_param_min": -6.446720600128174,
  "face_id": "face_002",
  "fft_phase_enabled": 0,
  "fft_phase_grad_norm": 0.0,
  "fft_phase_max_abs": 0.0,
  "fft_phase_mean_abs": 0.0,
  "fft_phase_norm": 0.0,
  "fft_phase_num_at_max": 0,
  "fft_phase_num_at_min": 0,
  "fft_phase_num_clamped": 0,
  "fft_spatial_delta_mse": 0.0,
  "foldover_fraction": 0.0,
  "fraction_clamped_total": 0.015151515151515152,
  "identity_angle_degrees": 21.176128387451172,
  "identity_angle_radians": 0.36959317326545715,
  "identity_cosine_distance": 0.06752562522888184,
  "identity_cosine_similarity_raw": 0.9324743747711182,
  "identity_l2_embedding_distance": 0.367493212223053,
  "identity_similarity_score_pct": 93.2474365234375,
  "iter": 4600,
  "jacobian_det_min": 0.34177541732788086,
  "l2_to_original": 0.0592610239982605,
  "learning_rate": 0.05,
  "legacy_fft_strength_equivalent": 0.0,
  "loss": -0.06752562522888184,
  "mse_to_original": 0.003511869115754962,
  "num_at_max_total": 0,
  "num_at_min_total": 2,
  "num_clamped_total": 2,
  "num_total_params": 132,
  "original_embedding_norm": 1.0,
  "peak_vram_gb": 2.987697124481201,
  "perturbed_embedding_norm": 1.0,
  "prompt": "add headphones",
  "psnr_to_original": 24.54461678234217,
  "rolling_enabled": 1,
  "rolling_grad_norm": 0.003481919877231121,
  "rolling_max_disp": 1.0257877111434937,
  "rolling_mean_disp": 0.49094653129577637,
  "rolling_num_at_max": 0,
  "rolling_num_at_min": 0,
  "rolling_p95_disp": 0.8376306295394897,
  "rolling_param_max": 1.3716315031051636,
  "rolling_param_mean_abs": 1.3920347690582275,
  "rolling_param_min": -1.4124380350112915,
  "seconds_elapsed": 409.7589956205338,
  "seconds_iter": 0.07317841239273548,
  "seed": 438717,
  "smoothness_tv": 0.061615847051143646,
  "ssim_to_original": 0.9732452630996704,
  "total_geometry_grad_norm": 0.020995182916522026,
  "total_grad_norm": 0.020995182916522026,
  "tps_enabled": 1,
  "tps_grad_norm": 0.0034855161793529987,
  "tps_max_disp": 5.561799049377441,
  "tps_mean_disp": 1.769155740737915,
  "tps_num_at_max": 0,
  "tps_num_at_min": 2,
  "tps_p95_disp": 4.168405055999756,
  "tps_param_max": 4.092638969421387,
  "tps_param_mean_abs": 0.763467013835907,
  "tps_param_min": -4.0960001945495605
}
