{
  "Z": 0.09890902042388916,
  "best_Z_so_far": 0.09909451007843018,
  "best_iter_so_far": 3171,
  "case_id": "face_005__add_headphones",
  "combined_max_disp_px": 11.86070442199707,
  "combined_mean_disp_px": 4.183653354644775,
  "combined_p95_disp_px": 8.837298393249512,
  "components_at_boundary": "tps",
  "dct_enabled": 1,
  "dct_grad_norm": 0.015114080160856247,
  "dct_max_disp": 8.945160865783691,
  "dct_mean_disp": 3.428224563598633,
  "dct_num_at_max": 0,
  "dct_num_at_min": 0,
  "dct_p95_disp": 6.879194736480713,
  "dct_param_max": 1.101507544517517,
  "dct_param_mean_abs": 0.6260114908218384,
  "dct_param_min": -1.6502480506896973,
  "delaunay_enabled": 1,
  "delaunay_grad_norm": 0.0021447758190333843,
  "delaunay_max_disp": 8.483200073242188,
  "delaunay_mean_disp": 1.5162832736968994,
  "delaunay_num_at_max": 0,
  "delaunay_num_at_min": 0,
  "delaunay_p95_disp": 5.238439083099365,
  "delaunay_param_max": 6.897808074951172,
  "delaunay_param_mean_abs": 0.7627407908439636,
  "delaunay_param_min": -1.2941899299621582,
  "face_id": "face_005",
  "fft_phase_enabled": 0,
  "fft_phase_grad_norm": 0.0,
  "fft_phase_max_abs": 0.0,
  "fft_phase_mean_abs": 0.0,
  "fft_phase_norm": 0.0,
  "fft_phase_num_at_max": 0,
  "fft_phase_num_at_min": 0,
  "fft_phase_num_clamped": 0,
  "fft_spatial_delta_mse": 0.0,
  "foldover_fraction": 0.0,
  "fraction_clamped_total": 0.03787878787878788,
  "identity_angle_degrees": 25.69815444946289,
  "identity_angle_radians": 0.44851741194725037,
  "identity_cosine_distance": 0.09890902042388916,
  "identity_cosine_similarity_raw": 0.9010909795761108,
  "identity_l2_embedding_distance": 0.44476741552352905,
  "identity_similarity_score_pct": 90.10910034179688,
  "iter": 4075,
  "jacobian_det_min": 0.4721581041812897,
  "l2_to_original": 0.0715668797492981,
  "learning_rate": 0.05,
  "legacy_fft_strength_equivalent": 0.0,
  "loss": -0.09890902042388916,
  "mse_to_original": 0.005121818743646145,
  "num_at_max_total": 2,
  "num_at_min_total": 3,
  "num_clamped_total": 5,
  "num_total_params": 132,
  "original_embedding_norm": 0.9999999403953552,
  "peak_vram_gb": 2.993251323699951,
  "perturbed_embedding_norm": 1.0,
  "prompt": "add headphones",
  "psnr_to_original": 22.90575794869378,
  "rolling_enabled": 1,
  "rolling_grad_norm": 0.00017508867313154042,
  "rolling_max_disp": 2.070160150527954,
  "rolling_mean_disp": 1.190828800201416,
  "rolling_num_at_max": 0,
  "rolling_num_at_min": 0,
  "rolling_p95_disp": 2.0222432613372803,
  "rolling_param_max": 2.132369041442871,
  "rolling_param_mean_abs": 1.2512863874435425,
  "rolling_param_min": 0.3702037036418915,
  "seconds_elapsed": 376.0856497976929,
  "seconds_iter": 0.0564879160374403,
  "seed": 405993,
  "smoothness_tv": 0.08654815703630447,
  "ssim_to_original": 0.9612943530082703,
  "total_geometry_grad_norm": 0.015479444526135921,
  "total_grad_norm": 0.015479444526135921,
  "tps_enabled": 1,
  "tps_grad_norm": 0.002558720763772726,
  "tps_max_disp": 6.88348913192749,
  "tps_mean_disp": 2.627650737762451,
  "tps_num_at_max": 2,
  "tps_num_at_min": 3,
  "tps_p95_disp": 5.648940086364746,
  "tps_param_max": 4.0960001945495605,
  "tps_param_mean_abs": 1.1156901121139526,
  "tps_param_min": -4.0960001945495605
}
