{
  "Z": 0.10120642185211182,
  "best_Z_so_far": 0.10134696960449219,
  "best_iter_so_far": 1757,
  "case_id": "face_005__add_black_sunglasses",
  "combined_max_disp_px": 13.291936874389648,
  "combined_mean_disp_px": 4.374451637268066,
  "combined_p95_disp_px": 8.73710823059082,
  "components_at_boundary": "tps",
  "dct_enabled": 1,
  "dct_grad_norm": 0.014833906665444374,
  "dct_max_disp": 13.726574897766113,
  "dct_mean_disp": 3.7682182788848877,
  "dct_num_at_max": 0,
  "dct_num_at_min": 0,
  "dct_p95_disp": 7.495519638061523,
  "dct_param_max": 1.3864113092422485,
  "dct_param_mean_abs": 0.7285918593406677,
  "dct_param_min": -1.669594407081604,
  "delaunay_enabled": 1,
  "delaunay_grad_norm": 0.00286975409835577,
  "delaunay_max_disp": 8.89489459991455,
  "delaunay_mean_disp": 1.5437402725219727,
  "delaunay_num_at_max": 0,
  "delaunay_num_at_min": 0,
  "delaunay_p95_disp": 4.834249019622803,
  "delaunay_param_max": 6.943115234375,
  "delaunay_param_mean_abs": 0.8906455039978027,
  "delaunay_param_min": -3.597956418991089,
  "face_id": "face_005",
  "fft_phase_enabled": 0,
  "fft_phase_grad_norm": 0.0,
  "fft_phase_max_abs": 0.0,
  "fft_phase_mean_abs": 0.0,
  "fft_phase_norm": 0.0,
  "fft_phase_num_at_max": 0,
  "fft_phase_num_at_min": 0,
  "fft_phase_num_clamped": 0,
  "fft_spatial_delta_mse": 0.0,
  "foldover_fraction": 0.000835418701171875,
  "fraction_clamped_total": 0.022727272727272728,
  "identity_angle_degrees": 26.000062942504883,
  "identity_angle_radians": 0.453786700963974,
  "identity_cosine_distance": 0.10120642185211182,
  "identity_cosine_similarity_raw": 0.8987935781478882,
  "identity_l2_embedding_distance": 0.44990333914756775,
  "identity_similarity_score_pct": 89.87935638427734,
  "iter": 1875,
  "jacobian_det_min": -0.17463472485542297,
  "l2_to_original": 0.07029219716787338,
  "learning_rate": 0.05,
  "legacy_fft_strength_equivalent": 0.0,
  "loss": -0.10120642185211182,
  "mse_to_original": 0.004940992686897516,
  "num_at_max_total": 3,
  "num_at_min_total": 0,
  "num_clamped_total": 3,
  "num_total_params": 132,
  "original_embedding_norm": 0.9999999403953552,
  "peak_vram_gb": 2.991054058074951,
  "perturbed_embedding_norm": 0.9999999403953552,
  "prompt": "add black sunglasses",
  "psnr_to_original": 23.06185788904027,
  "rolling_enabled": 1,
  "rolling_grad_norm": 0.0005284762009978294,
  "rolling_max_disp": 0.7126014828681946,
  "rolling_mean_disp": 0.4745567739009857,
  "rolling_num_at_max": 0,
  "rolling_num_at_min": 0,
  "rolling_p95_disp": 0.7121846675872803,
  "rolling_param_max": 0.6970848441123962,
  "rolling_param_mean_abs": 0.475752055644989,
  "rolling_param_min": 0.2544192373752594,
  "seconds_elapsed": 174.68755225650966,
  "seconds_iter": 0.06462920643389225,
  "seed": 67119,
  "smoothness_tv": 0.10022158920764923,
  "ssim_to_original": 0.9626173377037048,
  "total_geometry_grad_norm": 0.015479733236134052,
  "total_grad_norm": 0.015479733236134052,
  "tps_enabled": 1,
  "tps_grad_norm": 0.003326048841699958,
  "tps_max_disp": 5.846802711486816,
  "tps_mean_disp": 2.195708990097046,
  "tps_num_at_max": 3,
  "tps_num_at_min": 0,
  "tps_p95_disp": 4.715173721313477,
  "tps_param_max": 4.0960001945495605,
  "tps_param_mean_abs": 1.0124403238296509,
  "tps_param_min": -4.0956315994262695
}
