{
  "Z": 0.059264302253723145,
  "best_Z_so_far": 0.059339940547943115,
  "best_iter_so_far": 4261,
  "case_id": "face_002__add_black_sunglasses",
  "combined_max_disp_px": 6.361588001251221,
  "combined_mean_disp_px": 2.7053585052490234,
  "combined_p95_disp_px": 4.681349754333496,
  "components_at_boundary": "tps",
  "dct_enabled": 1,
  "dct_grad_norm": 0.014974350109696388,
  "dct_max_disp": 6.38149881362915,
  "dct_mean_disp": 2.913597345352173,
  "dct_num_at_max": 0,
  "dct_num_at_min": 0,
  "dct_p95_disp": 5.742375373840332,
  "dct_param_max": 1.471091389656067,
  "dct_param_mean_abs": 0.5083235502243042,
  "dct_param_min": -1.866800308227539,
  "delaunay_enabled": 1,
  "delaunay_grad_norm": 0.0023312061093747616,
  "delaunay_max_disp": 8.631429672241211,
  "delaunay_mean_disp": 2.7604427337646484,
  "delaunay_num_at_max": 0,
  "delaunay_num_at_min": 0,
  "delaunay_p95_disp": 6.6892828941345215,
  "delaunay_param_max": 6.0977301597595215,
  "delaunay_param_mean_abs": 1.365156650543213,
  "delaunay_param_min": -6.87275505065918,
  "face_id": "face_002",
  "fft_phase_enabled": 0,
  "fft_phase_grad_norm": 0.0,
  "fft_phase_max_abs": 0.0,
  "fft_phase_mean_abs": 0.0,
  "fft_phase_norm": 0.0,
  "fft_phase_num_at_max": 0,
  "fft_phase_num_at_min": 0,
  "fft_phase_num_clamped": 0,
  "fft_spatial_delta_mse": 0.0,
  "foldover_fraction": 0.0,
  "fraction_clamped_total": 0.022727272727272728,
  "identity_angle_degrees": 19.824525833129883,
  "identity_angle_radians": 0.3460032343864441,
  "identity_cosine_distance": 0.059264302253723145,
  "identity_cosine_similarity_raw": 0.9407356977462769,
  "identity_l2_embedding_distance": 0.3442799746990204,
  "identity_similarity_score_pct": 94.07357025146484,
  "iter": 4900,
  "jacobian_det_min": 0.4774691164493561,
  "l2_to_original": 0.058741357177495956,
  "learning_rate": 0.05,
  "legacy_fft_strength_equivalent": 0.0,
  "loss": -0.059264302253723145,
  "mse_to_original": 0.0034505471121519804,
  "num_at_max_total": 1,
  "num_at_min_total": 2,
  "num_clamped_total": 3,
  "num_total_params": 132,
  "original_embedding_norm": 1.0,
  "peak_vram_gb": 0.4965987205505371,
  "perturbed_embedding_norm": 1.0,
  "prompt": "add black sunglasses",
  "psnr_to_original": 24.621120385643277,
  "rolling_enabled": 1,
  "rolling_grad_norm": 0.0020827441476285458,
  "rolling_max_disp": 0.9639651775360107,
  "rolling_mean_disp": 0.471408873796463,
  "rolling_num_at_max": 0,
  "rolling_num_at_min": 0,
  "rolling_p95_disp": 0.7843573093414307,
  "rolling_param_max": 1.301533579826355,
  "rolling_param_mean_abs": 1.3241772651672363,
  "rolling_param_min": -1.3468209505081177,
  "seconds_elapsed": 411.37209429964423,
  "seconds_iter": 0.06817749328911304,
  "seed": 250852,
  "smoothness_tv": 0.058046288788318634,
  "ssim_to_original": 0.9736840724945068,
  "total_geometry_grad_norm": 0.015544506721198559,
  "total_grad_norm": 0.015544506721198559,
  "tps_enabled": 1,
  "tps_grad_norm": 0.002761915558949113,
  "tps_max_disp": 5.516811370849609,
  "tps_mean_disp": 2.1247215270996094,
  "tps_num_at_max": 1,
  "tps_num_at_min": 2,
  "tps_p95_disp": 4.6793365478515625,
  "tps_param_max": 4.0960001945495605,
  "tps_param_mean_abs": 0.8900067210197449,
  "tps_param_min": -4.0960001945495605
}
