{
  "Z": 0.05580669641494751,
  "best_Z_so_far": 0.05582129955291748,
  "best_iter_so_far": 424,
  "case_id": "face_002__add_black_sunglasses",
  "combined_max_disp_px": 7.283844470977783,
  "combined_mean_disp_px": 2.6538665294647217,
  "combined_p95_disp_px": 4.694765090942383,
  "components_at_boundary": "tps",
  "dct_enabled": 1,
  "dct_grad_norm": 0.020754486322402954,
  "dct_max_disp": 6.676916122436523,
  "dct_mean_disp": 2.589858055114746,
  "dct_num_at_max": 0,
  "dct_num_at_min": 0,
  "dct_p95_disp": 5.2249369621276855,
  "dct_param_max": 1.4072816371917725,
  "dct_param_mean_abs": 0.473105251789093,
  "dct_param_min": -1.6377047300338745,
  "delaunay_enabled": 1,
  "delaunay_grad_norm": 0.0027548938523977995,
  "delaunay_max_disp": 5.833921909332275,
  "delaunay_mean_disp": 1.664109706878662,
  "delaunay_num_at_max": 0,
  "delaunay_num_at_min": 0,
  "delaunay_p95_disp": 4.050833702087402,
  "delaunay_param_max": 3.5607903003692627,
  "delaunay_param_mean_abs": 0.8206477165222168,
  "delaunay_param_min": -5.571927547454834,
  "face_id": "face_002",
  "fft_phase_enabled": 0,
  "fft_phase_grad_norm": 0.0,
  "fft_phase_max_abs": 0.0,
  "fft_phase_mean_abs": 0.0,
  "fft_phase_norm": 0.0,
  "fft_phase_num_at_max": 0,
  "fft_phase_num_at_min": 0,
  "fft_phase_num_clamped": 0,
  "fft_spatial_delta_mse": 0.0,
  "foldover_fraction": 0.0,
  "fraction_clamped_total": 0.007575757575757576,
  "identity_angle_degrees": 19.231870651245117,
  "identity_angle_radians": 0.3356594443321228,
  "identity_cosine_distance": 0.05580669641494751,
  "identity_cosine_similarity_raw": 0.9441933035850525,
  "identity_l2_embedding_distance": 0.3340861201286316,
  "identity_similarity_score_pct": 94.41932678222656,
  "iter": 425,
  "jacobian_det_min": 0.4982116222381592,
  "l2_to_original": 0.05774034187197685,
  "learning_rate": 0.05,
  "legacy_fft_strength_equivalent": 0.0,
  "loss": -0.05580669641494751,
  "mse_to_original": 0.003333947155624628,
  "num_at_max_total": 1,
  "num_at_min_total": 0,
  "num_clamped_total": 1,
  "num_total_params": 132,
  "original_embedding_norm": 1.0,
  "peak_vram_gb": 0.4958662986755371,
  "perturbed_embedding_norm": 0.9999999403953552,
  "prompt": "add black sunglasses",
  "psnr_to_original": 24.770412881920286,
  "rolling_enabled": 1,
  "rolling_grad_norm": 0.004966555163264275,
  "rolling_max_disp": 0.8446351289749146,
  "rolling_mean_disp": 0.21334561705589294,
  "rolling_num_at_max": 0,
  "rolling_num_at_min": 0,
  "rolling_p95_disp": 0.7502415180206299,
  "rolling_param_max": 0.9900836944580078,
  "rolling_param_mean_abs": 0.7306271195411682,
  "rolling_param_min": -0.4711705148220062,
  "seconds_elapsed": 35.482580384239554,
  "seconds_iter": 0.0673791915178299,
  "seed": 250852,
  "smoothness_tv": 0.05178900063037872,
  "ssim_to_original": 0.9745711088180542,
  "total_geometry_grad_norm": 0.021740959957242012,
  "total_grad_norm": 0.021740959957242012,
  "tps_enabled": 1,
  "tps_grad_norm": 0.00310879317112267,
  "tps_max_disp": 4.151701927185059,
  "tps_mean_disp": 1.0825037956237793,
  "tps_num_at_max": 1,
  "tps_num_at_min": 0,
  "tps_p95_disp": 2.535165786743164,
  "tps_param_max": 4.0960001945495605,
  "tps_param_mean_abs": 0.4932362139225006,
  "tps_param_min": -2.1655967235565186
}
