{
  "Z": 0.06753373146057129,
  "best_Z_so_far": 0.06776446104049683,
  "best_iter_so_far": 3179,
  "case_id": "face_002__add_headphones",
  "combined_max_disp_px": 7.162869930267334,
  "combined_mean_disp_px": 3.0399813652038574,
  "combined_p95_disp_px": 5.887457370758057,
  "components_at_boundary": "tps",
  "dct_enabled": 1,
  "dct_grad_norm": 0.015291547402739525,
  "dct_max_disp": 7.237626075744629,
  "dct_mean_disp": 2.7678778171539307,
  "dct_num_at_max": 0,
  "dct_num_at_min": 0,
  "dct_p95_disp": 5.361108303070068,
  "dct_param_max": 1.1421020030975342,
  "dct_param_mean_abs": 0.48518842458724976,
  "dct_param_min": -1.3964393138885498,
  "delaunay_enabled": 1,
  "delaunay_grad_norm": 0.002564180176705122,
  "delaunay_max_disp": 8.189447402954102,
  "delaunay_mean_disp": 2.113093376159668,
  "delaunay_num_at_max": 0,
  "delaunay_num_at_min": 0,
  "delaunay_p95_disp": 5.547957420349121,
  "delaunay_param_max": 5.4453253746032715,
  "delaunay_param_mean_abs": 1.142892599105835,
  "delaunay_param_min": -6.481881141662598,
  "face_id": "face_002",
  "fft_phase_enabled": 0,
  "fft_phase_grad_norm": 0.0,
  "fft_phase_max_abs": 0.0,
  "fft_phase_mean_abs": 0.0,
  "fft_phase_norm": 0.0,
  "fft_phase_num_at_max": 0,
  "fft_phase_num_at_min": 0,
  "fft_phase_num_clamped": 0,
  "fft_spatial_delta_mse": 0.0,
  "foldover_fraction": 0.0,
  "fraction_clamped_total": 0.022727272727272728,
  "identity_angle_degrees": 21.17741584777832,
  "identity_angle_radians": 0.3696156442165375,
  "identity_cosine_distance": 0.06753373146057129,
  "identity_cosine_similarity_raw": 0.9324662685394287,
  "identity_l2_embedding_distance": 0.367515504360199,
  "identity_similarity_score_pct": 93.24662780761719,
  "iter": 4125,
  "jacobian_det_min": 0.3401411771774292,
  "l2_to_original": 0.05945001170039177,
  "learning_rate": 0.05,
  "legacy_fft_strength_equivalent": 0.0,
  "loss": -0.06753373146057129,
  "mse_to_original": 0.003534303978085518,
  "num_at_max_total": 1,
  "num_at_min_total": 2,
  "num_clamped_total": 3,
  "num_total_params": 132,
  "original_embedding_norm": 1.0,
  "peak_vram_gb": 2.987697124481201,
  "perturbed_embedding_norm": 1.0,
  "prompt": "add headphones",
  "psnr_to_original": 24.51696100463724,
  "rolling_enabled": 1,
  "rolling_grad_norm": 0.0015821795677766204,
  "rolling_max_disp": 0.9954668283462524,
  "rolling_mean_disp": 0.5038571953773499,
  "rolling_num_at_max": 0,
  "rolling_num_at_min": 0,
  "rolling_p95_disp": 0.8233112096786499,
  "rolling_param_max": 1.3475974798202515,
  "rolling_param_mean_abs": 1.39007568359375,
  "rolling_param_min": -1.4325538873672485,
  "seconds_elapsed": 368.6222089342773,
  "seconds_iter": 0.06993187218904495,
  "seed": 438717,
  "smoothness_tv": 0.06190893054008484,
  "ssim_to_original": 0.9730740189552307,
  "total_geometry_grad_norm": 0.015867168083786964,
  "total_grad_norm": 0.015867168083786964,
  "tps_enabled": 1,
  "tps_grad_norm": 0.002976122545078397,
  "tps_max_disp": 5.530962944030762,
  "tps_mean_disp": 1.7587801218032837,
  "tps_num_at_max": 1,
  "tps_num_at_min": 2,
  "tps_p95_disp": 4.151364803314209,
  "tps_param_max": 4.0960001945495605,
  "tps_param_mean_abs": 0.7544010281562805,
  "tps_param_min": -4.0960001945495605
}
