{
  "Z": 0.06149756908416748,
  "best_Z_so_far": 0.06180262565612793,
  "best_iter_so_far": 469,
  "case_id": "face_002__add_headphones",
  "combined_max_disp_px": 7.230038642883301,
  "combined_mean_disp_px": 2.9756197929382324,
  "combined_p95_disp_px": 5.703634738922119,
  "components_at_boundary": "",
  "dct_enabled": 1,
  "dct_grad_norm": 0.02370510995388031,
  "dct_max_disp": 6.015580177307129,
  "dct_mean_disp": 2.7158291339874268,
  "dct_num_at_max": 0,
  "dct_num_at_min": 0,
  "dct_p95_disp": 5.055284023284912,
  "dct_param_max": 0.910226047039032,
  "dct_param_mean_abs": 0.4949451684951782,
  "dct_param_min": -1.3269881010055542,
  "delaunay_enabled": 1,
  "delaunay_grad_norm": 0.0025728645268827677,
  "delaunay_max_disp": 6.609804630279541,
  "delaunay_mean_disp": 1.2176356315612793,
  "delaunay_num_at_max": 0,
  "delaunay_num_at_min": 0,
  "delaunay_p95_disp": 4.167522430419922,
  "delaunay_param_max": 4.815661907196045,
  "delaunay_param_mean_abs": 0.6539397835731506,
  "delaunay_param_min": -5.584044933319092,
  "face_id": "face_002",
  "fft_phase_enabled": 0,
  "fft_phase_grad_norm": 0.0,
  "fft_phase_max_abs": 0.0,
  "fft_phase_mean_abs": 0.0,
  "fft_phase_norm": 0.0,
  "fft_phase_num_at_max": 0,
  "fft_phase_num_at_min": 0,
  "fft_phase_num_clamped": 0,
  "fft_spatial_delta_mse": 0.0,
  "foldover_fraction": 0.0,
  "fraction_clamped_total": 0.0,
  "identity_angle_degrees": 20.198440551757812,
  "identity_angle_radians": 0.35252928733825684,
  "identity_cosine_distance": 0.06149756908416748,
  "identity_cosine_similarity_raw": 0.9385024309158325,
  "identity_l2_embedding_distance": 0.35070687532424927,
  "identity_similarity_score_pct": 93.8502426147461,
  "iter": 475,
  "jacobian_det_min": 0.46736717224121094,
  "l2_to_original": 0.059853676706552505,
  "learning_rate": 0.05,
  "legacy_fft_strength_equivalent": 0.0,
  "loss": -0.06149756908416748,
  "mse_to_original": 0.0035824626684188843,
  "num_at_max_total": 0,
  "num_at_min_total": 0,
  "num_clamped_total": 0,
  "num_total_params": 132,
  "original_embedding_norm": 1.0,
  "peak_vram_gb": 2.987697124481201,
  "perturbed_embedding_norm": 0.9999999403953552,
  "prompt": "add headphones",
  "psnr_to_original": 24.458183265368017,
  "rolling_enabled": 1,
  "rolling_grad_norm": 0.0008367527043446898,
  "rolling_max_disp": 0.6610915660858154,
  "rolling_mean_disp": 0.335632860660553,
  "rolling_num_at_max": 0,
  "rolling_num_at_min": 0,
  "rolling_p95_disp": 0.5488917827606201,
  "rolling_param_max": 0.895388662815094,
  "rolling_param_mean_abs": 0.9274609088897705,
  "rolling_param_min": -0.959533154964447,
  "seconds_elapsed": 41.93494234420359,
  "seconds_iter": 0.07134600356221199,
  "seed": 438717,
  "smoothness_tv": 0.0581681914627552,
  "ssim_to_original": 0.9727010130882263,
  "total_geometry_grad_norm": 0.024117175489664078,
  "total_grad_norm": 0.024117175489664078,
  "tps_enabled": 1,
  "tps_grad_norm": 0.003519393503665924,
  "tps_max_disp": 2.7587857246398926,
  "tps_mean_disp": 0.8777424097061157,
  "tps_num_at_max": 0,
  "tps_num_at_min": 0,
  "tps_p95_disp": 2.1062569618225098,
  "tps_param_max": 2.0673396587371826,
  "tps_param_mean_abs": 0.42912694811820984,
  "tps_param_min": -2.087568521499634
}
