{
  "Z": 0.09888499975204468,
  "best_Z_so_far": 0.09906446933746338,
  "best_iter_so_far": 2714,
  "case_id": "face_005__add_headphones",
  "combined_max_disp_px": 11.868106842041016,
  "combined_mean_disp_px": 4.1807966232299805,
  "combined_p95_disp_px": 8.859609603881836,
  "components_at_boundary": "tps",
  "dct_enabled": 1,
  "dct_grad_norm": 0.012936348095536232,
  "dct_max_disp": 9.076070785522461,
  "dct_mean_disp": 3.426302433013916,
  "dct_num_at_max": 0,
  "dct_num_at_min": 0,
  "dct_p95_disp": 6.866693019866943,
  "dct_param_max": 1.0975260734558105,
  "dct_param_mean_abs": 0.622139573097229,
  "dct_param_min": -1.66362464427948,
  "delaunay_enabled": 1,
  "delaunay_grad_norm": 0.0021119327284395695,
  "delaunay_max_disp": 8.317886352539062,
  "delaunay_mean_disp": 1.4832762479782104,
  "delaunay_num_at_max": 0,
  "delaunay_num_at_min": 0,
  "delaunay_p95_disp": 5.161660194396973,
  "delaunay_param_max": 6.8429741859436035,
  "delaunay_param_mean_abs": 0.7536095976829529,
  "delaunay_param_min": -1.2791149616241455,
  "face_id": "face_005",
  "fft_phase_enabled": 0,
  "fft_phase_grad_norm": 0.0,
  "fft_phase_max_abs": 0.0,
  "fft_phase_mean_abs": 0.0,
  "fft_phase_norm": 0.0,
  "fft_phase_num_at_max": 0,
  "fft_phase_num_at_min": 0,
  "fft_phase_num_clamped": 0,
  "fft_spatial_delta_mse": 0.0,
  "foldover_fraction": 0.0,
  "fraction_clamped_total": 0.045454545454545456,
  "identity_angle_degrees": 25.694982528686523,
  "identity_angle_radians": 0.44846203923225403,
  "identity_cosine_distance": 0.09888499975204468,
  "identity_cosine_similarity_raw": 0.9011150002479553,
  "identity_l2_embedding_distance": 0.4447135627269745,
  "identity_similarity_score_pct": 90.11150360107422,
  "iter": 2725,
  "jacobian_det_min": 0.49070262908935547,
  "l2_to_original": 0.0715218186378479,
  "learning_rate": 0.05,
  "legacy_fft_strength_equivalent": 0.0,
  "loss": -0.09888499975204468,
  "mse_to_original": 0.005115370731800795,
  "num_at_max_total": 2,
  "num_at_min_total": 4,
  "num_clamped_total": 6,
  "num_total_params": 132,
  "original_embedding_norm": 0.9999999403953552,
  "peak_vram_gb": 2.993251323699951,
  "perturbed_embedding_norm": 1.0,
  "prompt": "add headphones",
  "psnr_to_original": 22.911228857170602,
  "rolling_enabled": 1,
  "rolling_grad_norm": 0.00548604317009449,
  "rolling_max_disp": 2.0351545810699463,
  "rolling_mean_disp": 1.205492377281189,
  "rolling_num_at_max": 0,
  "rolling_num_at_min": 0,
  "rolling_p95_disp": 1.9982483386993408,
  "rolling_param_max": 2.0786893367767334,
  "rolling_param_mean_abs": 1.2527800798416138,
  "rolling_param_min": 0.42687079310417175,
  "seconds_elapsed": 249.59821602515876,
  "seconds_iter": 0.08393948711454868,
  "seed": 405993,
  "smoothness_tv": 0.08640690892934799,
  "ssim_to_original": 0.9613450169563293,
  "total_geometry_grad_norm": 0.014472313225269318,
  "total_grad_norm": 0.014472313225269318,
  "tps_enabled": 1,
  "tps_grad_norm": 0.002746241632848978,
  "tps_max_disp": 6.832841873168945,
  "tps_mean_disp": 2.5930681228637695,
  "tps_num_at_max": 2,
  "tps_num_at_min": 4,
  "tps_p95_disp": 5.619525909423828,
  "tps_param_max": 4.0960001945495605,
  "tps_param_mean_abs": 1.1026008129119873,
  "tps_param_min": -4.0960001945495605
}
