{
  "Z": 0.06763994693756104,
  "best_Z_so_far": 0.06776446104049683,
  "best_iter_so_far": 3179,
  "case_id": "face_002__add_headphones",
  "combined_max_disp_px": 7.1358232498168945,
  "combined_mean_disp_px": 3.0283470153808594,
  "combined_p95_disp_px": 5.862071514129639,
  "components_at_boundary": "tps",
  "dct_enabled": 1,
  "dct_grad_norm": 0.015924159437417984,
  "dct_max_disp": 7.210571765899658,
  "dct_mean_disp": 2.7587881088256836,
  "dct_num_at_max": 0,
  "dct_num_at_min": 0,
  "dct_p95_disp": 5.339004993438721,
  "dct_param_max": 1.1395512819290161,
  "dct_param_mean_abs": 0.4849986135959625,
  "dct_param_min": -1.407252311706543,
  "delaunay_enabled": 1,
  "delaunay_grad_norm": 0.0019591739401221275,
  "delaunay_max_disp": 8.175969123840332,
  "delaunay_mean_disp": 2.111262559890747,
  "delaunay_num_at_max": 0,
  "delaunay_num_at_min": 0,
  "delaunay_p95_disp": 5.542196750640869,
  "delaunay_param_max": 5.437386512756348,
  "delaunay_param_mean_abs": 1.141988754272461,
  "delaunay_param_min": -6.4664764404296875,
  "face_id": "face_002",
  "fft_phase_enabled": 0,
  "fft_phase_grad_norm": 0.0,
  "fft_phase_max_abs": 0.0,
  "fft_phase_mean_abs": 0.0,
  "fft_phase_norm": 0.0,
  "fft_phase_num_at_max": 0,
  "fft_phase_num_at_min": 0,
  "fft_phase_num_clamped": 0,
  "fft_spatial_delta_mse": 0.0,
  "foldover_fraction": 0.0,
  "fraction_clamped_total": 0.022727272727272728,
  "identity_angle_degrees": 21.19425392150879,
  "identity_angle_radians": 0.36990952491760254,
  "identity_cosine_distance": 0.06763994693756104,
  "identity_cosine_similarity_raw": 0.932360053062439,
  "identity_l2_embedding_distance": 0.3678044080734253,
  "identity_similarity_score_pct": 93.23600769042969,
  "iter": 4150,
  "jacobian_det_min": 0.34332746267318726,
  "l2_to_original": 0.05926408991217613,
  "learning_rate": 0.05,
  "legacy_fft_strength_equivalent": 0.0,
  "loss": -0.06763994693756104,
  "mse_to_original": 0.003512232331559062,
  "num_at_max_total": 1,
  "num_at_min_total": 2,
  "num_clamped_total": 3,
  "num_total_params": 132,
  "original_embedding_norm": 1.0,
  "peak_vram_gb": 2.987697124481201,
  "perturbed_embedding_norm": 0.9999999403953552,
  "prompt": "add headphones",
  "psnr_to_original": 24.544167635584294,
  "rolling_enabled": 1,
  "rolling_grad_norm": 0.0016725707100704312,
  "rolling_max_disp": 1.0029594898223877,
  "rolling_mean_disp": 0.5054613351821899,
  "rolling_num_at_max": 0,
  "rolling_num_at_min": 0,
  "rolling_p95_disp": 0.8249561786651611,
  "rolling_param_max": 1.3592697381973267,
  "rolling_param_mean_abs": 1.397890329360962,
  "rolling_param_min": -1.4365110397338867,
  "seconds_elapsed": 370.86049736849964,
  "seconds_iter": 0.07052608579397202,
  "seed": 438717,
  "smoothness_tv": 0.06172219663858414,
  "ssim_to_original": 0.9732423424720764,
  "total_geometry_grad_norm": 0.016355173662304878,
  "total_grad_norm": 0.016355173662304878,
  "tps_enabled": 1,
  "tps_grad_norm": 0.002697581425309181,
  "tps_max_disp": 5.54619836807251,
  "tps_mean_disp": 1.7622768878936768,
  "tps_num_at_max": 1,
  "tps_num_at_min": 2,
  "tps_p95_disp": 4.158553123474121,
  "tps_param_max": 4.0960001945495605,
  "tps_param_mean_abs": 0.7559394836425781,
  "tps_param_min": -4.0960001945495605
}
