{
  "Z": 0.05855834484100342,
  "best_Z_so_far": 0.05872368812561035,
  "best_iter_so_far": 1696,
  "case_id": "face_002__add_black_sunglasses",
  "combined_max_disp_px": 6.148797035217285,
  "combined_mean_disp_px": 2.6893038749694824,
  "combined_p95_disp_px": 4.758461952209473,
  "components_at_boundary": "tps",
  "dct_enabled": 1,
  "dct_grad_norm": 0.022865431383252144,
  "dct_max_disp": 7.114587306976318,
  "dct_mean_disp": 2.948245048522949,
  "dct_num_at_max": 0,
  "dct_num_at_min": 0,
  "dct_p95_disp": 6.307712554931641,
  "dct_param_max": 1.6479852199554443,
  "dct_param_mean_abs": 0.5047714710235596,
  "dct_param_min": -2.077578544616699,
  "delaunay_enabled": 1,
  "delaunay_grad_norm": 0.004450689535588026,
  "delaunay_max_disp": 8.482914924621582,
  "delaunay_mean_disp": 2.5861716270446777,
  "delaunay_num_at_max": 0,
  "delaunay_num_at_min": 0,
  "delaunay_p95_disp": 6.4830121994018555,
  "delaunay_param_max": 5.283763885498047,
  "delaunay_param_mean_abs": 1.2875759601593018,
  "delaunay_param_min": -6.885873794555664,
  "face_id": "face_002",
  "fft_phase_enabled": 0,
  "fft_phase_grad_norm": 0.0,
  "fft_phase_max_abs": 0.0,
  "fft_phase_mean_abs": 0.0,
  "fft_phase_norm": 0.0,
  "fft_phase_num_at_max": 0,
  "fft_phase_num_at_min": 0,
  "fft_phase_num_clamped": 0,
  "fft_spatial_delta_mse": 0.0,
  "foldover_fraction": 0.0,
  "fraction_clamped_total": 0.007575757575757576,
  "identity_angle_degrees": 19.704910278320312,
  "identity_angle_radians": 0.34391555190086365,
  "identity_cosine_distance": 0.05855834484100342,
  "identity_cosine_similarity_raw": 0.9414416551589966,
  "identity_l2_embedding_distance": 0.34222307801246643,
  "identity_similarity_score_pct": 94.1441650390625,
  "iter": 1700,
  "jacobian_det_min": 0.5011672377586365,
  "l2_to_original": 0.05810622125864029,
  "learning_rate": 0.05,
  "legacy_fft_strength_equivalent": 0.0,
  "loss": -0.05855834484100342,
  "mse_to_original": 0.0033763330429792404,
  "num_at_max_total": 1,
  "num_at_min_total": 0,
  "num_clamped_total": 1,
  "num_total_params": 132,
  "original_embedding_norm": 1.0,
  "peak_vram_gb": 0.4965987205505371,
  "perturbed_embedding_norm": 1.0,
  "prompt": "add black sunglasses",
  "psnr_to_original": 24.715547209343352,
  "rolling_enabled": 1,
  "rolling_grad_norm": 0.0024062246084213257,
  "rolling_max_disp": 0.8311238288879395,
  "rolling_mean_disp": 0.2958694100379944,
  "rolling_num_at_max": 0,
  "rolling_num_at_min": 0,
  "rolling_p95_disp": 0.6950395107269287,
  "rolling_param_max": 1.0599673986434937,
  "rolling_param_mean_abs": 0.9665254950523376,
  "rolling_param_min": -0.8730835914611816,
  "seconds_elapsed": 139.09019307233393,
  "seconds_iter": 0.07863205671310425,
  "seed": 250852,
  "smoothness_tv": 0.056463517248630524,
  "ssim_to_original": 0.9742501974105835,
  "total_geometry_grad_norm": 0.023949766531586647,
  "total_grad_norm": 0.023949766531586647,
  "tps_enabled": 1,
  "tps_grad_norm": 0.005016451235860586,
  "tps_max_disp": 4.732540607452393,
  "tps_mean_disp": 1.593965768814087,
  "tps_num_at_max": 1,
  "tps_num_at_min": 0,
  "tps_p95_disp": 3.992819309234619,
  "tps_param_max": 4.0960001945495605,
  "tps_param_mean_abs": 0.7070196270942688,
  "tps_param_min": -4.064576625823975
}
