{
  "Z": 0.048921048641204834,
  "best_Z_so_far": 0.048951029777526855,
  "best_iter_so_far": 149,
  "case_id": "face_002__add_black_sunglasses",
  "combined_max_disp_px": 7.028426647186279,
  "combined_mean_disp_px": 2.53582763671875,
  "combined_p95_disp_px": 4.498685836791992,
  "components_at_boundary": "",
  "dct_enabled": 1,
  "dct_grad_norm": 0.014876426197588444,
  "dct_max_disp": 6.326625823974609,
  "dct_mean_disp": 2.0413742065429688,
  "dct_num_at_max": 0,
  "dct_num_at_min": 0,
  "dct_p95_disp": 4.152938365936279,
  "dct_param_max": 0.975477397441864,
  "dct_param_mean_abs": 0.3820672929286957,
  "dct_param_min": -0.8608013391494751,
  "delaunay_enabled": 1,
  "delaunay_grad_norm": 0.0019511503633111715,
  "delaunay_max_disp": 2.543882131576538,
  "delaunay_mean_disp": 0.7271105051040649,
  "delaunay_num_at_max": 0,
  "delaunay_num_at_min": 0,
  "delaunay_p95_disp": 1.906903862953186,
  "delaunay_param_max": 1.68297278881073,
  "delaunay_param_mean_abs": 0.34327155351638794,
  "delaunay_param_min": -2.567443370819092,
  "face_id": "face_002",
  "fft_phase_enabled": 0,
  "fft_phase_grad_norm": 0.0,
  "fft_phase_max_abs": 0.0,
  "fft_phase_mean_abs": 0.0,
  "fft_phase_norm": 0.0,
  "fft_phase_num_at_max": 0,
  "fft_phase_num_at_min": 0,
  "fft_phase_num_clamped": 0,
  "fft_spatial_delta_mse": 0.0,
  "foldover_fraction": 0.0,
  "fraction_clamped_total": 0.0,
  "identity_angle_degrees": 17.99584197998047,
  "identity_angle_radians": 0.3140866756439209,
  "identity_cosine_distance": 0.048921048641204834,
  "identity_cosine_similarity_raw": 0.9510789513587952,
  "identity_l2_embedding_distance": 0.3127972185611725,
  "identity_similarity_score_pct": 95.10789489746094,
  "iter": 150,
  "jacobian_det_min": 0.5083345174789429,
  "l2_to_original": 0.055412087589502335,
  "learning_rate": 0.05,
  "legacy_fft_strength_equivalent": 0.0,
  "loss": -0.048921048641204834,
  "mse_to_original": 0.0030704995151609182,
  "num_at_max_total": 0,
  "num_at_min_total": 0,
  "num_clamped_total": 0,
  "num_total_params": 132,
  "original_embedding_norm": 1.0,
  "peak_vram_gb": 0.4958662986755371,
  "perturbed_embedding_norm": 1.0,
  "prompt": "add black sunglasses",
  "psnr_to_original": 25.12790966857926,
  "rolling_enabled": 1,
  "rolling_grad_norm": 0.0021753653418272734,
  "rolling_max_disp": 0.8532742261886597,
  "rolling_mean_disp": 0.30225449800491333,
  "rolling_num_at_max": 0,
  "rolling_num_at_min": 0,
  "rolling_p95_disp": 0.7906625270843506,
  "rolling_param_max": 0.9569436311721802,
  "rolling_param_mean_abs": 0.5870939493179321,
  "rolling_param_min": -0.21724429726600647,
  "seconds_elapsed": 14.273147204890847,
  "seconds_iter": 0.05185851454734802,
  "seed": 250852,
  "smoothness_tv": 0.04656094312667847,
  "ssim_to_original": 0.9765843152999878,
  "total_geometry_grad_norm": 0.015347244217991829,
  "total_grad_norm": 0.015347244217991829,
  "tps_enabled": 1,
  "tps_grad_norm": 0.0023855105973780155,
  "tps_max_disp": 1.4961574077606201,
  "tps_mean_disp": 0.4793787896633148,
  "tps_num_at_max": 0,
  "tps_num_at_min": 0,
  "tps_p95_disp": 1.2064217329025269,
  "tps_param_max": 1.2436541318893433,
  "tps_param_mean_abs": 0.21272362768650055,
  "tps_param_min": -1.4973634481430054
}
