{
  "Z": 0.05914586782455444,
  "best_Z_so_far": 0.059339940547943115,
  "best_iter_so_far": 4261,
  "case_id": "face_002__add_black_sunglasses",
  "combined_max_disp_px": 6.378481388092041,
  "combined_mean_disp_px": 2.699321985244751,
  "combined_p95_disp_px": 4.6917805671691895,
  "components_at_boundary": "tps",
  "dct_enabled": 1,
  "dct_grad_norm": 0.01638387329876423,
  "dct_max_disp": 6.389871120452881,
  "dct_mean_disp": 2.9113612174987793,
  "dct_num_at_max": 0,
  "dct_num_at_min": 0,
  "dct_p95_disp": 5.746378421783447,
  "dct_param_max": 1.4736292362213135,
  "dct_param_mean_abs": 0.5071342587471008,
  "dct_param_min": -1.8680191040039062,
  "delaunay_enabled": 1,
  "delaunay_grad_norm": 0.0026095532812178135,
  "delaunay_max_disp": 8.643460273742676,
  "delaunay_mean_disp": 2.7603344917297363,
  "delaunay_num_at_max": 0,
  "delaunay_num_at_min": 0,
  "delaunay_p95_disp": 6.686099529266357,
  "delaunay_param_max": 6.10963249206543,
  "delaunay_param_mean_abs": 1.3655872344970703,
  "delaunay_param_min": -6.889760494232178,
  "face_id": "face_002",
  "fft_phase_enabled": 0,
  "fft_phase_grad_norm": 0.0,
  "fft_phase_max_abs": 0.0,
  "fft_phase_mean_abs": 0.0,
  "fft_phase_norm": 0.0,
  "fft_phase_num_at_max": 0,
  "fft_phase_num_at_min": 0,
  "fft_phase_num_clamped": 0,
  "fft_spatial_delta_mse": 0.0,
  "foldover_fraction": 0.0,
  "fraction_clamped_total": 0.007575757575757576,
  "identity_angle_degrees": 19.80450439453125,
  "identity_angle_radians": 0.34565380215644836,
  "identity_cosine_distance": 0.05914586782455444,
  "identity_cosine_similarity_raw": 0.9408541321754456,
  "identity_l2_embedding_distance": 0.3439357876777649,
  "identity_similarity_score_pct": 94.08541107177734,
  "iter": 4975,
  "jacobian_det_min": 0.4758754372596741,
  "l2_to_original": 0.05864241346716881,
  "learning_rate": 0.05,
  "legacy_fft_strength_equivalent": 0.0,
  "loss": -0.05914586782455444,
  "mse_to_original": 0.0034389325883239508,
  "num_at_max_total": 0,
  "num_at_min_total": 1,
  "num_clamped_total": 1,
  "num_total_params": 132,
  "original_embedding_norm": 1.0,
  "peak_vram_gb": 0.4965987205505371,
  "perturbed_embedding_norm": 1.0,
  "prompt": "add black sunglasses",
  "psnr_to_original": 24.635763373521268,
  "rolling_enabled": 1,
  "rolling_grad_norm": 0.0031949440017342567,
  "rolling_max_disp": 0.9775223135948181,
  "rolling_mean_disp": 0.47137975692749023,
  "rolling_num_at_max": 0,
  "rolling_num_at_min": 0,
  "rolling_p95_disp": 0.7972375154495239,
  "rolling_param_max": 1.3129980564117432,
  "rolling_param_mean_abs": 1.3309910297393799,
  "rolling_param_min": -1.3489840030670166,
  "seconds_elapsed": 418.00525228865445,
  "seconds_iter": 0.052759455516934395,
  "seed": 250852,
  "smoothness_tv": 0.05794564262032509,
  "ssim_to_original": 0.9737730026245117,
  "total_geometry_grad_norm": 0.017184775322675705,
  "total_grad_norm": 0.017184775322675705,
  "tps_enabled": 1,
  "tps_grad_norm": 0.0031413023825734854,
  "tps_max_disp": 5.524135589599609,
  "tps_mean_disp": 2.128115653991699,
  "tps_num_at_max": 0,
  "tps_num_at_min": 1,
  "tps_p95_disp": 4.6765313148498535,
  "tps_param_max": 4.091163158416748,
  "tps_param_mean_abs": 0.8913247585296631,
  "tps_param_min": -4.0960001945495605
}
