{
  "Z": 0.09898436069488525,
  "best_Z_so_far": 0.09906446933746338,
  "best_iter_so_far": 2714,
  "case_id": "face_005__add_headphones",
  "combined_max_disp_px": 11.893318176269531,
  "combined_mean_disp_px": 4.181192874908447,
  "combined_p95_disp_px": 8.859488487243652,
  "components_at_boundary": "tps",
  "dct_enabled": 1,
  "dct_grad_norm": 0.017041658982634544,
  "dct_max_disp": 9.046516418457031,
  "dct_mean_disp": 3.4210216999053955,
  "dct_num_at_max": 0,
  "dct_num_at_min": 0,
  "dct_p95_disp": 6.8568572998046875,
  "dct_param_max": 1.0958153009414673,
  "dct_param_mean_abs": 0.6244438290596008,
  "dct_param_min": -1.6639982461929321,
  "delaunay_enabled": 1,
  "delaunay_grad_norm": 0.002897813683375716,
  "delaunay_max_disp": 8.318146705627441,
  "delaunay_mean_disp": 1.4953761100769043,
  "delaunay_num_at_max": 0,
  "delaunay_num_at_min": 0,
  "delaunay_p95_disp": 5.176453590393066,
  "delaunay_param_max": 6.811713218688965,
  "delaunay_param_mean_abs": 0.7552217841148376,
  "delaunay_param_min": -1.2867093086242676,
  "face_id": "face_005",
  "fft_phase_enabled": 0,
  "fft_phase_grad_norm": 0.0,
  "fft_phase_max_abs": 0.0,
  "fft_phase_mean_abs": 0.0,
  "fft_phase_norm": 0.0,
  "fft_phase_num_at_max": 0,
  "fft_phase_num_at_min": 0,
  "fft_phase_num_clamped": 0,
  "fft_spatial_delta_mse": 0.0,
  "foldover_fraction": 0.0,
  "fraction_clamped_total": 0.03787878787878788,
  "identity_angle_degrees": 25.70810890197754,
  "identity_angle_radians": 0.44869112968444824,
  "identity_cosine_distance": 0.09898436069488525,
  "identity_cosine_similarity_raw": 0.9010156393051147,
  "identity_l2_embedding_distance": 0.44493693113327026,
  "identity_similarity_score_pct": 90.1015625,
  "iter": 2925,
  "jacobian_det_min": 0.4918155074119568,
  "l2_to_original": 0.07153605669736862,
  "learning_rate": 0.05,
  "legacy_fft_strength_equivalent": 0.0,
  "loss": -0.09898436069488525,
  "mse_to_original": 0.005117407068610191,
  "num_at_max_total": 1,
  "num_at_min_total": 4,
  "num_clamped_total": 5,
  "num_total_params": 132,
  "original_embedding_norm": 0.9999999403953552,
  "peak_vram_gb": 2.993251323699951,
  "perturbed_embedding_norm": 0.9999999403953552,
  "prompt": "add headphones",
  "psnr_to_original": 22.909500353203175,
  "rolling_enabled": 1,
  "rolling_grad_norm": 0.0061491625383496284,
  "rolling_max_disp": 2.0183534622192383,
  "rolling_mean_disp": 1.2091479301452637,
  "rolling_num_at_max": 0,
  "rolling_num_at_min": 0,
  "rolling_p95_disp": 1.9857404232025146,
  "rolling_param_max": 2.067061424255371,
  "rolling_param_mean_abs": 1.2623828649520874,
  "rolling_param_min": 0.4577043354511261,
  "seconds_elapsed": 268.60829707048833,
  "seconds_iter": 0.07440989091992378,
  "seed": 405993,
  "smoothness_tv": 0.08626805245876312,
  "ssim_to_original": 0.9613276124000549,
  "total_geometry_grad_norm": 0.01866895705461502,
  "total_grad_norm": 0.01866895705461502,
  "tps_enabled": 1,
  "tps_grad_norm": 0.003449968295171857,
  "tps_max_disp": 6.8325276374816895,
  "tps_mean_disp": 2.603567123413086,
  "tps_num_at_max": 1,
  "tps_num_at_min": 4,
  "tps_p95_disp": 5.62349271774292,
  "tps_param_max": 4.0960001945495605,
  "tps_param_mean_abs": 1.1063021421432495,
  "tps_param_min": -4.0960001945495605
}
