{
  "Z": 0.10279238224029541,
  "best_Z_so_far": 0.10289573669433594,
  "best_iter_so_far": 2706,
  "case_id": "face_005__add_black_sunglasses",
  "combined_max_disp_px": 18.02313995361328,
  "combined_mean_disp_px": 4.558950424194336,
  "combined_p95_disp_px": 9.307132720947266,
  "components_at_boundary": "delaunay,tps",
  "dct_enabled": 1,
  "dct_grad_norm": 0.016685033217072487,
  "dct_max_disp": 18.39864158630371,
  "dct_mean_disp": 4.101472854614258,
  "dct_num_at_max": 0,
  "dct_num_at_min": 0,
  "dct_p95_disp": 8.063139915466309,
  "dct_param_max": 1.7338916063308716,
  "dct_param_mean_abs": 0.8030147552490234,
  "dct_param_min": -1.8965604305267334,
  "delaunay_enabled": 1,
  "delaunay_grad_norm": 0.003393597900867462,
  "delaunay_max_disp": 9.720452308654785,
  "delaunay_mean_disp": 1.6967060565948486,
  "delaunay_num_at_max": 1,
  "delaunay_num_at_min": 0,
  "delaunay_p95_disp": 5.57335901260376,
  "delaunay_param_max": 7.679999828338623,
  "delaunay_param_mean_abs": 0.9525554180145264,
  "delaunay_param_min": -3.212671995162964,
  "face_id": "face_005",
  "fft_phase_enabled": 0,
  "fft_phase_grad_norm": 0.0,
  "fft_phase_max_abs": 0.0,
  "fft_phase_mean_abs": 0.0,
  "fft_phase_norm": 0.0,
  "fft_phase_num_at_max": 0,
  "fft_phase_num_at_min": 0,
  "fft_phase_num_clamped": 0,
  "fft_spatial_delta_mse": 0.0,
  "foldover_fraction": 0.002777099609375,
  "fraction_clamped_total": 0.030303030303030304,
  "identity_angle_degrees": 26.206584930419922,
  "identity_angle_radians": 0.4573912024497986,
  "identity_cosine_distance": 0.10279238224029541,
  "identity_cosine_similarity_raw": 0.8972076177597046,
  "identity_l2_embedding_distance": 0.4534147381782532,
  "identity_similarity_score_pct": 89.72076416015625,
  "iter": 2725,
  "jacobian_det_min": -0.6768844127655029,
  "l2_to_original": 0.07087685167789459,
  "learning_rate": 0.05,
  "legacy_fft_strength_equivalent": 0.0,
  "loss": -0.10279238224029541,
  "mse_to_original": 0.005023527890443802,
  "num_at_max_total": 4,
  "num_at_min_total": 0,
  "num_clamped_total": 4,
  "num_total_params": 132,
  "original_embedding_norm": 0.9999999403953552,
  "peak_vram_gb": 2.991054058074951,
  "perturbed_embedding_norm": 1.0,
  "prompt": "add black sunglasses",
  "psnr_to_original": 22.989911822106194,
  "rolling_enabled": 1,
  "rolling_grad_norm": 0.0020560426637530327,
  "rolling_max_disp": 0.632568359375,
  "rolling_mean_disp": 0.3953215181827545,
  "rolling_num_at_max": 0,
  "rolling_num_at_min": 0,
  "rolling_p95_disp": 0.6266417503356934,
  "rolling_param_max": 0.6389058828353882,
  "rolling_param_mean_abs": 0.4062480628490448,
  "rolling_param_min": 0.17359022796154022,
  "seconds_elapsed": 252.43838705308735,
  "seconds_iter": 0.07289980724453926,
  "seed": 67119,
  "smoothness_tv": 0.10397842526435852,
  "ssim_to_original": 0.9619941115379333,
  "total_geometry_grad_norm": 0.01761319488286972,
  "total_grad_norm": 0.01761319488286972,
  "tps_enabled": 1,
  "tps_grad_norm": 0.0040113008581101894,
  "tps_max_disp": 5.83294677734375,
  "tps_mean_disp": 2.373403787612915,
  "tps_num_at_max": 3,
  "tps_num_at_min": 0,
  "tps_p95_disp": 5.016740798950195,
  "tps_param_max": 4.0960001945495605,
  "tps_param_mean_abs": 1.0774755477905273,
  "tps_param_min": -4.095839977264404
}
