{
  "Z": 0.09894686937332153,
  "best_Z_so_far": 0.09910017251968384,
  "best_iter_so_far": 4546,
  "case_id": "face_005__add_headphones",
  "combined_max_disp_px": 11.867180824279785,
  "combined_mean_disp_px": 4.170019149780273,
  "combined_p95_disp_px": 8.826240539550781,
  "components_at_boundary": "tps",
  "dct_enabled": 1,
  "dct_grad_norm": 0.015676092356443405,
  "dct_max_disp": 8.959381103515625,
  "dct_mean_disp": 3.434738874435425,
  "dct_num_at_max": 0,
  "dct_num_at_min": 0,
  "dct_p95_disp": 6.901286602020264,
  "dct_param_max": 1.1107196807861328,
  "dct_param_mean_abs": 0.6285187602043152,
  "dct_param_min": -1.6508344411849976,
  "delaunay_enabled": 1,
  "delaunay_grad_norm": 0.002835089573636651,
  "delaunay_max_disp": 8.497045516967773,
  "delaunay_mean_disp": 1.524190068244934,
  "delaunay_num_at_max": 0,
  "delaunay_num_at_min": 0,
  "delaunay_p95_disp": 5.227972507476807,
  "delaunay_param_max": 6.846977710723877,
  "delaunay_param_mean_abs": 0.771191418170929,
  "delaunay_param_min": -1.5174330472946167,
  "face_id": "face_005",
  "fft_phase_enabled": 0,
  "fft_phase_grad_norm": 0.0,
  "fft_phase_max_abs": 0.0,
  "fft_phase_mean_abs": 0.0,
  "fft_phase_norm": 0.0,
  "fft_phase_num_at_max": 0,
  "fft_phase_num_at_min": 0,
  "fft_phase_num_clamped": 0,
  "fft_spatial_delta_mse": 0.0,
  "foldover_fraction": 0.0,
  "fraction_clamped_total": 0.05303030303030303,
  "identity_angle_degrees": 25.703155517578125,
  "identity_angle_radians": 0.4486047029495239,
  "identity_cosine_distance": 0.09894686937332153,
  "identity_cosine_similarity_raw": 0.9010531306266785,
  "identity_l2_embedding_distance": 0.444852739572525,
  "identity_similarity_score_pct": 90.10531616210938,
  "iter": 4900,
  "jacobian_det_min": 0.4603499472141266,
  "l2_to_original": 0.07141081988811493,
  "learning_rate": 0.05,
  "legacy_fft_strength_equivalent": 0.0,
  "loss": -0.09894686937332153,
  "mse_to_original": 0.005099504720419645,
  "num_at_max_total": 3,
  "num_at_min_total": 4,
  "num_clamped_total": 7,
  "num_total_params": 132,
  "original_embedding_norm": 0.9999999403953552,
  "peak_vram_gb": 2.993251323699951,
  "perturbed_embedding_norm": 1.0,
  "prompt": "add headphones",
  "psnr_to_original": 22.92472001869487,
  "rolling_enabled": 1,
  "rolling_grad_norm": 0.0017621562583371997,
  "rolling_max_disp": 2.100358724594116,
  "rolling_mean_disp": 1.1859028339385986,
  "rolling_num_at_max": 0,
  "rolling_num_at_min": 0,
  "rolling_p95_disp": 2.0452072620391846,
  "rolling_param_max": 2.180030345916748,
  "rolling_param_mean_abs": 1.257250189781189,
  "rolling_param_min": 0.3344700336456299,
  "seconds_elapsed": 453.00713995844126,
  "seconds_iter": 0.08490003272891045,
  "seed": 405993,
  "smoothness_tv": 0.08646328747272491,
  "ssim_to_original": 0.9614617824554443,
  "total_geometry_grad_norm": 0.016428209841251373,
  "total_grad_norm": 0.016428209841251373,
  "tps_enabled": 1,
  "tps_grad_norm": 0.0036059997510164976,
  "tps_max_disp": 6.883485317230225,
  "tps_mean_disp": 2.620340347290039,
  "tps_num_at_max": 3,
  "tps_num_at_min": 4,
  "tps_p95_disp": 5.651190280914307,
  "tps_param_max": 4.0960001945495605,
  "tps_param_mean_abs": 1.1120030879974365,
  "tps_param_min": -4.0960001945495605
}
