{
  "Z": 0.05911731719970703,
  "best_Z_so_far": 0.05927330255508423,
  "best_iter_so_far": 3599,
  "case_id": "face_002__add_black_sunglasses",
  "combined_max_disp_px": 6.333534240722656,
  "combined_mean_disp_px": 2.7021641731262207,
  "combined_p95_disp_px": 4.682603359222412,
  "components_at_boundary": "tps",
  "dct_enabled": 1,
  "dct_grad_norm": 0.017319656908512115,
  "dct_max_disp": 6.406366348266602,
  "dct_mean_disp": 2.9098258018493652,
  "dct_num_at_max": 0,
  "dct_num_at_min": 0,
  "dct_p95_disp": 5.763919353485107,
  "dct_param_max": 1.4912997484207153,
  "dct_param_mean_abs": 0.5057419538497925,
  "dct_param_min": -1.899722695350647,
  "delaunay_enabled": 1,
  "delaunay_grad_norm": 0.002115339506417513,
  "delaunay_max_disp": 8.648782730102539,
  "delaunay_mean_disp": 2.7461092472076416,
  "delaunay_num_at_max": 0,
  "delaunay_num_at_min": 0,
  "delaunay_p95_disp": 6.684366226196289,
  "delaunay_param_max": 5.976258754730225,
  "delaunay_param_mean_abs": 1.3613789081573486,
  "delaunay_param_min": -6.829132556915283,
  "face_id": "face_002",
  "fft_phase_enabled": 0,
  "fft_phase_grad_norm": 0.0,
  "fft_phase_max_abs": 0.0,
  "fft_phase_mean_abs": 0.0,
  "fft_phase_norm": 0.0,
  "fft_phase_num_at_max": 0,
  "fft_phase_num_at_min": 0,
  "fft_phase_num_clamped": 0,
  "fft_spatial_delta_mse": 0.0,
  "foldover_fraction": 0.0,
  "fraction_clamped_total": 0.015151515151515152,
  "identity_angle_degrees": 19.7996768951416,
  "identity_angle_radians": 0.34556955099105835,
  "identity_cosine_distance": 0.05911731719970703,
  "identity_cosine_similarity_raw": 0.940882682800293,
  "identity_l2_embedding_distance": 0.343852698802948,
  "identity_similarity_score_pct": 94.08827209472656,
  "iter": 3825,
  "jacobian_det_min": 0.48031288385391235,
  "l2_to_original": 0.058686692267656326,
  "learning_rate": 0.05,
  "legacy_fft_strength_equivalent": 0.0,
  "loss": -0.05911731719970703,
  "mse_to_original": 0.0034441277384757996,
  "num_at_max_total": 1,
  "num_at_min_total": 1,
  "num_clamped_total": 2,
  "num_total_params": 132,
  "original_embedding_norm": 1.0,
  "peak_vram_gb": 0.4965987205505371,
  "perturbed_embedding_norm": 1.0,
  "prompt": "add black sunglasses",
  "psnr_to_original": 24.629207494697237,
  "rolling_enabled": 1,
  "rolling_grad_norm": 0.002891776617616415,
  "rolling_max_disp": 0.9238444566726685,
  "rolling_mean_disp": 0.5171180963516235,
  "rolling_num_at_max": 0,
  "rolling_num_at_min": 0,
  "rolling_p95_disp": 0.8643712997436523,
  "rolling_param_max": 1.273727297782898,
  "rolling_param_mean_abs": 1.3613961935043335,
  "rolling_param_min": -1.449065089225769,
  "seconds_elapsed": 317.2296071369201,
  "seconds_iter": 0.07570532150566578,
  "seed": 250852,
  "smoothness_tv": 0.05805981904268265,
  "ssim_to_original": 0.9737333059310913,
  "total_geometry_grad_norm": 0.017878979444503784,
  "total_grad_norm": 0.017878979444503784,
  "tps_enabled": 1,
  "tps_grad_norm": 0.0026173132937401533,
  "tps_max_disp": 5.419949531555176,
  "tps_mean_disp": 2.090435028076172,
  "tps_num_at_max": 1,
  "tps_num_at_min": 1,
  "tps_p95_disp": 4.657492160797119,
  "tps_param_max": 4.0960001945495605,
  "tps_param_mean_abs": 0.8750653862953186,
  "tps_param_min": -4.0960001945495605
}
