{
  "Z": 0.06699919700622559,
  "best_Z_so_far": 0.06710726022720337,
  "best_iter_so_far": 1502,
  "case_id": "face_002__add_headphones",
  "combined_max_disp_px": 7.152544021606445,
  "combined_mean_disp_px": 3.009753704071045,
  "combined_p95_disp_px": 5.849570274353027,
  "components_at_boundary": "tps",
  "dct_enabled": 1,
  "dct_grad_norm": 0.01802404783666134,
  "dct_max_disp": 6.673820972442627,
  "dct_mean_disp": 2.564424753189087,
  "dct_num_at_max": 0,
  "dct_num_at_min": 0,
  "dct_p95_disp": 5.198700428009033,
  "dct_param_max": 0.9464972019195557,
  "dct_param_mean_abs": 0.48223772644996643,
  "dct_param_min": -1.1400283575057983,
  "delaunay_enabled": 1,
  "delaunay_grad_norm": 0.003049749881029129,
  "delaunay_max_disp": 8.429927825927734,
  "delaunay_mean_disp": 1.9674946069717407,
  "delaunay_num_at_max": 0,
  "delaunay_num_at_min": 0,
  "delaunay_p95_disp": 5.398092269897461,
  "delaunay_param_max": 5.4086432456970215,
  "delaunay_param_mean_abs": 1.0490341186523438,
  "delaunay_param_min": -6.5185770988464355,
  "face_id": "face_002",
  "fft_phase_enabled": 0,
  "fft_phase_grad_norm": 0.0,
  "fft_phase_max_abs": 0.0,
  "fft_phase_mean_abs": 0.0,
  "fft_phase_norm": 0.0,
  "fft_phase_num_at_max": 0,
  "fft_phase_num_at_min": 0,
  "fft_phase_num_clamped": 0,
  "fft_spatial_delta_mse": 0.0,
  "foldover_fraction": 0.0,
  "fraction_clamped_total": 0.007575757575757576,
  "identity_angle_degrees": 21.09247398376465,
  "identity_angle_radians": 0.3681331276893616,
  "identity_cosine_distance": 0.06699919700622559,
  "identity_cosine_similarity_raw": 0.9330008029937744,
  "identity_l2_embedding_distance": 0.3660581707954407,
  "identity_similarity_score_pct": 93.30007934570312,
  "iter": 1550,
  "jacobian_det_min": 0.3739342987537384,
  "l2_to_original": 0.05899517238140106,
  "learning_rate": 0.05,
  "legacy_fft_strength_equivalent": 0.0,
  "loss": -0.06699919700622559,
  "mse_to_original": 0.0034804302267730236,
  "num_at_max_total": 0,
  "num_at_min_total": 1,
  "num_clamped_total": 1,
  "num_total_params": 132,
  "original_embedding_norm": 1.0,
  "peak_vram_gb": 2.987697124481201,
  "perturbed_embedding_norm": 0.9999999403953552,
  "prompt": "add headphones",
  "psnr_to_original": 24.583670682474526,
  "rolling_enabled": 1,
  "rolling_grad_norm": 0.0009301519021391869,
  "rolling_max_disp": 1.3294553756713867,
  "rolling_mean_disp": 0.7546234130859375,
  "rolling_num_at_max": 0,
  "rolling_num_at_min": 0,
  "rolling_p95_disp": 1.3228678703308105,
  "rolling_param_max": 1.3508727550506592,
  "rolling_param_mean_abs": 1.6531198024749756,
  "rolling_param_min": -1.9553669691085815,
  "seconds_elapsed": 141.56693871505558,
  "seconds_iter": 0.07520121335983276,
  "seed": 438717,
  "smoothness_tv": 0.06170032173395157,
  "ssim_to_original": 0.9734839797019958,
  "total_geometry_grad_norm": 0.018649425357580185,
  "total_grad_norm": 0.018649425357580185,
  "tps_enabled": 1,
  "tps_grad_norm": 0.0035733175463974476,
  "tps_max_disp": 5.3531975746154785,
  "tps_mean_disp": 1.6509742736816406,
  "tps_num_at_max": 0,
  "tps_num_at_min": 1,
  "tps_p95_disp": 4.067776679992676,
  "tps_param_max": 3.8706517219543457,
  "tps_param_mean_abs": 0.7161220908164978,
  "tps_param_min": -4.0960001945495605
}
