{
  "Z": 0.06760817766189575,
  "best_Z_so_far": 0.06776446104049683,
  "best_iter_so_far": 3179,
  "case_id": "face_002__add_headphones",
  "combined_max_disp_px": 7.159533500671387,
  "combined_mean_disp_px": 3.023138999938965,
  "combined_p95_disp_px": 5.871124744415283,
  "components_at_boundary": "tps",
  "dct_enabled": 1,
  "dct_grad_norm": 0.018609696999192238,
  "dct_max_disp": 7.185787200927734,
  "dct_mean_disp": 2.7495694160461426,
  "dct_num_at_max": 0,
  "dct_num_at_min": 0,
  "dct_p95_disp": 5.338048934936523,
  "dct_param_max": 1.133009672164917,
  "dct_param_mean_abs": 0.4844358265399933,
  "dct_param_min": -1.3902230262756348,
  "delaunay_enabled": 1,
  "delaunay_grad_norm": 0.0023927318397909403,
  "delaunay_max_disp": 8.162851333618164,
  "delaunay_mean_disp": 2.10909104347229,
  "delaunay_num_at_max": 0,
  "delaunay_num_at_min": 0,
  "delaunay_p95_disp": 5.540008544921875,
  "delaunay_param_max": 5.425819396972656,
  "delaunay_param_mean_abs": 1.1401219367980957,
  "delaunay_param_min": -6.466854572296143,
  "face_id": "face_002",
  "fft_phase_enabled": 0,
  "fft_phase_grad_norm": 0.0,
  "fft_phase_max_abs": 0.0,
  "fft_phase_mean_abs": 0.0,
  "fft_phase_norm": 0.0,
  "fft_phase_num_at_max": 0,
  "fft_phase_num_at_min": 0,
  "fft_phase_num_clamped": 0,
  "fft_spatial_delta_mse": 0.0,
  "foldover_fraction": 0.0,
  "fraction_clamped_total": 0.022727272727272728,
  "identity_angle_degrees": 21.189220428466797,
  "identity_angle_radians": 0.3698216676712036,
  "identity_cosine_distance": 0.06760817766189575,
  "identity_cosine_similarity_raw": 0.9323918223381042,
  "identity_l2_embedding_distance": 0.3677178919315338,
  "identity_similarity_score_pct": 93.23918151855469,
  "iter": 4050,
  "jacobian_det_min": 0.3461417257785797,
  "l2_to_original": 0.05928371846675873,
  "learning_rate": 0.05,
  "legacy_fft_strength_equivalent": 0.0,
  "loss": -0.06760817766189575,
  "mse_to_original": 0.0035145594738423824,
  "num_at_max_total": 1,
  "num_at_min_total": 2,
  "num_clamped_total": 3,
  "num_total_params": 132,
  "original_embedding_norm": 1.0,
  "peak_vram_gb": 2.987697124481201,
  "perturbed_embedding_norm": 0.9999999403953552,
  "prompt": "add headphones",
  "psnr_to_original": 24.541291030962476,
  "rolling_enabled": 1,
  "rolling_grad_norm": 0.00031066223164089024,
  "rolling_max_disp": 0.9899312853813171,
  "rolling_mean_disp": 0.5049129724502563,
  "rolling_num_at_max": 0,
  "rolling_num_at_min": 0,
  "rolling_p95_disp": 0.8267558217048645,
  "rolling_param_max": 1.3431607484817505,
  "rolling_param_mean_abs": 1.3889633417129517,
  "rolling_param_min": -1.4347659349441528,
  "seconds_elapsed": 362.2165429275483,
  "seconds_iter": 0.05828574486076832,
  "seed": 438717,
  "smoothness_tv": 0.061547160148620605,
  "ssim_to_original": 0.9732248187065125,
  "total_geometry_grad_norm": 0.01895732805132866,
  "total_grad_norm": 0.01895732805132866,
  "tps_enabled": 1,
  "tps_grad_norm": 0.0026903131511062384,
  "tps_max_disp": 5.532466411590576,
  "tps_mean_disp": 1.758993148803711,
  "tps_num_at_max": 1,
  "tps_num_at_min": 2,
  "tps_p95_disp": 4.1482038497924805,
  "tps_param_max": 4.0960001945495605,
  "tps_param_mean_abs": 0.75404953956604,
  "tps_param_min": -4.0960001945495605
}
