{
  "Z": 0.10275143384933472,
  "best_Z_so_far": 0.10296046733856201,
  "best_iter_so_far": 2891,
  "case_id": "face_005__add_black_sunglasses",
  "combined_max_disp_px": 17.900815963745117,
  "combined_mean_disp_px": 4.562347412109375,
  "combined_p95_disp_px": 9.27363109588623,
  "components_at_boundary": "delaunay,tps",
  "dct_enabled": 1,
  "dct_grad_norm": 0.019542034715414047,
  "dct_max_disp": 18.28239631652832,
  "dct_mean_disp": 4.134154319763184,
  "dct_num_at_max": 0,
  "dct_num_at_min": 0,
  "dct_p95_disp": 8.060633659362793,
  "dct_param_max": 1.7609895467758179,
  "dct_param_mean_abs": 0.8095929622650146,
  "dct_param_min": -1.883175253868103,
  "delaunay_enabled": 1,
  "delaunay_grad_norm": 0.003653137246146798,
  "delaunay_max_disp": 9.704809188842773,
  "delaunay_mean_disp": 1.7147912979125977,
  "delaunay_num_at_max": 1,
  "delaunay_num_at_min": 0,
  "delaunay_p95_disp": 5.611114978790283,
  "delaunay_param_max": 7.679999828338623,
  "delaunay_param_mean_abs": 0.9795866012573242,
  "delaunay_param_min": -3.2600555419921875,
  "face_id": "face_005",
  "fft_phase_enabled": 0,
  "fft_phase_grad_norm": 0.0,
  "fft_phase_max_abs": 0.0,
  "fft_phase_mean_abs": 0.0,
  "fft_phase_norm": 0.0,
  "fft_phase_num_at_max": 0,
  "fft_phase_num_at_min": 0,
  "fft_phase_num_clamped": 0,
  "fft_spatial_delta_mse": 0.0,
  "foldover_fraction": 0.002735137939453125,
  "fraction_clamped_total": 0.06060606060606061,
  "identity_angle_degrees": 26.20127296447754,
  "identity_angle_radians": 0.45729848742485046,
  "identity_cosine_distance": 0.10275143384933472,
  "identity_cosine_similarity_raw": 0.8972485661506653,
  "identity_l2_embedding_distance": 0.453324556350708,
  "identity_similarity_score_pct": 89.724853515625,
  "iter": 2950,
  "jacobian_det_min": -0.6620898842811584,
  "l2_to_original": 0.07091609388589859,
  "learning_rate": 0.05,
  "legacy_fft_strength_equivalent": 0.0,
  "loss": -0.10275143384933472,
  "mse_to_original": 0.005029092077165842,
  "num_at_max_total": 4,
  "num_at_min_total": 4,
  "num_clamped_total": 8,
  "num_total_params": 132,
  "original_embedding_norm": 0.9999999403953552,
  "peak_vram_gb": 2.991054058074951,
  "perturbed_embedding_norm": 0.9999999403953552,
  "prompt": "add black sunglasses",
  "psnr_to_original": 22.98510412850149,
  "rolling_enabled": 1,
  "rolling_grad_norm": 0.004946866072714329,
  "rolling_max_disp": 0.6343322992324829,
  "rolling_mean_disp": 0.3517919182777405,
  "rolling_num_at_max": 0,
  "rolling_num_at_min": 0,
  "rolling_p95_disp": 0.6158105134963989,
  "rolling_param_max": 0.661903440952301,
  "rolling_param_mean_abs": 0.3765096366405487,
  "rolling_param_min": 0.09111583977937698,
  "seconds_elapsed": 273.5997654031962,
  "seconds_iter": 0.0573389008641243,
  "seed": 67119,
  "smoothness_tv": 0.10419265925884247,
  "ssim_to_original": 0.961948573589325,
  "total_geometry_grad_norm": 0.020944880321621895,
  "total_grad_norm": 0.020944880321621895,
  "tps_enabled": 1,
  "tps_grad_norm": 0.00435660220682621,
  "tps_max_disp": 5.8727803230285645,
  "tps_mean_disp": 2.40106201171875,
  "tps_num_at_max": 3,
  "tps_num_at_min": 4,
  "tps_p95_disp": 5.03761100769043,
  "tps_param_max": 4.0960001945495605,
  "tps_param_mean_abs": 1.0917115211486816,
  "tps_param_min": -4.0960001945495605
}
