{
  "Z": 0.07830828428268433,
  "best_Z_so_far": 0.07830828428268433,
  "best_iter_so_far": 200,
  "case_id": "face_005__add_headphones",
  "combined_max_disp_px": 7.756476879119873,
  "combined_mean_disp_px": 2.6748757362365723,
  "combined_p95_disp_px": 5.189560413360596,
  "components_at_boundary": "dct,tps",
  "dct_clipped_high_fraction": 0.00746027659624815,
  "dct_clipped_low_fraction": 0.0014508565654978156,
  "dct_coefficient_delta_l1": 0.005528764333575964,
  "dct_coefficient_delta_l2": 0.021429527550935745,
  "dct_dc_energy": 24.62457847595215,
  "dct_enabled": 1,
  "dct_frequency_mask_mode": "all_ac",
  "dct_gain_grad_norm": 0.01952526345849037,
  "dct_gain_l2": 6.626541614532471,
  "dct_gain_max": 0.5,
  "dct_gain_mean": 0.1639457792043686,
  "dct_gain_mean_abs": 0.47622573375701904,
  "dct_gain_min": -0.5,
  "dct_high_frequency_energy_after": 3.46066735801287e-05,
  "dct_high_frequency_energy_before": 2.551368197600823e-05,
  "dct_input_coefficient_energy": 0.38682228326797485,
  "dct_low_frequency_energy_after": 0.015987416729331017,
  "dct_low_frequency_energy_before": 0.013847104273736477,
  "dct_mid_frequency_energy_after": 0.0004858783504460007,
  "dct_mid_frequency_energy_before": 0.00025801113224588335,
  "dct_num_at_max": 110,
  "dct_num_at_min": 52,
  "dct_num_clamped": 162,
  "dct_output_coefficient_energy": 0.38721978664398193,
  "dct_relative_energy_change": 0.0010276123648509383,
  "dct_selected_frequency_count": 189,
  "dct_spatial_delta_l1": 0.01272552739828825,
  "dct_spatial_delta_l2": 0.021242180839180946,
  "dct_spatial_delta_max_abs": 0.2839917540550232,
  "dct_spatial_delta_mse": 0.00045123021118342876,
  "delaunay_enabled": 1,
  "delaunay_grad_norm": 0.0027372895274311304,
  "delaunay_max_disp": 3.9856226444244385,
  "delaunay_mean_disp": 1.0851550102233887,
  "delaunay_num_at_max": 0,
  "delaunay_num_at_min": 0,
  "delaunay_p95_disp": 2.538360357284546,
  "delaunay_param_max": 4.036081790924072,
  "delaunay_param_mean_abs": 0.5961077809333801,
  "delaunay_param_min": -2.5166187286376953,
  "face_id": "face_005",
  "fft_phase_enabled": 0,
  "fft_phase_grad_norm": 0.0,
  "fft_phase_max_abs": 0.0,
  "fft_phase_mean_abs": 0.0,
  "fft_phase_norm": 0.0,
  "fft_phase_num_at_max": 0,
  "fft_phase_num_at_min": 0,
  "fft_phase_num_clamped": 0,
  "fft_spatial_delta_mse": 0.0,
  "foldover_fraction": 0.0,
  "fraction_clamped_total": 0.5601374570446735,
  "identity_angle_degrees": 22.825334548950195,
  "identity_angle_radians": 0.3983772397041321,
  "identity_cosine_distance": 0.07830828428268433,
  "identity_cosine_similarity_raw": 0.9216917157173157,
  "identity_l2_embedding_distance": 0.3957482576370239,
  "identity_similarity_score_pct": 92.16917419433594,
  "iter": 200,
  "jacobian_det_min": 0.7536993622779846,
  "l2_to_original": 0.05385409668087959,
  "learning_rate": 0.05,
  "legacy_fft_strength_equivalent": 0.0,
  "loss": -0.07830828428268433,
  "mse_to_original": 0.002900263760238886,
  "num_at_max_total": 110,
  "num_at_min_total": 53,
  "num_clamped_total": 163,
  "num_total_params": 291,
  "original_embedding_norm": 0.9999999403953552,
  "peak_vram_gb": 2.993438243865967,
  "perturbed_embedding_norm": 1.0,
  "prompt": "add headphones",
  "psnr_to_original": 25.375625040295397,
  "rolling_enabled": 1,
  "rolling_grad_norm": 0.006499382667243481,
  "rolling_max_disp": 2.4903481006622314,
  "rolling_mean_disp": 1.70801842212677,
  "rolling_num_at_max": 0,
  "rolling_num_at_min": 0,
  "rolling_p95_disp": 2.485398292541504,
  "rolling_param_max": -1.5586254596710205,
  "rolling_param_mean_abs": 1.5922935009002686,
  "rolling_param_min": -1.6259616613388062,
  "seconds_elapsed": 18.212288711220026,
  "seconds_iter": 0.07426080852746964,
  "seed": 405993,
  "smoothness_tv": 0.04130680859088898,
  "ssim_to_original": 0.9780883193016052,
  "total_geometry_grad_norm": 0.021042490378022194,
  "total_grad_norm": 0.021042490378022194,
  "tps_enabled": 1,
  "tps_grad_norm": 0.0034374063834547997,
  "tps_max_disp": 4.120486736297607,
  "tps_mean_disp": 1.118153691291809,
  "tps_num_at_max": 0,
  "tps_num_at_min": 1,
  "tps_p95_disp": 2.7860758304595947,
  "tps_param_max": 2.601332187652588,
  "tps_param_mean_abs": 0.45040786266326904,
  "tps_param_min": -4.0960001945495605
}
