{
  "Z": 0.05732560157775879,
  "best_Z_so_far": 0.0574762225151062,
  "best_iter_so_far": 595,
  "case_id": "face_002__add_black_sunglasses",
  "combined_max_disp_px": 7.110716342926025,
  "combined_mean_disp_px": 2.6459670066833496,
  "combined_p95_disp_px": 4.802361965179443,
  "components_at_boundary": "",
  "dct_enabled": 1,
  "dct_grad_norm": 0.019979050382971764,
  "dct_max_disp": 6.571542263031006,
  "dct_mean_disp": 2.8468611240386963,
  "dct_num_at_max": 0,
  "dct_num_at_min": 0,
  "dct_p95_disp": 5.8097124099731445,
  "dct_param_max": 1.6037367582321167,
  "dct_param_mean_abs": 0.5093441009521484,
  "dct_param_min": -1.8597970008850098,
  "delaunay_enabled": 1,
  "delaunay_grad_norm": 0.0037189952563494444,
  "delaunay_max_disp": 6.5436553955078125,
  "delaunay_mean_disp": 2.006977081298828,
  "delaunay_num_at_max": 0,
  "delaunay_num_at_min": 0,
  "delaunay_p95_disp": 4.8222270011901855,
  "delaunay_param_max": 4.211187839508057,
  "delaunay_param_mean_abs": 0.9920703768730164,
  "delaunay_param_min": -5.879081726074219,
  "face_id": "face_002",
  "fft_phase_enabled": 0,
  "fft_phase_grad_norm": 0.0,
  "fft_phase_max_abs": 0.0,
  "fft_phase_mean_abs": 0.0,
  "fft_phase_norm": 0.0,
  "fft_phase_num_at_max": 0,
  "fft_phase_num_at_min": 0,
  "fft_phase_num_clamped": 0,
  "fft_spatial_delta_mse": 0.0,
  "foldover_fraction": 0.0,
  "fraction_clamped_total": 0.0,
  "identity_angle_degrees": 19.49435043334961,
  "identity_angle_radians": 0.34024059772491455,
  "identity_cosine_distance": 0.05732560157775879,
  "identity_cosine_similarity_raw": 0.9426743984222412,
  "identity_l2_embedding_distance": 0.3386019468307495,
  "identity_similarity_score_pct": 94.26744079589844,
  "iter": 600,
  "jacobian_det_min": 0.505357563495636,
  "l2_to_original": 0.057897526770830154,
  "learning_rate": 0.05,
  "legacy_fft_strength_equivalent": 0.0,
  "loss": -0.05732560157775879,
  "mse_to_original": 0.0033521237783133984,
  "num_at_max_total": 0,
  "num_at_min_total": 0,
  "num_clamped_total": 0,
  "num_total_params": 132,
  "original_embedding_norm": 1.0,
  "peak_vram_gb": 0.4965987205505371,
  "perturbed_embedding_norm": 0.9999999403953552,
  "prompt": "add black sunglasses",
  "psnr_to_original": 24.746799532738635,
  "rolling_enabled": 1,
  "rolling_grad_norm": 0.002172017004340887,
  "rolling_max_disp": 0.7652503848075867,
  "rolling_mean_disp": 0.19391363859176636,
  "rolling_num_at_max": 0,
  "rolling_num_at_min": 0,
  "rolling_p95_disp": 0.676155686378479,
  "rolling_param_max": 0.9145382642745972,
  "rolling_param_mean_abs": 0.6860717535018921,
  "rolling_param_min": -0.4576052129268646,
  "seconds_elapsed": 50.548641884699464,
  "seconds_iter": 0.05443605035543442,
  "seed": 250852,
  "smoothness_tv": 0.05241384729743004,
  "ssim_to_original": 0.9744334816932678,
  "total_geometry_grad_norm": 0.020866645500063896,
  "total_grad_norm": 0.020866645500063896,
  "tps_enabled": 1,
  "tps_grad_norm": 0.004207833670079708,
  "tps_max_disp": 4.055479049682617,
  "tps_mean_disp": 1.272209644317627,
  "tps_num_at_max": 0,
  "tps_num_at_min": 0,
  "tps_p95_disp": 2.9663500785827637,
  "tps_param_max": 3.913527727127075,
  "tps_param_mean_abs": 0.5926768183708191,
  "tps_param_min": -2.6956803798675537
}
