{
  "Z": 0.10114997625350952,
  "best_Z_so_far": 0.10127198696136475,
  "best_iter_so_far": 1605,
  "case_id": "face_005__add_black_sunglasses",
  "combined_max_disp_px": 13.328825950622559,
  "combined_mean_disp_px": 4.384068012237549,
  "combined_p95_disp_px": 8.759860038757324,
  "components_at_boundary": "tps",
  "dct_enabled": 1,
  "dct_grad_norm": 0.0158820990473032,
  "dct_max_disp": 13.770387649536133,
  "dct_mean_disp": 3.7370996475219727,
  "dct_num_at_max": 0,
  "dct_num_at_min": 0,
  "dct_p95_disp": 7.455141067504883,
  "dct_param_max": 1.3875094652175903,
  "dct_param_mean_abs": 0.725599467754364,
  "dct_param_min": -1.6967107057571411,
  "delaunay_enabled": 1,
  "delaunay_grad_norm": 0.0032921582460403442,
  "delaunay_max_disp": 8.811881065368652,
  "delaunay_mean_disp": 1.5182050466537476,
  "delaunay_num_at_max": 0,
  "delaunay_num_at_min": 0,
  "delaunay_p95_disp": 4.738230228424072,
  "delaunay_param_max": 6.837239742279053,
  "delaunay_param_mean_abs": 0.8768275380134583,
  "delaunay_param_min": -3.545933246612549,
  "face_id": "face_005",
  "fft_phase_enabled": 0,
  "fft_phase_grad_norm": 0.0,
  "fft_phase_max_abs": 0.0,
  "fft_phase_mean_abs": 0.0,
  "fft_phase_norm": 0.0,
  "fft_phase_num_at_max": 0,
  "fft_phase_num_at_min": 0,
  "fft_phase_num_clamped": 0,
  "fft_spatial_delta_mse": 0.0,
  "foldover_fraction": 0.00086212158203125,
  "fraction_clamped_total": 0.022727272727272728,
  "identity_angle_degrees": 25.99268341064453,
  "identity_angle_radians": 0.4536578953266144,
  "identity_cosine_distance": 0.10114997625350952,
  "identity_cosine_similarity_raw": 0.8988500237464905,
  "identity_l2_embedding_distance": 0.4497778117656708,
  "identity_similarity_score_pct": 89.88500213623047,
  "iter": 1625,
  "jacobian_det_min": -0.1799132078886032,
  "l2_to_original": 0.07030556350946426,
  "learning_rate": 0.05,
  "legacy_fft_strength_equivalent": 0.0,
  "loss": -0.10114997625350952,
  "mse_to_original": 0.004942872561514378,
  "num_at_max_total": 3,
  "num_at_min_total": 0,
  "num_clamped_total": 3,
  "num_total_params": 132,
  "original_embedding_norm": 0.9999999403953552,
  "peak_vram_gb": 2.991054058074951,
  "perturbed_embedding_norm": 1.0,
  "prompt": "add black sunglasses",
  "psnr_to_original": 23.06020586493411,
  "rolling_enabled": 1,
  "rolling_grad_norm": 0.0030592107214033604,
  "rolling_max_disp": 0.7670169472694397,
  "rolling_mean_disp": 0.4482662081718445,
  "rolling_num_at_max": 0,
  "rolling_num_at_min": 0,
  "rolling_p95_disp": 0.7513300776481628,
  "rolling_param_max": 0.7904165983200073,
  "rolling_param_mean_abs": 0.473262220621109,
  "rolling_param_min": 0.1561078578233719,
  "seconds_elapsed": 151.38244328089058,
  "seconds_iter": 0.0715392678976059,
  "seed": 67119,
  "smoothness_tv": 0.10024097561836243,
  "ssim_to_original": 0.9626014232635498,
  "total_geometry_grad_norm": 0.016955817118287086,
  "total_grad_norm": 0.016955817118287086,
  "tps_enabled": 1,
  "tps_grad_norm": 0.0038809236139059067,
  "tps_max_disp": 5.844733238220215,
  "tps_mean_disp": 2.1464288234710693,
  "tps_num_at_max": 3,
  "tps_num_at_min": 0,
  "tps_p95_disp": 4.655436038970947,
  "tps_param_max": 4.0960001945495605,
  "tps_param_mean_abs": 0.9937695860862732,
  "tps_param_min": -4.0951008796691895
}
