{
  "Z": 0.03140980005264282,
  "best_Z_so_far": 0.0314292311668396,
  "best_iter_so_far": 346,
  "case_id": "face_005__add_black_sunglasses",
  "combined_max_disp_px": 12.996811866760254,
  "combined_mean_disp_px": 4.283805847167969,
  "combined_p95_disp_px": 7.5476298332214355,
  "components_at_boundary": "tps",
  "dct_enabled": 1,
  "dct_grad_norm": 0.004749312996864319,
  "dct_max_disp": 13.227758407592773,
  "dct_mean_disp": 3.702768087387085,
  "dct_num_at_max": 0,
  "dct_num_at_min": 0,
  "dct_p95_disp": 7.229747295379639,
  "dct_param_max": 1.8929694890975952,
  "dct_param_mean_abs": 0.6555866599082947,
  "dct_param_min": -1.9325169324874878,
  "delaunay_enabled": 1,
  "delaunay_grad_norm": 0.0008479274692945182,
  "delaunay_max_disp": 5.558644771575928,
  "delaunay_mean_disp": 1.04551100730896,
  "delaunay_num_at_max": 0,
  "delaunay_num_at_min": 0,
  "delaunay_p95_disp": 3.171246290206909,
  "delaunay_param_max": 5.233219146728516,
  "delaunay_param_mean_abs": 0.6409612894058228,
  "delaunay_param_min": -2.133728265762329,
  "face_id": "face_005",
  "fft_phase_enabled": 0,
  "fft_phase_grad_norm": 0.0,
  "fft_phase_max_abs": 0.0,
  "fft_phase_mean_abs": 0.0,
  "fft_phase_norm": 0.0,
  "fft_phase_num_at_max": 0,
  "fft_phase_num_at_min": 0,
  "fft_phase_num_clamped": 0,
  "fft_spatial_delta_mse": 0.0,
  "foldover_fraction": 0.000835418701171875,
  "fraction_clamped_total": 0.015151515151515152,
  "identity_angle_degrees": 14.398378372192383,
  "identity_angle_radians": 0.251299113035202,
  "identity_cosine_distance": 0.03140980005264282,
  "identity_cosine_similarity_raw": 0.9685901999473572,
  "identity_l2_embedding_distance": 0.25063812732696533,
  "identity_similarity_score_pct": 96.85901641845703,
  "iter": 350,
  "jacobian_det_min": -0.22046588361263275,
  "l2_to_original": 0.06952676177024841,
  "learning_rate": 0.05,
  "legacy_fft_strength_equivalent": 0.0,
  "loss": -0.03140980005264282,
  "mse_to_original": 0.004833970684558153,
  "num_at_max_total": 1,
  "num_at_min_total": 1,
  "num_clamped_total": 2,
  "num_total_params": 132,
  "original_embedding_norm": 0.9999999403953552,
  "peak_vram_gb": 2.995509624481201,
  "perturbed_embedding_norm": 1.0,
  "prompt": "add black sunglasses",
  "psnr_to_original": 23.156959876836922,
  "rolling_enabled": 1,
  "rolling_grad_norm": 0.0012353176716715097,
  "rolling_max_disp": 0.09263390302658081,
  "rolling_mean_disp": 0.06049227714538574,
  "rolling_num_at_max": 0,
  "rolling_num_at_min": 0,
  "rolling_p95_disp": 0.09237954765558243,
  "rolling_param_max": 0.0857774093747139,
  "rolling_param_mean_abs": 0.0573781318962574,
  "rolling_param_min": 0.028978854417800903,
  "seconds_elapsed": 32.95339700765908,
  "seconds_iter": 0.07393018156290054,
  "seed": 67119,
  "smoothness_tv": 0.085347980260849,
  "ssim_to_original": 0.9634472727775574,
  "total_geometry_grad_norm": 0.0050853947177529335,
  "total_grad_norm": 0.0050853947177529335,
  "tps_enabled": 1,
  "tps_grad_norm": 0.0010296974796801805,
  "tps_max_disp": 4.621280193328857,
  "tps_mean_disp": 1.421330213546753,
  "tps_num_at_max": 1,
  "tps_num_at_min": 1,
  "tps_p95_disp": 3.141827344894409,
  "tps_param_max": 4.0960001945495605,
  "tps_param_mean_abs": 0.6794949173927307,
  "tps_param_min": -4.0960001945495605
}
