{
  "Z": 0.059155821800231934,
  "best_Z_so_far": 0.059339940547943115,
  "best_iter_so_far": 4261,
  "case_id": "face_002__add_black_sunglasses",
  "combined_max_disp_px": 6.362793922424316,
  "combined_mean_disp_px": 2.7091352939605713,
  "combined_p95_disp_px": 4.70432710647583,
  "components_at_boundary": "tps",
  "dct_enabled": 1,
  "dct_grad_norm": 0.01906815730035305,
  "dct_max_disp": 6.43654203414917,
  "dct_mean_disp": 2.9196910858154297,
  "dct_num_at_max": 0,
  "dct_num_at_min": 0,
  "dct_p95_disp": 5.769446849822998,
  "dct_param_max": 1.4800468683242798,
  "dct_param_mean_abs": 0.5091108083724976,
  "dct_param_min": -1.8826098442077637,
  "delaunay_enabled": 1,
  "delaunay_grad_norm": 0.0020685200579464436,
  "delaunay_max_disp": 8.650110244750977,
  "delaunay_mean_disp": 2.761740207672119,
  "delaunay_num_at_max": 0,
  "delaunay_num_at_min": 0,
  "delaunay_p95_disp": 6.690744876861572,
  "delaunay_param_max": 6.054955005645752,
  "delaunay_param_mean_abs": 1.36604642868042,
  "delaunay_param_min": -6.866791725158691,
  "face_id": "face_002",
  "fft_phase_enabled": 0,
  "fft_phase_grad_norm": 0.0,
  "fft_phase_max_abs": 0.0,
  "fft_phase_mean_abs": 0.0,
  "fft_phase_norm": 0.0,
  "fft_phase_num_at_max": 0,
  "fft_phase_num_at_min": 0,
  "fft_phase_num_clamped": 0,
  "fft_spatial_delta_mse": 0.0,
  "foldover_fraction": 0.0,
  "fraction_clamped_total": 0.015151515151515152,
  "identity_angle_degrees": 19.806190490722656,
  "identity_angle_radians": 0.345683217048645,
  "identity_cosine_distance": 0.059155821800231934,
  "identity_cosine_similarity_raw": 0.9408441781997681,
  "identity_l2_embedding_distance": 0.34396475553512573,
  "identity_similarity_score_pct": 94.08441925048828,
  "iter": 4500,
  "jacobian_det_min": 0.4706478416919708,
  "l2_to_original": 0.05878179520368576,
  "learning_rate": 0.05,
  "legacy_fft_strength_equivalent": 0.0,
  "loss": -0.059155821800231934,
  "mse_to_original": 0.003455299651250243,
  "num_at_max_total": 1,
  "num_at_min_total": 1,
  "num_clamped_total": 2,
  "num_total_params": 132,
  "original_embedding_norm": 1.0,
  "peak_vram_gb": 0.4965987205505371,
  "perturbed_embedding_norm": 1.0,
  "prompt": "add black sunglasses",
  "psnr_to_original": 24.615142836757645,
  "rolling_enabled": 1,
  "rolling_grad_norm": 0.003589063184335828,
  "rolling_max_disp": 0.9401098489761353,
  "rolling_mean_disp": 0.4876255691051483,
  "rolling_num_at_max": 0,
  "rolling_num_at_min": 0,
  "rolling_p95_disp": 0.8017261624336243,
  "rolling_param_max": 1.2802456617355347,
  "rolling_param_mean_abs": 1.329587697982788,
  "rolling_param_min": -1.378929853439331,
  "seconds_elapsed": 375.9264033008367,
  "seconds_iter": 0.06958520412445068,
  "seed": 250852,
  "smoothness_tv": 0.05821014568209648,
  "ssim_to_original": 0.9736477732658386,
  "total_geometry_grad_norm": 0.019745759665966034,
  "total_grad_norm": 0.019745759665966034,
  "tps_enabled": 1,
  "tps_grad_norm": 0.0030232854187488556,
  "tps_max_disp": 5.471321105957031,
  "tps_mean_disp": 2.1201090812683105,
  "tps_num_at_max": 1,
  "tps_num_at_min": 1,
  "tps_p95_disp": 4.6783766746521,
  "tps_param_max": 4.0960001945495605,
  "tps_param_mean_abs": 0.8872321248054504,
  "tps_param_min": -4.0960001945495605
}
