{
  "Z": 0.05780196189880371,
  "best_Z_so_far": 0.05780196189880371,
  "best_iter_so_far": 150,
  "case_id": "face_002__add_headphones",
  "combined_max_disp_px": 7.295297622680664,
  "combined_mean_disp_px": 2.95678448677063,
  "combined_p95_disp_px": 5.677796840667725,
  "components_at_boundary": "",
  "dct_enabled": 1,
  "dct_grad_norm": 0.010000056587159634,
  "dct_max_disp": 6.25164794921875,
  "dct_mean_disp": 2.4040708541870117,
  "dct_num_at_max": 0,
  "dct_num_at_min": 0,
  "dct_p95_disp": 4.74692440032959,
  "dct_param_max": 0.8566806316375732,
  "dct_param_mean_abs": 0.4339369535446167,
  "dct_param_min": -1.028080940246582,
  "delaunay_enabled": 1,
  "delaunay_grad_norm": 0.002166862366721034,
  "delaunay_max_disp": 5.455386638641357,
  "delaunay_mean_disp": 0.672291100025177,
  "delaunay_num_at_max": 0,
  "delaunay_num_at_min": 0,
  "delaunay_p95_disp": 2.1628775596618652,
  "delaunay_param_max": 4.682888031005859,
  "delaunay_param_mean_abs": 0.40337371826171875,
  "delaunay_param_min": -2.9254462718963623,
  "face_id": "face_002",
  "fft_phase_enabled": 0,
  "fft_phase_grad_norm": 0.0,
  "fft_phase_max_abs": 0.0,
  "fft_phase_mean_abs": 0.0,
  "fft_phase_norm": 0.0,
  "fft_phase_num_at_max": 0,
  "fft_phase_num_at_min": 0,
  "fft_phase_num_clamped": 0,
  "fft_spatial_delta_mse": 0.0,
  "foldover_fraction": 0.0,
  "fraction_clamped_total": 0.0,
  "identity_angle_degrees": 19.57597541809082,
  "identity_angle_radians": 0.34166520833969116,
  "identity_cosine_distance": 0.05780196189880371,
  "identity_cosine_similarity_raw": 0.9421980381011963,
  "identity_l2_embedding_distance": 0.34000593423843384,
  "identity_similarity_score_pct": 94.21980285644531,
  "iter": 150,
  "jacobian_det_min": 0.47220274806022644,
  "l2_to_original": 0.06005852296948433,
  "learning_rate": 0.05,
  "legacy_fft_strength_equivalent": 0.0,
  "loss": -0.05780196189880371,
  "mse_to_original": 0.003607026068493724,
  "num_at_max_total": 0,
  "num_at_min_total": 0,
  "num_clamped_total": 0,
  "num_total_params": 132,
  "original_embedding_norm": 1.0,
  "peak_vram_gb": 2.987697124481201,
  "perturbed_embedding_norm": 1.0,
  "prompt": "add headphones",
  "psnr_to_original": 24.428507189619072,
  "rolling_enabled": 1,
  "rolling_grad_norm": 0.0024158472660928965,
  "rolling_max_disp": 0.5415921211242676,
  "rolling_mean_disp": 0.14044921100139618,
  "rolling_num_at_max": 0,
  "rolling_num_at_min": 0,
  "rolling_p95_disp": 0.48640233278274536,
  "rolling_param_max": 0.6297696828842163,
  "rolling_param_mean_abs": 0.4480264186859131,
  "rolling_param_min": -0.26628318428993225,
  "seconds_elapsed": 13.660935826599598,
  "seconds_iter": 0.07331996411085129,
  "seed": 438717,
  "smoothness_tv": 0.05675084888935089,
  "ssim_to_original": 0.9725109338760376,
  "total_geometry_grad_norm": 0.010739278048276901,
  "total_grad_norm": 0.010739278048276901,
  "tps_enabled": 1,
  "tps_grad_norm": 0.002190742641687393,
  "tps_max_disp": 2.452218532562256,
  "tps_mean_disp": 0.5841566324234009,
  "tps_num_at_max": 0,
  "tps_num_at_min": 0,
  "tps_p95_disp": 1.6619088649749756,
  "tps_param_max": 2.4231369495391846,
  "tps_param_mean_abs": 0.27291664481163025,
  "tps_param_min": -1.7660409212112427
}
