{
  "Z": 0.059436798095703125,
  "best_Z_so_far": 0.059436798095703125,
  "best_iter_so_far": 250,
  "case_id": "face_002__add_headphones",
  "combined_max_disp_px": 4.70164680480957,
  "combined_mean_disp_px": 1.573451042175293,
  "combined_p95_disp_px": 3.4136741161346436,
  "components_at_boundary": "dct,tps",
  "dct_clipped_high_fraction": 0.0007718404522165656,
  "dct_clipped_low_fraction": 0.0007273356313817203,
  "dct_coefficient_delta_l1": 0.006402072962373495,
  "dct_coefficient_delta_l2": 0.022790782153606415,
  "dct_dc_energy": 21.706384658813477,
  "dct_enabled": 1,
  "dct_frequency_mask_mode": "all_ac",
  "dct_gain_grad_norm": 0.02692502550780773,
  "dct_gain_l2": 6.547053337097168,
  "dct_gain_max": 0.5,
  "dct_gain_mean": 0.010402996093034744,
  "dct_gain_mean_abs": 0.4650125503540039,
  "dct_gain_min": -0.5,
  "dct_high_frequency_energy_after": 5.946704186499119e-05,
  "dct_high_frequency_energy_before": 4.5397337089525536e-05,
  "dct_input_coefficient_energy": 0.3415773808956146,
  "dct_low_frequency_energy_after": 0.012706972658634186,
  "dct_low_frequency_energy_before": 0.015671689063310623,
  "dct_mid_frequency_energy_after": 0.0006912617827765644,
  "dct_mid_frequency_energy_before": 0.00047125035780481994,
  "dct_num_at_max": 85,
  "dct_num_at_min": 80,
  "dct_num_clamped": 165,
  "dct_output_coefficient_energy": 0.3412559926509857,
  "dct_relative_energy_change": -0.0009408944169990718,
  "dct_selected_frequency_count": 189,
  "dct_spatial_delta_l1": 0.013431224972009659,
  "dct_spatial_delta_l2": 0.022703509777784348,
  "dct_spatial_delta_max_abs": 0.33143049478530884,
  "dct_spatial_delta_mse": 0.0005154493264853954,
  "delaunay_enabled": 1,
  "delaunay_grad_norm": 0.001677852007560432,
  "delaunay_max_disp": 3.6208512783050537,
  "delaunay_mean_disp": 0.9638171195983887,
  "delaunay_num_at_max": 0,
  "delaunay_num_at_min": 0,
  "delaunay_p95_disp": 2.59478759765625,
  "delaunay_param_max": 3.5839223861694336,
  "delaunay_param_mean_abs": 0.5028414130210876,
  "delaunay_param_min": -2.5823562145233154,
  "face_id": "face_002",
  "fft_phase_enabled": 0,
  "fft_phase_grad_norm": 0.0,
  "fft_phase_max_abs": 0.0,
  "fft_phase_mean_abs": 0.0,
  "fft_phase_norm": 0.0,
  "fft_phase_num_at_max": 0,
  "fft_phase_num_at_min": 0,
  "fft_phase_num_clamped": 0,
  "fft_spatial_delta_mse": 0.0,
  "foldover_fraction": 0.0,
  "fraction_clamped_total": 0.5738831615120275,
  "identity_angle_degrees": 19.85364532470703,
  "identity_angle_radians": 0.34651148319244385,
  "identity_cosine_distance": 0.059436798095703125,
  "identity_cosine_similarity_raw": 0.9405632019042969,
  "identity_l2_embedding_distance": 0.34478071331977844,
  "identity_similarity_score_pct": 94.05632019042969,
  "iter": 250,
  "jacobian_det_min": 0.8026435375213623,
  "l2_to_original": 0.051912784576416016,
  "learning_rate": 0.05,
  "legacy_fft_strength_equivalent": 0.0,
  "loss": -0.059436798095703125,
  "mse_to_original": 0.002694937167689204,
  "num_at_max_total": 86,
  "num_at_min_total": 81,
  "num_clamped_total": 167,
  "num_total_params": 291,
  "original_embedding_norm": 1.0,
  "peak_vram_gb": 2.990386486053467,
  "perturbed_embedding_norm": 1.0,
  "prompt": "add headphones",
  "psnr_to_original": 25.694513559109964,
  "rolling_enabled": 1,
  "rolling_grad_norm": 0.003207877743989229,
  "rolling_max_disp": 1.7820199728012085,
  "rolling_mean_disp": 1.0046350955963135,
  "rolling_num_at_max": 0,
  "rolling_num_at_min": 0,
  "rolling_p95_disp": 1.7740199565887451,
  "rolling_param_max": 2.19631290435791,
  "rolling_param_mean_abs": 1.5346276760101318,
  "rolling_param_min": -0.872942328453064,
  "seconds_elapsed": 22.403765074908733,
  "seconds_iter": 0.08413932099938393,
  "seed": 438717,
  "smoothness_tv": 0.02882223017513752,
  "ssim_to_original": 0.9793925285339355,
  "total_geometry_grad_norm": 0.02726457081735134,
  "total_grad_norm": 0.02726457081735134,
  "tps_enabled": 1,
  "tps_grad_norm": 0.0023009066935628653,
  "tps_max_disp": 4.380765914916992,
  "tps_mean_disp": 1.2226405143737793,
  "tps_num_at_max": 1,
  "tps_num_at_min": 1,
  "tps_p95_disp": 3.1734519004821777,
  "tps_param_max": 4.0960001945495605,
  "tps_param_mean_abs": 0.5231693983078003,
  "tps_param_min": -4.0960001945495605
}
