{
  "Z": 0.10043597221374512,
  "best_Z_so_far": 0.10056859254837036,
  "best_iter_so_far": 852,
  "case_id": "face_005__add_black_sunglasses",
  "combined_max_disp_px": 12.766989707946777,
  "combined_mean_disp_px": 4.370729923248291,
  "combined_p95_disp_px": 8.679496765136719,
  "components_at_boundary": "tps",
  "dct_enabled": 1,
  "dct_grad_norm": 0.012468596920371056,
  "dct_max_disp": 13.336224555969238,
  "dct_mean_disp": 3.5941059589385986,
  "dct_num_at_max": 0,
  "dct_num_at_min": 0,
  "dct_p95_disp": 7.193257808685303,
  "dct_param_max": 1.3579243421554565,
  "dct_param_mean_abs": 0.7014923691749573,
  "dct_param_min": -1.668282389640808,
  "delaunay_enabled": 1,
  "delaunay_grad_norm": 0.002526323078200221,
  "delaunay_max_disp": 7.550283908843994,
  "delaunay_mean_disp": 1.326913595199585,
  "delaunay_num_at_max": 0,
  "delaunay_num_at_min": 0,
  "delaunay_p95_disp": 3.990107774734497,
  "delaunay_param_max": 5.653956413269043,
  "delaunay_param_mean_abs": 0.7444828748703003,
  "delaunay_param_min": -3.1246583461761475,
  "face_id": "face_005",
  "fft_phase_enabled": 0,
  "fft_phase_grad_norm": 0.0,
  "fft_phase_max_abs": 0.0,
  "fft_phase_mean_abs": 0.0,
  "fft_phase_norm": 0.0,
  "fft_phase_num_at_max": 0,
  "fft_phase_num_at_min": 0,
  "fft_phase_num_clamped": 0,
  "fft_spatial_delta_mse": 0.0,
  "foldover_fraction": 0.000606536865234375,
  "fraction_clamped_total": 0.015151515151515152,
  "identity_angle_degrees": 25.899179458618164,
  "identity_angle_radians": 0.4520259499549866,
  "identity_cosine_distance": 0.10043597221374512,
  "identity_cosine_similarity_raw": 0.8995640277862549,
  "identity_l2_embedding_distance": 0.4481876790523529,
  "identity_similarity_score_pct": 89.95640563964844,
  "iter": 875,
  "jacobian_det_min": -0.11995517462491989,
  "l2_to_original": 0.07005562633275986,
  "learning_rate": 0.05,
  "legacy_fft_strength_equivalent": 0.0,
  "loss": -0.10043597221374512,
  "mse_to_original": 0.004907790571451187,
  "num_at_max_total": 1,
  "num_at_min_total": 1,
  "num_clamped_total": 2,
  "num_total_params": 132,
  "original_embedding_norm": 0.9999999403953552,
  "peak_vram_gb": 2.991054058074951,
  "perturbed_embedding_norm": 0.9999999403953552,
  "prompt": "add black sunglasses",
  "psnr_to_original": 23.09113978056625,
  "rolling_enabled": 1,
  "rolling_grad_norm": 0.0019801619928330183,
  "rolling_max_disp": 1.161544680595398,
  "rolling_mean_disp": 0.3045259714126587,
  "rolling_num_at_max": 0,
  "rolling_num_at_min": 0,
  "rolling_p95_disp": 1.045462965965271,
  "rolling_param_max": 1.348946213722229,
  "rolling_param_mean_abs": 0.9396617412567139,
  "rolling_param_min": -0.5303772687911987,
  "seconds_elapsed": 81.6248393971473,
  "seconds_iter": 0.07233426533639431,
  "seed": 67119,
  "smoothness_tv": 0.09985456615686417,
  "ssim_to_original": 0.9628753066062927,
  "total_geometry_grad_norm": 0.013174904510378838,
  "total_grad_norm": 0.013174904510378838,
  "tps_enabled": 1,
  "tps_grad_norm": 0.002794432919472456,
  "tps_max_disp": 5.853599548339844,
  "tps_mean_disp": 1.9910790920257568,
  "tps_num_at_max": 1,
  "tps_num_at_min": 1,
  "tps_p95_disp": 4.491873264312744,
  "tps_param_max": 4.0960001945495605,
  "tps_param_mean_abs": 0.917738139629364,
  "tps_param_min": -4.0960001945495605
}
