{
  "Z": 0.06109583377838135,
  "best_Z_so_far": 0.06109583377838135,
  "best_iter_so_far": 300,
  "case_id": "face_002__add_headphones",
  "combined_max_disp_px": 4.907454013824463,
  "combined_mean_disp_px": 1.595676302909851,
  "combined_p95_disp_px": 3.478241205215454,
  "components_at_boundary": "dct,tps",
  "dct_clipped_high_fraction": 0.0008074442739598453,
  "dct_clipped_low_fraction": 0.0007832845440134406,
  "dct_coefficient_delta_l1": 0.006644788663834333,
  "dct_coefficient_delta_l2": 0.023243095725774765,
  "dct_dc_energy": 21.709787368774414,
  "dct_enabled": 1,
  "dct_frequency_mask_mode": "all_ac",
  "dct_gain_grad_norm": 0.028828203678131104,
  "dct_gain_l2": 6.6416192054748535,
  "dct_gain_max": 0.5,
  "dct_gain_mean": 0.028770463541150093,
  "dct_gain_mean_abs": 0.4763106405735016,
  "dct_gain_min": -0.5,
  "dct_high_frequency_energy_after": 5.992245132802054e-05,
  "dct_high_frequency_energy_before": 4.593146513798274e-05,
  "dct_input_coefficient_energy": 0.34162983298301697,
  "dct_low_frequency_energy_after": 0.012641423381865025,
  "dct_low_frequency_energy_before": 0.0156579427421093,
  "dct_mid_frequency_energy_after": 0.0007194660138338804,
  "dct_mid_frequency_energy_before": 0.00047354772686958313,
  "dct_num_at_max": 84,
  "dct_num_at_min": 78,
  "dct_num_clamped": 162,
  "dct_output_coefficient_energy": 0.34131166338920593,
  "dct_relative_energy_change": -0.0009313284535892308,
  "dct_selected_frequency_count": 189,
  "dct_spatial_delta_l1": 0.013718413189053535,
  "dct_spatial_delta_l2": 0.023150304332375526,
  "dct_spatial_delta_max_abs": 0.33173733949661255,
  "dct_spatial_delta_mse": 0.0005359365604817867,
  "delaunay_enabled": 1,
  "delaunay_grad_norm": 0.0020867183338850737,
  "delaunay_max_disp": 3.8476908206939697,
  "delaunay_mean_disp": 1.060878038406372,
  "delaunay_num_at_max": 0,
  "delaunay_num_at_min": 0,
  "delaunay_p95_disp": 2.7206203937530518,
  "delaunay_param_max": 3.7058868408203125,
  "delaunay_param_mean_abs": 0.5656826496124268,
  "delaunay_param_min": -2.4463300704956055,
  "face_id": "face_002",
  "fft_phase_enabled": 0,
  "fft_phase_grad_norm": 0.0,
  "fft_phase_max_abs": 0.0,
  "fft_phase_mean_abs": 0.0,
  "fft_phase_norm": 0.0,
  "fft_phase_num_at_max": 0,
  "fft_phase_num_at_min": 0,
  "fft_phase_num_clamped": 0,
  "fft_spatial_delta_mse": 0.0,
  "foldover_fraction": 0.0,
  "fraction_clamped_total": 0.563573883161512,
  "identity_angle_degrees": 20.131668090820312,
  "identity_angle_radians": 0.3513638973236084,
  "identity_cosine_distance": 0.06109583377838135,
  "identity_cosine_similarity_raw": 0.9389041662216187,
  "identity_l2_embedding_distance": 0.34955939650535583,
  "identity_similarity_score_pct": 93.89041900634766,
  "iter": 300,
  "jacobian_det_min": 0.8019702434539795,
  "l2_to_original": 0.05222102999687195,
  "learning_rate": 0.05,
  "legacy_fft_strength_equivalent": 0.0,
  "loss": -0.06109583377838135,
  "mse_to_original": 0.0027270358987152576,
  "num_at_max_total": 85,
  "num_at_min_total": 79,
  "num_clamped_total": 164,
  "num_total_params": 291,
  "original_embedding_norm": 1.0,
  "peak_vram_gb": 2.990386486053467,
  "perturbed_embedding_norm": 0.9999999403953552,
  "prompt": "add headphones",
  "psnr_to_original": 25.643091449658414,
  "rolling_enabled": 1,
  "rolling_grad_norm": 0.005578202661126852,
  "rolling_max_disp": 1.7207051515579224,
  "rolling_mean_disp": 0.9659844636917114,
  "rolling_num_at_max": 0,
  "rolling_num_at_min": 0,
  "rolling_p95_disp": 1.7134777307510376,
  "rolling_param_max": 2.1976306438446045,
  "rolling_param_mean_abs": 1.5827332735061646,
  "rolling_param_min": -0.9678358435630798,
  "seconds_elapsed": 26.93405357375741,
  "seconds_iter": 0.07520204223692417,
  "seed": 438717,
  "smoothness_tv": 0.03002746030688286,
  "ssim_to_original": 0.979145884513855,
  "total_geometry_grad_norm": 0.029541809111833572,
  "total_grad_norm": 0.029541809111833572,
  "tps_enabled": 1,
  "tps_grad_norm": 0.002486442681401968,
  "tps_max_disp": 4.565932750701904,
  "tps_mean_disp": 1.2698321342468262,
  "tps_num_at_max": 1,
  "tps_num_at_min": 1,
  "tps_p95_disp": 3.26458740234375,
  "tps_param_max": 4.0960001945495605,
  "tps_param_mean_abs": 0.5583182573318481,
  "tps_param_min": -4.0960001945495605
}
