{
  "Z": 0.09898793697357178,
  "best_Z_so_far": 0.09909451007843018,
  "best_iter_so_far": 3171,
  "case_id": "face_005__add_headphones",
  "combined_max_disp_px": 11.921123504638672,
  "combined_mean_disp_px": 4.187066078186035,
  "combined_p95_disp_px": 8.869414329528809,
  "components_at_boundary": "tps",
  "dct_enabled": 1,
  "dct_grad_norm": 0.01654137670993805,
  "dct_max_disp": 8.985173225402832,
  "dct_mean_disp": 3.4223713874816895,
  "dct_num_at_max": 0,
  "dct_num_at_min": 0,
  "dct_p95_disp": 6.883997917175293,
  "dct_param_max": 1.0857547521591187,
  "dct_param_mean_abs": 0.6239449977874756,
  "dct_param_min": -1.6663506031036377,
  "delaunay_enabled": 1,
  "delaunay_grad_norm": 0.0025146454572677612,
  "delaunay_max_disp": 8.433676719665527,
  "delaunay_mean_disp": 1.497554063796997,
  "delaunay_num_at_max": 0,
  "delaunay_num_at_min": 0,
  "delaunay_p95_disp": 5.213314533233643,
  "delaunay_param_max": 6.8315863609313965,
  "delaunay_param_mean_abs": 0.7550821304321289,
  "delaunay_param_min": -1.2189605236053467,
  "face_id": "face_005",
  "fft_phase_enabled": 0,
  "fft_phase_grad_norm": 0.0,
  "fft_phase_max_abs": 0.0,
  "fft_phase_mean_abs": 0.0,
  "fft_phase_norm": 0.0,
  "fft_phase_num_at_max": 0,
  "fft_phase_num_at_min": 0,
  "fft_phase_num_clamped": 0,
  "fft_spatial_delta_mse": 0.0,
  "foldover_fraction": 0.0,
  "fraction_clamped_total": 0.03787878787878788,
  "identity_angle_degrees": 25.708581924438477,
  "identity_angle_radians": 0.44869938492774963,
  "identity_cosine_distance": 0.09898793697357178,
  "identity_cosine_similarity_raw": 0.9010120630264282,
  "identity_l2_embedding_distance": 0.4449448883533478,
  "identity_similarity_score_pct": 90.10120391845703,
  "iter": 3275,
  "jacobian_det_min": 0.47472718358039856,
  "l2_to_original": 0.07153797894716263,
  "learning_rate": 0.05,
  "legacy_fft_strength_equivalent": 0.0,
  "loss": -0.09898793697357178,
  "mse_to_original": 0.0051176827400922775,
  "num_at_max_total": 1,
  "num_at_min_total": 4,
  "num_clamped_total": 5,
  "num_total_params": 132,
  "original_embedding_norm": 0.9999999403953552,
  "peak_vram_gb": 2.993251323699951,
  "perturbed_embedding_norm": 1.0,
  "prompt": "add headphones",
  "psnr_to_original": 22.909266407813824,
  "rolling_enabled": 1,
  "rolling_grad_norm": 0.0044103763066232204,
  "rolling_max_disp": 2.0433034896850586,
  "rolling_mean_disp": 1.2087740898132324,
  "rolling_num_at_max": 0,
  "rolling_num_at_min": 0,
  "rolling_p95_disp": 2.0057966709136963,
  "rolling_param_max": 2.097052812576294,
  "rolling_param_mean_abs": 1.2647631168365479,
  "rolling_param_min": 0.4324733018875122,
  "seconds_elapsed": 301.73764787614346,
  "seconds_iter": 0.06473993323743343,
  "seed": 405993,
  "smoothness_tv": 0.08650131523609161,
  "ssim_to_original": 0.9613249897956848,
  "total_geometry_grad_norm": 0.017613930627703667,
  "total_grad_norm": 0.017613930627703667,
  "tps_enabled": 1,
  "tps_grad_norm": 0.003295221831649542,
  "tps_max_disp": 6.882375240325928,
  "tps_mean_disp": 2.6269078254699707,
  "tps_num_at_max": 1,
  "tps_num_at_min": 4,
  "tps_p95_disp": 5.64652681350708,
  "tps_param_max": 4.0960001945495605,
  "tps_param_mean_abs": 1.1177488565444946,
  "tps_param_min": -4.0960001945495605
}
