{
  "Z": 0.02235400676727295,
  "best_Z_so_far": 0.02239847183227539,
  "best_iter_so_far": 124,
  "case_id": "face_002__add_black_sunglasses",
  "combined_max_disp_px": 5.561989784240723,
  "combined_mean_disp_px": 2.2140283584594727,
  "combined_p95_disp_px": 3.944300413131714,
  "components_at_boundary": "",
  "dct_enabled": 1,
  "dct_grad_norm": 0.00796960387378931,
  "dct_max_disp": 5.7817230224609375,
  "dct_mean_disp": 1.7369117736816406,
  "dct_num_at_max": 0,
  "dct_num_at_min": 0,
  "dct_p95_disp": 3.488877534866333,
  "dct_param_max": 0.9515833258628845,
  "dct_param_mean_abs": 0.31388071179389954,
  "dct_param_min": -0.6659864783287048,
  "delaunay_enabled": 1,
  "delaunay_grad_norm": 0.001122978632338345,
  "delaunay_max_disp": 2.214139461517334,
  "delaunay_mean_disp": 0.6420420408248901,
  "delaunay_num_at_max": 0,
  "delaunay_num_at_min": 0,
  "delaunay_p95_disp": 1.4989644289016724,
  "delaunay_param_max": 1.2869465351104736,
  "delaunay_param_mean_abs": 0.3422761559486389,
  "delaunay_param_min": -1.7148247957229614,
  "face_id": "face_002",
  "fft_phase_enabled": 0,
  "fft_phase_grad_norm": 0.0,
  "fft_phase_max_abs": 0.0,
  "fft_phase_mean_abs": 0.0,
  "fft_phase_norm": 0.0,
  "fft_phase_num_at_max": 0,
  "fft_phase_num_at_min": 0,
  "fft_phase_num_clamped": 0,
  "fft_spatial_delta_mse": 0.0,
  "foldover_fraction": 0.0,
  "fraction_clamped_total": 0.0,
  "identity_angle_degrees": 12.137455940246582,
  "identity_angle_radians": 0.21183857321739197,
  "identity_cosine_distance": 0.02235400676727295,
  "identity_cosine_similarity_raw": 0.977645993232727,
  "identity_l2_embedding_distance": 0.2114429771900177,
  "identity_similarity_score_pct": 97.76460266113281,
  "iter": 125,
  "jacobian_det_min": 0.5542221069335938,
  "l2_to_original": 0.05290189012885094,
  "learning_rate": 0.05,
  "legacy_fft_strength_equivalent": 0.0,
  "loss": -0.02235400676727295,
  "mse_to_original": 0.00279861013405025,
  "num_at_max_total": 0,
  "num_at_min_total": 0,
  "num_clamped_total": 0,
  "num_total_params": 132,
  "original_embedding_norm": 0.9999999403953552,
  "peak_vram_gb": 0.4942488670349121,
  "perturbed_embedding_norm": 0.9999999403953552,
  "prompt": "add black sunglasses",
  "psnr_to_original": 25.53057597576569,
  "rolling_enabled": 1,
  "rolling_grad_norm": 0.001136450213380158,
  "rolling_max_disp": 0.3087822198867798,
  "rolling_mean_disp": 0.12609760463237762,
  "rolling_num_at_max": 0,
  "rolling_num_at_min": 0,
  "rolling_p95_disp": 0.25842809677124023,
  "rolling_param_max": 0.36517134308815,
  "rolling_param_mean_abs": 0.3866233825683594,
  "rolling_param_min": -0.4080754220485687,
  "seconds_elapsed": 13.21684487350285,
  "seconds_iter": 0.06976316496729851,
  "seed": 250852,
  "smoothness_tv": 0.04753521829843521,
  "ssim_to_original": 0.9786739349365234,
  "total_geometry_grad_norm": 0.008224785327911377,
  "total_grad_norm": 0.008224785327911377,
  "tps_enabled": 1,
  "tps_grad_norm": 0.0012569412356242537,
  "tps_max_disp": 1.95695161819458,
  "tps_mean_disp": 0.7026425004005432,
  "tps_num_at_max": 0,
  "tps_num_at_min": 0,
  "tps_p95_disp": 1.5356818437576294,
  "tps_param_max": 1.8431310653686523,
  "tps_param_mean_abs": 0.31403008103370667,
  "tps_param_min": -1.7079267501831055
}
