{
  "Z": 0.09858393669128418,
  "best_Z_so_far": 0.09864211082458496,
  "best_iter_so_far": 1698,
  "case_id": "face_005__add_headphones",
  "combined_max_disp_px": 11.745957374572754,
  "combined_mean_disp_px": 4.17041540145874,
  "combined_p95_disp_px": 8.959041595458984,
  "components_at_boundary": "tps",
  "dct_enabled": 1,
  "dct_grad_norm": 0.009046581573784351,
  "dct_max_disp": 9.671659469604492,
  "dct_mean_disp": 3.428952217102051,
  "dct_num_at_max": 0,
  "dct_num_at_min": 0,
  "dct_p95_disp": 6.907495975494385,
  "dct_param_max": 1.1278538703918457,
  "dct_param_mean_abs": 0.6254302263259888,
  "dct_param_min": -1.5813093185424805,
  "delaunay_enabled": 1,
  "delaunay_grad_norm": 0.0014780289493501186,
  "delaunay_max_disp": 8.350496292114258,
  "delaunay_mean_disp": 1.3857563734054565,
  "delaunay_num_at_max": 0,
  "delaunay_num_at_min": 0,
  "delaunay_p95_disp": 4.943447589874268,
  "delaunay_param_max": 7.052970886230469,
  "delaunay_param_mean_abs": 0.7330067753791809,
  "delaunay_param_min": -1.3470114469528198,
  "face_id": "face_005",
  "fft_phase_enabled": 0,
  "fft_phase_grad_norm": 0.0,
  "fft_phase_max_abs": 0.0,
  "fft_phase_mean_abs": 0.0,
  "fft_phase_norm": 0.0,
  "fft_phase_num_at_max": 0,
  "fft_phase_num_at_min": 0,
  "fft_phase_num_clamped": 0,
  "fft_spatial_delta_mse": 0.0,
  "foldover_fraction": 0.0,
  "fraction_clamped_total": 0.03787878787878788,
  "identity_angle_degrees": 25.655168533325195,
  "identity_angle_radians": 0.4477671682834625,
  "identity_cosine_distance": 0.09858393669128418,
  "identity_cosine_similarity_raw": 0.9014160633087158,
  "identity_l2_embedding_distance": 0.4440360963344574,
  "identity_similarity_score_pct": 90.14160919189453,
  "iter": 1700,
  "jacobian_det_min": 0.479288250207901,
  "l2_to_original": 0.07166524231433868,
  "learning_rate": 0.05,
  "legacy_fft_strength_equivalent": 0.0,
  "loss": -0.09858393669128418,
  "mse_to_original": 0.005135906860232353,
  "num_at_max_total": 1,
  "num_at_min_total": 4,
  "num_clamped_total": 5,
  "num_total_params": 132,
  "original_embedding_norm": 0.9999999403953552,
  "peak_vram_gb": 2.993251323699951,
  "perturbed_embedding_norm": 1.0,
  "prompt": "add headphones",
  "psnr_to_original": 22.893828608063984,
  "rolling_enabled": 1,
  "rolling_grad_norm": 0.0022474792785942554,
  "rolling_max_disp": 1.980905532836914,
  "rolling_mean_disp": 1.012600064277649,
  "rolling_num_at_max": 0,
  "rolling_num_at_min": 0,
  "rolling_p95_disp": 1.9048084020614624,
  "rolling_param_max": 2.0936548709869385,
  "rolling_param_mean_abs": 1.1002862453460693,
  "rolling_param_min": 0.10691763460636139,
  "seconds_elapsed": 157.91965313069522,
  "seconds_iter": 0.07970463111996651,
  "seed": 405993,
  "smoothness_tv": 0.08597610145807266,
  "ssim_to_original": 0.9611960053443909,
  "total_geometry_grad_norm": 0.00966277439147234,
  "total_grad_norm": 0.00966277439147234,
  "tps_enabled": 1,
  "tps_grad_norm": 0.0020719149615615606,
  "tps_max_disp": 6.6928181648254395,
  "tps_mean_disp": 2.4159843921661377,
  "tps_num_at_max": 1,
  "tps_num_at_min": 4,
  "tps_p95_disp": 5.550544738769531,
  "tps_param_max": 4.0960001945495605,
  "tps_param_mean_abs": 1.0359548330307007,
  "tps_param_min": -4.0960001945495605
}
