{
  "Z": 0.02899724245071411,
  "best_Z_so_far": 0.029008209705352783,
  "best_iter_so_far": 320,
  "case_id": "face_002__add_headphones",
  "combined_max_disp_px": 7.685912132263184,
  "combined_mean_disp_px": 2.962520122528076,
  "combined_p95_disp_px": 5.760185718536377,
  "components_at_boundary": "",
  "dct_enabled": 1,
  "dct_grad_norm": 0.005897104274481535,
  "dct_max_disp": 7.8345537185668945,
  "dct_mean_disp": 2.3998122215270996,
  "dct_num_at_max": 0,
  "dct_num_at_min": 0,
  "dct_p95_disp": 4.980111598968506,
  "dct_param_max": 1.2872813940048218,
  "dct_param_mean_abs": 0.4197033643722534,
  "dct_param_min": -1.2767798900604248,
  "delaunay_enabled": 1,
  "delaunay_grad_norm": 0.0008923139539547265,
  "delaunay_max_disp": 5.0328898429870605,
  "delaunay_mean_disp": 1.0652413368225098,
  "delaunay_num_at_max": 0,
  "delaunay_num_at_min": 0,
  "delaunay_p95_disp": 2.8790042400360107,
  "delaunay_param_max": 4.620222568511963,
  "delaunay_param_mean_abs": 0.583207905292511,
  "delaunay_param_min": -4.937408447265625,
  "face_id": "face_002",
  "fft_phase_enabled": 0,
  "fft_phase_grad_norm": 0.0,
  "fft_phase_max_abs": 0.0,
  "fft_phase_mean_abs": 0.0,
  "fft_phase_norm": 0.0,
  "fft_phase_num_at_max": 0,
  "fft_phase_num_at_min": 0,
  "fft_phase_num_clamped": 0,
  "fft_spatial_delta_mse": 0.0,
  "foldover_fraction": 0.0,
  "fraction_clamped_total": 0.0,
  "identity_angle_degrees": 13.83155632019043,
  "identity_angle_radians": 0.24140620231628418,
  "identity_cosine_distance": 0.02899724245071411,
  "identity_cosine_similarity_raw": 0.9710027575492859,
  "identity_l2_embedding_distance": 0.240820974111557,
  "identity_similarity_score_pct": 97.10027313232422,
  "iter": 325,
  "jacobian_det_min": 0.264421284198761,
  "l2_to_original": 0.06503861397504807,
  "learning_rate": 0.05,
  "legacy_fft_strength_equivalent": 0.0,
  "loss": -0.02899724245071411,
  "mse_to_original": 0.004230021499097347,
  "num_at_max_total": 0,
  "num_at_min_total": 0,
  "num_clamped_total": 0,
  "num_total_params": 132,
  "original_embedding_norm": 0.9999999403953552,
  "peak_vram_gb": 2.993556499481201,
  "perturbed_embedding_norm": 1.0,
  "prompt": "add headphones",
  "psnr_to_original": 23.736574253163013,
  "rolling_enabled": 1,
  "rolling_grad_norm": 0.0008735572919249535,
  "rolling_max_disp": 0.3228742778301239,
  "rolling_mean_disp": 0.11393880844116211,
  "rolling_num_at_max": 0,
  "rolling_num_at_min": 0,
  "rolling_p95_disp": 0.2703825533390045,
  "rolling_param_max": 0.33256861567497253,
  "rolling_param_mean_abs": 0.3762189745903015,
  "rolling_param_min": -0.4198693037033081,
  "seconds_elapsed": 30.337951567023993,
  "seconds_iter": 0.07231724634766579,
  "seed": 438717,
  "smoothness_tv": 0.058812402188777924,
  "ssim_to_original": 0.9677634835243225,
  "total_geometry_grad_norm": 0.006119731813669205,
  "total_grad_norm": 0.006119731813669205,
  "tps_enabled": 1,
  "tps_grad_norm": 0.0010563854593783617,
  "tps_max_disp": 3.8135194778442383,
  "tps_mean_disp": 1.2337563037872314,
  "tps_num_at_max": 0,
  "tps_num_at_min": 0,
  "tps_p95_disp": 2.931764841079712,
  "tps_param_max": 3.5510218143463135,
  "tps_param_mean_abs": 0.5546749830245972,
  "tps_param_min": -3.6085124015808105
}
