{
  "Z": 0.09781509637832642,
  "best_Z_so_far": 0.09788572788238525,
  "best_iter_so_far": 597,
  "case_id": "face_005__add_headphones",
  "combined_max_disp_px": 11.702420234680176,
  "combined_mean_disp_px": 4.170773506164551,
  "combined_p95_disp_px": 9.014215469360352,
  "components_at_boundary": "tps",
  "dct_enabled": 1,
  "dct_grad_norm": 0.01381726935505867,
  "dct_max_disp": 9.253988265991211,
  "dct_mean_disp": 3.2683303356170654,
  "dct_num_at_max": 0,
  "dct_num_at_min": 0,
  "dct_p95_disp": 6.5084099769592285,
  "dct_param_max": 1.1340386867523193,
  "dct_param_mean_abs": 0.606134831905365,
  "dct_param_min": -1.4930975437164307,
  "delaunay_enabled": 1,
  "delaunay_grad_norm": 0.0019641269464045763,
  "delaunay_max_disp": 7.466733932495117,
  "delaunay_mean_disp": 1.2534973621368408,
  "delaunay_num_at_max": 0,
  "delaunay_num_at_min": 0,
  "delaunay_p95_disp": 3.8067753314971924,
  "delaunay_param_max": 6.398340225219727,
  "delaunay_param_mean_abs": 0.699083685874939,
  "delaunay_param_min": -2.704035997390747,
  "face_id": "face_005",
  "fft_phase_enabled": 0,
  "fft_phase_grad_norm": 0.0,
  "fft_phase_max_abs": 0.0,
  "fft_phase_mean_abs": 0.0,
  "fft_phase_norm": 0.0,
  "fft_phase_num_at_max": 0,
  "fft_phase_num_at_min": 0,
  "fft_phase_num_clamped": 0,
  "fft_spatial_delta_mse": 0.0,
  "foldover_fraction": 0.0,
  "fraction_clamped_total": 0.007575757575757576,
  "identity_angle_degrees": 25.553234100341797,
  "identity_angle_radians": 0.4459880590438843,
  "identity_cosine_distance": 0.09781509637832642,
  "identity_cosine_similarity_raw": 0.9021849036216736,
  "identity_l2_embedding_distance": 0.4423012435436249,
  "identity_similarity_score_pct": 90.21849060058594,
  "iter": 600,
  "jacobian_det_min": 0.47792285680770874,
  "l2_to_original": 0.07179325819015503,
  "learning_rate": 0.05,
  "legacy_fft_strength_equivalent": 0.0,
  "loss": -0.09781509637832642,
  "mse_to_original": 0.005154272075742483,
  "num_at_max_total": 1,
  "num_at_min_total": 0,
  "num_clamped_total": 1,
  "num_total_params": 132,
  "original_embedding_norm": 0.9999999403953552,
  "peak_vram_gb": 2.993251323699951,
  "perturbed_embedding_norm": 0.9999999403953552,
  "prompt": "add headphones",
  "psnr_to_original": 22.87832660314622,
  "rolling_enabled": 1,
  "rolling_grad_norm": 0.0033056875690817833,
  "rolling_max_disp": 1.9626193046569824,
  "rolling_mean_disp": 0.7634314298629761,
  "rolling_num_at_max": 0,
  "rolling_num_at_min": 0,
  "rolling_p95_disp": 1.822677493095398,
  "rolling_param_max": 2.172952651977539,
  "rolling_param_mean_abs": 1.2634555101394653,
  "rolling_param_min": -0.3539583683013916,
  "seconds_elapsed": 58.43261734582484,
  "seconds_iter": 0.08508784882724285,
  "seed": 405993,
  "smoothness_tv": 0.08555381000041962,
  "ssim_to_original": 0.9610660076141357,
  "total_geometry_grad_norm": 0.014513514004647732,
  "total_grad_norm": 0.014513514004647732,
  "tps_enabled": 1,
  "tps_grad_norm": 0.002222562674432993,
  "tps_max_disp": 4.995858669281006,
  "tps_mean_disp": 1.8991198539733887,
  "tps_num_at_max": 1,
  "tps_num_at_min": 0,
  "tps_p95_disp": 4.479349613189697,
  "tps_param_max": 4.0960001945495605,
  "tps_param_mean_abs": 0.8229061961174011,
  "tps_param_min": -3.0304062366485596
}
