{
  "Z": 0.10204434394836426,
  "best_Z_so_far": 0.10204774141311646,
  "best_iter_so_far": 2549,
  "case_id": "face_005__add_black_sunglasses",
  "combined_max_disp_px": 15.798426628112793,
  "combined_mean_disp_px": 4.484708786010742,
  "combined_p95_disp_px": 9.035921096801758,
  "components_at_boundary": "tps",
  "dct_enabled": 1,
  "dct_grad_norm": 0.014321624301373959,
  "dct_max_disp": 16.168018341064453,
  "dct_mean_disp": 3.897761821746826,
  "dct_num_at_max": 0,
  "dct_num_at_min": 0,
  "dct_p95_disp": 7.835057258605957,
  "dct_param_max": 1.5370683670043945,
  "dct_param_mean_abs": 0.7626097798347473,
  "dct_param_min": -1.7693501710891724,
  "delaunay_enabled": 1,
  "delaunay_grad_norm": 0.002818559529259801,
  "delaunay_max_disp": 9.162577629089355,
  "delaunay_mean_disp": 1.6233174800872803,
  "delaunay_num_at_max": 0,
  "delaunay_num_at_min": 0,
  "delaunay_p95_disp": 5.212821960449219,
  "delaunay_param_max": 7.1329874992370605,
  "delaunay_param_mean_abs": 0.9152625799179077,
  "delaunay_param_min": -3.4747893810272217,
  "face_id": "face_005",
  "fft_phase_enabled": 0,
  "fft_phase_grad_norm": 0.0,
  "fft_phase_max_abs": 0.0,
  "fft_phase_mean_abs": 0.0,
  "fft_phase_norm": 0.0,
  "fft_phase_num_at_max": 0,
  "fft_phase_num_at_min": 0,
  "fft_phase_num_clamped": 0,
  "fft_spatial_delta_mse": 0.0,
  "foldover_fraction": 0.002040863037109375,
  "fraction_clamped_total": 0.015151515151515152,
  "identity_angle_degrees": 26.109365463256836,
  "identity_angle_radians": 0.45569437742233276,
  "identity_cosine_distance": 0.10204434394836426,
  "identity_cosine_similarity_raw": 0.8979556560516357,
  "identity_l2_embedding_distance": 0.45176175236701965,
  "identity_similarity_score_pct": 89.79556274414062,
  "iter": 2550,
  "jacobian_det_min": -0.4517262876033783,
  "l2_to_original": 0.07086718082427979,
  "learning_rate": 0.05,
  "legacy_fft_strength_equivalent": 0.0,
  "loss": -0.10204434394836426,
  "mse_to_original": 0.005022157449275255,
  "num_at_max_total": 2,
  "num_at_min_total": 0,
  "num_clamped_total": 2,
  "num_total_params": 132,
  "original_embedding_norm": 0.9999999403953552,
  "peak_vram_gb": 2.991054058074951,
  "perturbed_embedding_norm": 1.0,
  "prompt": "add black sunglasses",
  "psnr_to_original": 22.991096758764748,
  "rolling_enabled": 1,
  "rolling_grad_norm": 0.00583640206605196,
  "rolling_max_disp": 0.6450663208961487,
  "rolling_mean_disp": 0.4407288730144501,
  "rolling_num_at_max": 0,
  "rolling_num_at_min": 0,
  "rolling_p95_disp": 0.6444219946861267,
  "rolling_param_max": 0.604142427444458,
  "rolling_param_mean_abs": 0.443134069442749,
  "rolling_param_min": 0.28212568163871765,
  "seconds_elapsed": 237.769243394956,
  "seconds_iter": 0.07581746019423008,
  "seed": 67119,
  "smoothness_tv": 0.10220407694578171,
  "ssim_to_original": 0.9620051383972168,
  "total_geometry_grad_norm": 0.016034448519349098,
  "total_grad_norm": 0.016034448519349098,
  "tps_enabled": 1,
  "tps_grad_norm": 0.0031601828522980213,
  "tps_max_disp": 5.822269439697266,
  "tps_mean_disp": 2.3167567253112793,
  "tps_num_at_max": 2,
  "tps_num_at_min": 0,
  "tps_p95_disp": 4.945821285247803,
  "tps_param_max": 4.0960001945495605,
  "tps_param_mean_abs": 1.0534942150115967,
  "tps_param_min": -4.08861780166626
}
