{
  "Z": 0.10259675979614258,
  "best_Z_so_far": 0.1028788685798645,
  "best_iter_so_far": 2667,
  "case_id": "face_005__add_black_sunglasses",
  "combined_max_disp_px": 17.971956253051758,
  "combined_mean_disp_px": 4.5593414306640625,
  "combined_p95_disp_px": 9.282868385314941,
  "components_at_boundary": "tps",
  "dct_enabled": 1,
  "dct_grad_norm": 0.01927131786942482,
  "dct_max_disp": 18.34547233581543,
  "dct_mean_disp": 4.112295150756836,
  "dct_num_at_max": 0,
  "dct_num_at_min": 0,
  "dct_p95_disp": 8.07378101348877,
  "dct_param_max": 1.7260653972625732,
  "dct_param_mean_abs": 0.8029208183288574,
  "dct_param_min": -1.8984806537628174,
  "delaunay_enabled": 1,
  "delaunay_grad_norm": 0.0028806161135435104,
  "delaunay_max_disp": 9.596205711364746,
  "delaunay_mean_disp": 1.680344581604004,
  "delaunay_num_at_max": 0,
  "delaunay_num_at_min": 0,
  "delaunay_p95_disp": 5.525325298309326,
  "delaunay_param_max": 7.562796592712402,
  "delaunay_param_mean_abs": 0.9388672709465027,
  "delaunay_param_min": -3.2275288105010986,
  "face_id": "face_005",
  "fft_phase_enabled": 0,
  "fft_phase_grad_norm": 0.0,
  "fft_phase_max_abs": 0.0,
  "fft_phase_mean_abs": 0.0,
  "fft_phase_norm": 0.0,
  "fft_phase_num_at_max": 0,
  "fft_phase_num_at_min": 0,
  "fft_phase_num_clamped": 0,
  "fft_spatial_delta_mse": 0.0,
  "foldover_fraction": 0.002780914306640625,
  "fraction_clamped_total": 0.03787878787878788,
  "identity_angle_degrees": 26.18119239807129,
  "identity_angle_radians": 0.45694801211357117,
  "identity_cosine_distance": 0.10259675979614258,
  "identity_cosine_similarity_raw": 0.8974032402038574,
  "identity_l2_embedding_distance": 0.45298314094543457,
  "identity_similarity_score_pct": 89.74032592773438,
  "iter": 2675,
  "jacobian_det_min": -0.6716060042381287,
  "l2_to_original": 0.07091616094112396,
  "learning_rate": 0.05,
  "legacy_fft_strength_equivalent": 0.0,
  "loss": -0.10259675979614258,
  "mse_to_original": 0.0050291018560528755,
  "num_at_max_total": 3,
  "num_at_min_total": 2,
  "num_clamped_total": 5,
  "num_total_params": 132,
  "original_embedding_norm": 0.9999999403953552,
  "peak_vram_gb": 2.991054058074951,
  "perturbed_embedding_norm": 1.0,
  "prompt": "add black sunglasses",
  "psnr_to_original": 22.985095683811107,
  "rolling_enabled": 1,
  "rolling_grad_norm": 0.0014372741570696235,
  "rolling_max_disp": 0.6288079023361206,
  "rolling_mean_disp": 0.4011203348636627,
  "rolling_num_at_max": 0,
  "rolling_num_at_min": 0,
  "rolling_p95_disp": 0.6254996061325073,
  "rolling_param_max": 0.6330245137214661,
  "rolling_param_mean_abs": 0.409323513507843,
  "rolling_param_min": 0.18562249839305878,
  "seconds_elapsed": 248.23370590992272,
  "seconds_iter": 0.06439776904881,
  "seed": 67119,
  "smoothness_tv": 0.10388113558292389,
  "ssim_to_original": 0.9619522094726562,
  "total_geometry_grad_norm": 0.01987272873520851,
  "total_grad_norm": 0.01987272873520851,
  "tps_enabled": 1,
  "tps_grad_norm": 0.0036301424261182547,
  "tps_max_disp": 5.820446014404297,
  "tps_mean_disp": 2.3661882877349854,
  "tps_num_at_max": 3,
  "tps_num_at_min": 2,
  "tps_p95_disp": 5.001662731170654,
  "tps_param_max": 4.0960001945495605,
  "tps_param_mean_abs": 1.0757999420166016,
  "tps_param_min": -4.0960001945495605
}
