{
  "Z": 0.06763875484466553,
  "best_Z_so_far": 0.06776446104049683,
  "best_iter_so_far": 3179,
  "case_id": "face_002__add_headphones",
  "combined_max_disp_px": 7.139155387878418,
  "combined_mean_disp_px": 3.024317502975464,
  "combined_p95_disp_px": 5.860267162322998,
  "components_at_boundary": "tps",
  "dct_enabled": 1,
  "dct_grad_norm": 0.014232587069272995,
  "dct_max_disp": 7.182882785797119,
  "dct_mean_disp": 2.7475697994232178,
  "dct_num_at_max": 0,
  "dct_num_at_min": 0,
  "dct_p95_disp": 5.336289882659912,
  "dct_param_max": 1.1387847661972046,
  "dct_param_mean_abs": 0.484613299369812,
  "dct_param_min": -1.3903218507766724,
  "delaunay_enabled": 1,
  "delaunay_grad_norm": 0.002251074416562915,
  "delaunay_max_disp": 8.20651626586914,
  "delaunay_mean_disp": 2.1087112426757812,
  "delaunay_num_at_max": 0,
  "delaunay_num_at_min": 0,
  "delaunay_p95_disp": 5.5445051193237305,
  "delaunay_param_max": 5.4061384201049805,
  "delaunay_param_mean_abs": 1.1377605199813843,
  "delaunay_param_min": -6.493511199951172,
  "face_id": "face_002",
  "fft_phase_enabled": 0,
  "fft_phase_grad_norm": 0.0,
  "fft_phase_max_abs": 0.0,
  "fft_phase_mean_abs": 0.0,
  "fft_phase_norm": 0.0,
  "fft_phase_num_at_max": 0,
  "fft_phase_num_at_min": 0,
  "fft_phase_num_clamped": 0,
  "fft_spatial_delta_mse": 0.0,
  "foldover_fraction": 0.0,
  "fraction_clamped_total": 0.022727272727272728,
  "identity_angle_degrees": 21.194067001342773,
  "identity_angle_radians": 0.3699062466621399,
  "identity_cosine_distance": 0.06763875484466553,
  "identity_cosine_similarity_raw": 0.9323612451553345,
  "identity_l2_embedding_distance": 0.3678010404109955,
  "identity_similarity_score_pct": 93.23612213134766,
  "iter": 3425,
  "jacobian_det_min": 0.3450145721435547,
  "l2_to_original": 0.0591726079583168,
  "learning_rate": 0.05,
  "legacy_fft_strength_equivalent": 0.0,
  "loss": -0.06763875484466553,
  "mse_to_original": 0.0035013973247259855,
  "num_at_max_total": 1,
  "num_at_min_total": 2,
  "num_clamped_total": 3,
  "num_total_params": 132,
  "original_embedding_norm": 1.0,
  "peak_vram_gb": 2.987697124481201,
  "perturbed_embedding_norm": 1.0,
  "prompt": "add headphones",
  "psnr_to_original": 24.55758604417725,
  "rolling_enabled": 1,
  "rolling_grad_norm": 0.0016371604287996888,
  "rolling_max_disp": 0.954563558101654,
  "rolling_mean_disp": 0.5197569131851196,
  "rolling_num_at_max": 0,
  "rolling_num_at_min": 0,
  "rolling_p95_disp": 0.8643558025360107,
  "rolling_param_max": 1.3091922998428345,
  "rolling_param_mean_abs": 1.3853003978729248,
  "rolling_param_min": -1.4614083766937256,
  "seconds_elapsed": 308.3217236790806,
  "seconds_iter": 0.06889523006975651,
  "seed": 438717,
  "smoothness_tv": 0.061645664274692535,
  "ssim_to_original": 0.9733246564865112,
  "total_geometry_grad_norm": 0.014778897166252136,
  "total_grad_norm": 0.014778897166252136,
  "tps_enabled": 1,
  "tps_grad_norm": 0.002846337389200926,
  "tps_max_disp": 5.510685920715332,
  "tps_mean_disp": 1.7515368461608887,
  "tps_num_at_max": 1,
  "tps_num_at_min": 2,
  "tps_p95_disp": 4.139195442199707,
  "tps_param_max": 4.0960001945495605,
  "tps_param_mean_abs": 0.7516780495643616,
  "tps_param_min": -4.0960001945495605
}
