{
  "Z": 0.10034561157226562,
  "best_Z_so_far": 0.10047388076782227,
  "best_iter_so_far": 689,
  "case_id": "face_005__add_black_sunglasses",
  "combined_max_disp_px": 12.691732406616211,
  "combined_mean_disp_px": 4.368422508239746,
  "combined_p95_disp_px": 8.651193618774414,
  "components_at_boundary": "tps",
  "dct_enabled": 1,
  "dct_grad_norm": 0.015582465566694736,
  "dct_max_disp": 13.275367736816406,
  "dct_mean_disp": 3.5767569541931152,
  "dct_num_at_max": 0,
  "dct_num_at_min": 0,
  "dct_p95_disp": 7.207895278930664,
  "dct_param_max": 1.3455243110656738,
  "dct_param_mean_abs": 0.7012251615524292,
  "dct_param_min": -1.6591500043869019,
  "delaunay_enabled": 1,
  "delaunay_grad_norm": 0.002769242972135544,
  "delaunay_max_disp": 7.442421913146973,
  "delaunay_mean_disp": 1.3032021522521973,
  "delaunay_num_at_max": 0,
  "delaunay_num_at_min": 0,
  "delaunay_p95_disp": 3.928311824798584,
  "delaunay_param_max": 5.578116416931152,
  "delaunay_param_mean_abs": 0.7348189949989319,
  "delaunay_param_min": -2.8036649227142334,
  "face_id": "face_005",
  "fft_phase_enabled": 0,
  "fft_phase_grad_norm": 0.0,
  "fft_phase_max_abs": 0.0,
  "fft_phase_mean_abs": 0.0,
  "fft_phase_norm": 0.0,
  "fft_phase_num_at_max": 0,
  "fft_phase_num_at_min": 0,
  "fft_phase_num_clamped": 0,
  "fft_spatial_delta_mse": 0.0,
  "foldover_fraction": 0.000583648681640625,
  "fraction_clamped_total": 0.030303030303030304,
  "identity_angle_degrees": 25.887325286865234,
  "identity_angle_radians": 0.4518190622329712,
  "identity_cosine_distance": 0.10034561157226562,
  "identity_cosine_similarity_raw": 0.8996543884277344,
  "identity_l2_embedding_distance": 0.4479859173297882,
  "identity_similarity_score_pct": 89.96543884277344,
  "iter": 700,
  "jacobian_det_min": -0.11540627479553223,
  "l2_to_original": 0.06993082165718079,
  "learning_rate": 0.05,
  "legacy_fft_strength_equivalent": 0.0,
  "loss": -0.10034561157226562,
  "mse_to_original": 0.004890319891273975,
  "num_at_max_total": 3,
  "num_at_min_total": 1,
  "num_clamped_total": 4,
  "num_total_params": 132,
  "original_embedding_norm": 0.9999999403953552,
  "peak_vram_gb": 2.991054058074951,
  "perturbed_embedding_norm": 1.0,
  "prompt": "add black sunglasses",
  "psnr_to_original": 23.10662731373073,
  "rolling_enabled": 1,
  "rolling_grad_norm": 0.003044604556635022,
  "rolling_max_disp": 1.1762744188308716,
  "rolling_mean_disp": 0.30268123745918274,
  "rolling_num_at_max": 0,
  "rolling_num_at_min": 0,
  "rolling_p95_disp": 1.0544216632843018,
  "rolling_param_max": 1.3768199682235718,
  "rolling_param_mean_abs": 0.9743524789810181,
  "rolling_param_min": -0.5718849897384644,
  "seconds_elapsed": 65.61870073340833,
  "seconds_iter": 0.08816741965711117,
  "seed": 67119,
  "smoothness_tv": 0.09952132403850555,
  "ssim_to_original": 0.9630082845687866,
  "total_geometry_grad_norm": 0.016419533640146255,
  "total_grad_norm": 0.016419533640146255,
  "tps_enabled": 1,
  "tps_grad_norm": 0.0031383950263261795,
  "tps_max_disp": 5.868103981018066,
  "tps_mean_disp": 1.9168351888656616,
  "tps_num_at_max": 3,
  "tps_num_at_min": 1,
  "tps_p95_disp": 4.412384510040283,
  "tps_param_max": 4.0960001945495605,
  "tps_param_mean_abs": 0.8823901414871216,
  "tps_param_min": -4.0960001945495605
}
