{
  "Z": 0.05828702449798584,
  "best_Z_so_far": 0.058360755443573,
  "best_iter_so_far": 1397,
  "case_id": "face_002__add_black_sunglasses",
  "combined_max_disp_px": 6.042209148406982,
  "combined_mean_disp_px": 2.668886661529541,
  "combined_p95_disp_px": 4.743181228637695,
  "components_at_boundary": "tps",
  "dct_enabled": 1,
  "dct_grad_norm": 0.016844365745782852,
  "dct_max_disp": 6.36793851852417,
  "dct_mean_disp": 2.8289990425109863,
  "dct_num_at_max": 0,
  "dct_num_at_min": 0,
  "dct_p95_disp": 5.8583855628967285,
  "dct_param_max": 1.5865846872329712,
  "dct_param_mean_abs": 0.49006280303001404,
  "dct_param_min": -1.9562296867370605,
  "delaunay_enabled": 1,
  "delaunay_grad_norm": 0.0032603333238512278,
  "delaunay_max_disp": 7.447793960571289,
  "delaunay_mean_disp": 2.4170219898223877,
  "delaunay_num_at_max": 0,
  "delaunay_num_at_min": 0,
  "delaunay_p95_disp": 5.948821067810059,
  "delaunay_param_max": 5.105494976043701,
  "delaunay_param_mean_abs": 1.191213607788086,
  "delaunay_param_min": -6.416727542877197,
  "face_id": "face_002",
  "fft_phase_enabled": 0,
  "fft_phase_grad_norm": 0.0,
  "fft_phase_max_abs": 0.0,
  "fft_phase_mean_abs": 0.0,
  "fft_phase_norm": 0.0,
  "fft_phase_num_at_max": 0,
  "fft_phase_num_at_min": 0,
  "fft_phase_num_clamped": 0,
  "fft_spatial_delta_mse": 0.0,
  "foldover_fraction": 0.0,
  "fraction_clamped_total": 0.007575757575757576,
  "identity_angle_degrees": 19.65875244140625,
  "identity_angle_radians": 0.34310996532440186,
  "identity_cosine_distance": 0.05828702449798584,
  "identity_cosine_similarity_raw": 0.9417129755020142,
  "identity_l2_embedding_distance": 0.34142962098121643,
  "identity_similarity_score_pct": 94.17129516601562,
  "iter": 1400,
  "jacobian_det_min": 0.5080386996269226,
  "l2_to_original": 0.058094192296266556,
  "learning_rate": 0.05,
  "legacy_fft_strength_equivalent": 0.0,
  "loss": -0.05828702449798584,
  "mse_to_original": 0.0033749351277947426,
  "num_at_max_total": 1,
  "num_at_min_total": 0,
  "num_clamped_total": 1,
  "num_total_params": 132,
  "original_embedding_norm": 1.0,
  "peak_vram_gb": 0.4965987205505371,
  "perturbed_embedding_norm": 0.9999999403953552,
  "prompt": "add black sunglasses",
  "psnr_to_original": 24.71734570658599,
  "rolling_enabled": 1,
  "rolling_grad_norm": 0.0045874337665736675,
  "rolling_max_disp": 0.7907354831695557,
  "rolling_mean_disp": 0.22879233956336975,
  "rolling_num_at_max": 0,
  "rolling_num_at_min": 0,
  "rolling_p95_disp": 0.6837645769119263,
  "rolling_param_max": 0.9753385782241821,
  "rolling_param_mean_abs": 0.8169098496437073,
  "rolling_param_min": -0.6584811210632324,
  "seconds_elapsed": 114.7761996537447,
  "seconds_iter": 0.05155051313340664,
  "seed": 250852,
  "smoothness_tv": 0.05456986278295517,
  "ssim_to_original": 0.974260151386261,
  "total_geometry_grad_norm": 0.01812782511115074,
  "total_grad_norm": 0.01812782511115074,
  "tps_enabled": 1,
  "tps_grad_norm": 0.0036347024142742157,
  "tps_max_disp": 4.503720283508301,
  "tps_mean_disp": 1.467922329902649,
  "tps_num_at_max": 1,
  "tps_num_at_min": 0,
  "tps_p95_disp": 3.5692176818847656,
  "tps_param_max": 4.0960001945495605,
  "tps_param_mean_abs": 0.6697374582290649,
  "tps_param_min": -3.9830901622772217
}
