{
  "Z": 0.05901169776916504,
  "best_Z_so_far": 0.05901169776916504,
  "best_iter_so_far": 175,
  "case_id": "face_002__add_black_sunglasses",
  "combined_max_disp_px": 4.513920307159424,
  "combined_mean_disp_px": 1.5505735874176025,
  "combined_p95_disp_px": 3.129345655441284,
  "components_at_boundary": "dct",
  "dct_clipped_high_fraction": 0.000823974609375,
  "dct_clipped_low_fraction": 0.0007654826040379703,
  "dct_coefficient_delta_l1": 0.006727337837219238,
  "dct_coefficient_delta_l2": 0.02345130406320095,
  "dct_dc_energy": 21.72121238708496,
  "dct_enabled": 1,
  "dct_frequency_mask_mode": "all_ac",
  "dct_gain_grad_norm": 0.029795417562127113,
  "dct_gain_l2": 6.597320556640625,
  "dct_gain_max": 0.5,
  "dct_gain_mean": 0.03269803524017334,
  "dct_gain_mean_abs": 0.472002774477005,
  "dct_gain_min": -0.5,
  "dct_high_frequency_energy_after": 6.572122219949961e-05,
  "dct_high_frequency_energy_before": 4.729247302748263e-05,
  "dct_input_coefficient_energy": 0.34182068705558777,
  "dct_low_frequency_energy_after": 0.012562661431729794,
  "dct_low_frequency_energy_before": 0.015737522393465042,
  "dct_mid_frequency_energy_after": 0.0006870608776807785,
  "dct_mid_frequency_energy_before": 0.0004749619110953063,
  "dct_num_at_max": 87,
  "dct_num_at_min": 74,
  "dct_num_clamped": 161,
  "dct_output_coefficient_energy": 0.3414684236049652,
  "dct_relative_energy_change": -0.0010305504547432065,
  "dct_selected_frequency_count": 189,
  "dct_spatial_delta_l1": 0.013854439370334148,
  "dct_spatial_delta_l2": 0.0233498252928257,
  "dct_spatial_delta_max_abs": 0.34506627917289734,
  "dct_spatial_delta_mse": 0.0005452143377624452,
  "delaunay_enabled": 1,
  "delaunay_grad_norm": 0.0013000325998291373,
  "delaunay_max_disp": 5.176767826080322,
  "delaunay_mean_disp": 0.7947258949279785,
  "delaunay_num_at_max": 0,
  "delaunay_num_at_min": 0,
  "delaunay_p95_disp": 2.083308219909668,
  "delaunay_param_max": 3.4077696800231934,
  "delaunay_param_mean_abs": 0.47992536425590515,
  "delaunay_param_min": -3.942378044128418,
  "face_id": "face_002",
  "fft_phase_enabled": 0,
  "fft_phase_grad_norm": 0.0,
  "fft_phase_max_abs": 0.0,
  "fft_phase_mean_abs": 0.0,
  "fft_phase_norm": 0.0,
  "fft_phase_num_at_max": 0,
  "fft_phase_num_at_min": 0,
  "fft_phase_num_clamped": 0,
  "fft_spatial_delta_mse": 0.0,
  "foldover_fraction": 0.0,
  "fraction_clamped_total": 0.5532646048109966,
  "identity_angle_degrees": 19.78180503845215,
  "identity_angle_radians": 0.34525761008262634,
  "identity_cosine_distance": 0.05901169776916504,
  "identity_cosine_similarity_raw": 0.940988302230835,
  "identity_l2_embedding_distance": 0.34354519844055176,
  "identity_similarity_score_pct": 94.09883117675781,
  "iter": 175,
  "jacobian_det_min": 0.8037080764770508,
  "l2_to_original": 0.05111107975244522,
  "learning_rate": 0.05,
  "legacy_fft_strength_equivalent": 0.0,
  "loss": -0.05901169776916504,
  "mse_to_original": 0.002612342592328787,
  "num_at_max_total": 87,
  "num_at_min_total": 74,
  "num_clamped_total": 161,
  "num_total_params": 291,
  "original_embedding_norm": 1.0,
  "peak_vram_gb": 0.49788475036621094,
  "perturbed_embedding_norm": 1.0,
  "prompt": "add black sunglasses",
  "psnr_to_original": 25.829698686675087,
  "rolling_enabled": 1,
  "rolling_grad_norm": 0.002298748819157481,
  "rolling_max_disp": 1.8522943258285522,
  "rolling_mean_disp": 1.045413613319397,
  "rolling_num_at_max": 0,
  "rolling_num_at_min": 0,
  "rolling_p95_disp": 1.8446712493896484,
  "rolling_param_max": 2.265312671661377,
  "rolling_param_mean_abs": 1.5677556991577148,
  "rolling_param_min": -0.8701987862586975,
  "seconds_elapsed": 15.776255268603563,
  "seconds_iter": 0.05256863869726658,
  "seed": 250852,
  "smoothness_tv": 0.029202397912740707,
  "ssim_to_original": 0.9800079464912415,
  "total_geometry_grad_norm": 0.029956279322504997,
  "total_grad_norm": 0.029956279322504997,
  "tps_enabled": 1,
  "tps_grad_norm": 0.0016240141121670604,
  "tps_max_disp": 3.4981658458709717,
  "tps_mean_disp": 1.0052751302719116,
  "tps_num_at_max": 0,
  "tps_num_at_min": 0,
  "tps_p95_disp": 2.3396992683410645,
  "tps_param_max": 2.642078161239624,
  "tps_param_mean_abs": 0.4616210162639618,
  "tps_param_min": -3.066737413406372
}
