{
  "Z": 0.09878170490264893,
  "best_Z_so_far": 0.09878170490264893,
  "best_iter_so_far": 375,
  "case_id": "face_005__add_black_sunglasses",
  "combined_max_disp_px": 12.715110778808594,
  "combined_mean_disp_px": 4.391039848327637,
  "combined_p95_disp_px": 8.725643157958984,
  "components_at_boundary": "tps",
  "dct_enabled": 1,
  "dct_grad_norm": 0.012411017902195454,
  "dct_max_disp": 13.384312629699707,
  "dct_mean_disp": 3.6311192512512207,
  "dct_num_at_max": 0,
  "dct_num_at_min": 0,
  "dct_p95_disp": 7.48052453994751,
  "dct_param_max": 1.3599395751953125,
  "dct_param_mean_abs": 0.7076124548912048,
  "dct_param_min": -1.7270569801330566,
  "delaunay_enabled": 1,
  "delaunay_grad_norm": 0.0027145473286509514,
  "delaunay_max_disp": 6.007147312164307,
  "delaunay_mean_disp": 0.9841362833976746,
  "delaunay_num_at_max": 0,
  "delaunay_num_at_min": 0,
  "delaunay_p95_disp": 2.8418116569519043,
  "delaunay_param_max": 4.482467174530029,
  "delaunay_param_mean_abs": 0.5907615423202515,
  "delaunay_param_min": -1.4482508897781372,
  "face_id": "face_005",
  "fft_phase_enabled": 0,
  "fft_phase_grad_norm": 0.0,
  "fft_phase_max_abs": 0.0,
  "fft_phase_mean_abs": 0.0,
  "fft_phase_norm": 0.0,
  "fft_phase_num_at_max": 0,
  "fft_phase_num_at_min": 0,
  "fft_phase_num_clamped": 0,
  "fft_spatial_delta_mse": 0.0,
  "foldover_fraction": 0.00051116943359375,
  "fraction_clamped_total": 0.015151515151515152,
  "identity_angle_degrees": 25.68132781982422,
  "identity_angle_radians": 0.44822371006011963,
  "identity_cosine_distance": 0.09878170490264893,
  "identity_cosine_similarity_raw": 0.9012182950973511,
  "identity_l2_embedding_distance": 0.4444812536239624,
  "identity_similarity_score_pct": 90.121826171875,
  "iter": 375,
  "jacobian_det_min": -0.09754849225282669,
  "l2_to_original": 0.07047806680202484,
  "learning_rate": 0.05,
  "legacy_fft_strength_equivalent": 0.0,
  "loss": -0.09878170490264893,
  "mse_to_original": 0.004967158194631338,
  "num_at_max_total": 2,
  "num_at_min_total": 0,
  "num_clamped_total": 2,
  "num_total_params": 132,
  "original_embedding_norm": 0.9999999403953552,
  "peak_vram_gb": 2.991054058074951,
  "perturbed_embedding_norm": 1.0,
  "prompt": "add black sunglasses",
  "psnr_to_original": 23.03892008323397,
  "rolling_enabled": 1,
  "rolling_grad_norm": 0.0003285990096628666,
  "rolling_max_disp": 1.3188318014144897,
  "rolling_mean_disp": 0.3655948340892792,
  "rolling_num_at_max": 0,
  "rolling_num_at_min": 0,
  "rolling_p95_disp": 1.1493035554885864,
  "rolling_param_max": 1.618510365486145,
  "rolling_param_mean_abs": 1.3199577331542969,
  "rolling_param_min": -1.0214049816131592,
  "seconds_elapsed": 35.235289769247174,
  "seconds_iter": 0.06724234856665134,
  "seed": 67119,
  "smoothness_tv": 0.09956802427768707,
  "ssim_to_original": 0.9624492526054382,
  "total_geometry_grad_norm": 0.01305887196213007,
  "total_grad_norm": 0.01305887196213007,
  "tps_enabled": 1,
  "tps_grad_norm": 0.003004002384841442,
  "tps_max_disp": 4.905922889709473,
  "tps_mean_disp": 1.5507595539093018,
  "tps_num_at_max": 2,
  "tps_num_at_min": 0,
  "tps_p95_disp": 3.7167303562164307,
  "tps_param_max": 4.0960001945495605,
  "tps_param_mean_abs": 0.6763861179351807,
  "tps_param_min": -2.4659268856048584
}
