{
  "Z": 0.06759625673294067,
  "best_Z_so_far": 0.06776446104049683,
  "best_iter_so_far": 3179,
  "case_id": "face_002__add_headphones",
  "combined_max_disp_px": 7.147258758544922,
  "combined_mean_disp_px": 3.022874355316162,
  "combined_p95_disp_px": 5.856937408447266,
  "components_at_boundary": "tps",
  "dct_enabled": 1,
  "dct_grad_norm": 0.01956181786954403,
  "dct_max_disp": 7.18925142288208,
  "dct_mean_disp": 2.7487542629241943,
  "dct_num_at_max": 0,
  "dct_num_at_min": 0,
  "dct_p95_disp": 5.34529972076416,
  "dct_param_max": 1.1319180727005005,
  "dct_param_mean_abs": 0.4861343502998352,
  "dct_param_min": -1.3878287076950073,
  "delaunay_enabled": 1,
  "delaunay_grad_norm": 0.0032405718229711056,
  "delaunay_max_disp": 8.207322120666504,
  "delaunay_mean_disp": 2.105659246444702,
  "delaunay_num_at_max": 0,
  "delaunay_num_at_min": 0,
  "delaunay_p95_disp": 5.542917728424072,
  "delaunay_param_max": 5.403487205505371,
  "delaunay_param_mean_abs": 1.1369166374206543,
  "delaunay_param_min": -6.496776103973389,
  "face_id": "face_002",
  "fft_phase_enabled": 0,
  "fft_phase_grad_norm": 0.0,
  "fft_phase_max_abs": 0.0,
  "fft_phase_mean_abs": 0.0,
  "fft_phase_norm": 0.0,
  "fft_phase_num_at_max": 0,
  "fft_phase_num_at_min": 0,
  "fft_phase_num_clamped": 0,
  "fft_spatial_delta_mse": 0.0,
  "foldover_fraction": 0.0,
  "fraction_clamped_total": 0.022727272727272728,
  "identity_angle_degrees": 21.18733024597168,
  "identity_angle_radians": 0.36978867650032043,
  "identity_cosine_distance": 0.06759625673294067,
  "identity_cosine_similarity_raw": 0.9324037432670593,
  "identity_l2_embedding_distance": 0.367685467004776,
  "identity_similarity_score_pct": 93.24037170410156,
  "iter": 3300,
  "jacobian_det_min": 0.3430103659629822,
  "l2_to_original": 0.0592510923743248,
  "learning_rate": 0.05,
  "legacy_fft_strength_equivalent": 0.0,
  "loss": -0.06759625673294067,
  "mse_to_original": 0.0035106921568512917,
  "num_at_max_total": 1,
  "num_at_min_total": 2,
  "num_clamped_total": 3,
  "num_total_params": 132,
  "original_embedding_norm": 1.0,
  "peak_vram_gb": 2.987697124481201,
  "perturbed_embedding_norm": 1.0,
  "prompt": "add headphones",
  "psnr_to_original": 24.546072509796115,
  "rolling_enabled": 1,
  "rolling_grad_norm": 0.0017867096466943622,
  "rolling_max_disp": 0.9324142336845398,
  "rolling_mean_disp": 0.5246145725250244,
  "rolling_num_at_max": 0,
  "rolling_num_at_min": 0,
  "rolling_p95_disp": 0.8776029944419861,
  "rolling_param_max": 1.2863845825195312,
  "rolling_param_mean_abs": 1.3764992952346802,
  "rolling_param_min": -1.466614007949829,
  "seconds_elapsed": 298.7950855381787,
  "seconds_iter": 0.0570729598402977,
  "seed": 438717,
  "smoothness_tv": 0.06154501438140869,
  "ssim_to_original": 0.9732536673545837,
  "total_geometry_grad_norm": 0.020222384482622147,
  "total_grad_norm": 0.020222384482622147,
  "tps_enabled": 1,
  "tps_grad_norm": 0.0035477420315146446,
  "tps_max_disp": 5.497767925262451,
  "tps_mean_disp": 1.752399206161499,
  "tps_num_at_max": 1,
  "tps_num_at_min": 2,
  "tps_p95_disp": 4.135940074920654,
  "tps_param_max": 4.0960001945495605,
  "tps_param_mean_abs": 0.7496573328971863,
  "tps_param_min": -4.0960001945495605
}
