{
  "Z": 0.06767404079437256,
  "best_Z_so_far": 0.06776446104049683,
  "best_iter_so_far": 3179,
  "case_id": "face_002__add_headphones",
  "combined_max_disp_px": 7.159350872039795,
  "combined_mean_disp_px": 3.02463960647583,
  "combined_p95_disp_px": 5.861208915710449,
  "components_at_boundary": "tps",
  "dct_enabled": 1,
  "dct_grad_norm": 0.011332927271723747,
  "dct_max_disp": 7.190573215484619,
  "dct_mean_disp": 2.7516391277313232,
  "dct_num_at_max": 0,
  "dct_num_at_min": 0,
  "dct_p95_disp": 5.356839179992676,
  "dct_param_max": 1.133266806602478,
  "dct_param_mean_abs": 0.48505955934524536,
  "dct_param_min": -1.391634225845337,
  "delaunay_enabled": 1,
  "delaunay_grad_norm": 0.002034846693277359,
  "delaunay_max_disp": 8.183420181274414,
  "delaunay_mean_disp": 2.1117773056030273,
  "delaunay_num_at_max": 0,
  "delaunay_num_at_min": 0,
  "delaunay_p95_disp": 5.554215431213379,
  "delaunay_param_max": 5.426248073577881,
  "delaunay_param_mean_abs": 1.140568494796753,
  "delaunay_param_min": -6.486512184143066,
  "face_id": "face_002",
  "fft_phase_enabled": 0,
  "fft_phase_grad_norm": 0.0,
  "fft_phase_max_abs": 0.0,
  "fft_phase_mean_abs": 0.0,
  "fft_phase_norm": 0.0,
  "fft_phase_num_at_max": 0,
  "fft_phase_num_at_min": 0,
  "fft_phase_num_clamped": 0,
  "fft_spatial_delta_mse": 0.0,
  "foldover_fraction": 0.0,
  "fraction_clamped_total": 0.015151515151515152,
  "identity_angle_degrees": 21.199657440185547,
  "identity_angle_radians": 0.3700038194656372,
  "identity_cosine_distance": 0.06767404079437256,
  "identity_cosine_similarity_raw": 0.9323259592056274,
  "identity_l2_embedding_distance": 0.36789700388908386,
  "identity_similarity_score_pct": 93.23259735107422,
  "iter": 3775,
  "jacobian_det_min": 0.3453943729400635,
  "l2_to_original": 0.05935407429933548,
  "learning_rate": 0.05,
  "legacy_fft_strength_equivalent": 0.0,
  "loss": -0.06767404079437256,
  "mse_to_original": 0.0035229059867560863,
  "num_at_max_total": 0,
  "num_at_min_total": 2,
  "num_clamped_total": 2,
  "num_total_params": 132,
  "original_embedding_norm": 1.0,
  "peak_vram_gb": 2.987697124481201,
  "perturbed_embedding_norm": 0.9999999403953552,
  "prompt": "add headphones",
  "psnr_to_original": 24.53098946366826,
  "rolling_enabled": 1,
  "rolling_grad_norm": 7.172972982516512e-05,
  "rolling_max_disp": 0.9659936428070068,
  "rolling_mean_disp": 0.5112109780311584,
  "rolling_num_at_max": 0,
  "rolling_num_at_min": 0,
  "rolling_p95_disp": 0.8446500301361084,
  "rolling_param_max": 1.3240113258361816,
  "rolling_param_mean_abs": 1.3814656734466553,
  "rolling_param_min": -1.4389199018478394,
  "seconds_elapsed": 337.6985087953508,
  "seconds_iter": 0.0544375479221344,
  "seed": 438717,
  "smoothness_tv": 0.061555422842502594,
  "ssim_to_original": 0.973160445690155,
  "total_geometry_grad_norm": 0.011785231530666351,
  "total_grad_norm": 0.011785231530666351,
  "tps_enabled": 1,
  "tps_grad_norm": 0.002512106206268072,
  "tps_max_disp": 5.53200101852417,
  "tps_mean_disp": 1.7557265758514404,
  "tps_num_at_max": 0,
  "tps_num_at_min": 2,
  "tps_p95_disp": 4.149698257446289,
  "tps_param_max": 4.095937252044678,
  "tps_param_mean_abs": 0.753016471862793,
  "tps_param_min": -4.0960001945495605
}
