{
  "Z": 0.09834182262420654,
  "best_Z_so_far": 0.09844082593917847,
  "best_iter_so_far": 1391,
  "case_id": "face_005__add_headphones",
  "combined_max_disp_px": 11.774212837219238,
  "combined_mean_disp_px": 4.1832990646362305,
  "combined_p95_disp_px": 8.996453285217285,
  "components_at_boundary": "tps",
  "dct_enabled": 1,
  "dct_grad_norm": 0.011167056858539581,
  "dct_max_disp": 9.645256996154785,
  "dct_mean_disp": 3.4049713611602783,
  "dct_num_at_max": 0,
  "dct_num_at_min": 0,
  "dct_p95_disp": 6.885553359985352,
  "dct_param_max": 1.1105576753616333,
  "dct_param_mean_abs": 0.6262060403823853,
  "dct_param_min": -1.557262897491455,
  "delaunay_enabled": 1,
  "delaunay_grad_norm": 0.0016991201555356383,
  "delaunay_max_disp": 8.269582748413086,
  "delaunay_mean_disp": 1.3596820831298828,
  "delaunay_num_at_max": 0,
  "delaunay_num_at_min": 0,
  "delaunay_p95_disp": 4.6881208419799805,
  "delaunay_param_max": 7.061089515686035,
  "delaunay_param_mean_abs": 0.740293562412262,
  "delaunay_param_min": -1.4829944372177124,
  "face_id": "face_005",
  "fft_phase_enabled": 0,
  "fft_phase_grad_norm": 0.0,
  "fft_phase_max_abs": 0.0,
  "fft_phase_mean_abs": 0.0,
  "fft_phase_norm": 0.0,
  "fft_phase_num_at_max": 0,
  "fft_phase_num_at_min": 0,
  "fft_phase_num_clamped": 0,
  "fft_spatial_delta_mse": 0.0,
  "foldover_fraction": 0.0,
  "fraction_clamped_total": 0.015151515151515152,
  "identity_angle_degrees": 25.623109817504883,
  "identity_angle_radians": 0.44720762968063354,
  "identity_cosine_distance": 0.09834182262420654,
  "identity_cosine_similarity_raw": 0.9016581773757935,
  "identity_l2_embedding_distance": 0.44349047541618347,
  "identity_similarity_score_pct": 90.16581726074219,
  "iter": 1400,
  "jacobian_det_min": 0.47604912519454956,
  "l2_to_original": 0.07180523127317429,
  "learning_rate": 0.05,
  "legacy_fft_strength_equivalent": 0.0,
  "loss": -0.09834182262420654,
  "mse_to_original": 0.005155990831553936,
  "num_at_max_total": 1,
  "num_at_min_total": 1,
  "num_clamped_total": 2,
  "num_total_params": 132,
  "original_embedding_norm": 0.9999999403953552,
  "peak_vram_gb": 2.993251323699951,
  "perturbed_embedding_norm": 1.0,
  "prompt": "add headphones",
  "psnr_to_original": 22.876878635857164,
  "rolling_enabled": 1,
  "rolling_grad_norm": 0.0024630192201584578,
  "rolling_max_disp": 1.944298267364502,
  "rolling_mean_disp": 1.0077075958251953,
  "rolling_num_at_max": 0,
  "rolling_num_at_min": 0,
  "rolling_p95_disp": 1.8730463981628418,
  "rolling_param_max": 2.0460002422332764,
  "rolling_param_mean_abs": 1.0873193740844727,
  "rolling_param_min": 0.1286383867263794,
  "seconds_elapsed": 131.28043755330145,
  "seconds_iter": 0.07149559259414673,
  "seed": 405993,
  "smoothness_tv": 0.08607976138591766,
  "ssim_to_original": 0.9610550403594971,
  "total_geometry_grad_norm": 0.011761884205043316,
  "total_grad_norm": 0.011761884205043316,
  "tps_enabled": 1,
  "tps_grad_norm": 0.002164556412026286,
  "tps_max_disp": 6.451630592346191,
  "tps_mean_disp": 2.3271448612213135,
  "tps_num_at_max": 1,
  "tps_num_at_min": 1,
  "tps_p95_disp": 5.483290672302246,
  "tps_param_max": 4.0960001945495605,
  "tps_param_mean_abs": 1.0039119720458984,
  "tps_param_min": -4.0960001945495605
}
