face_id,prompt,final_Z,best_Z,best_iter_by_Z,final_identity_cosine_similarity_raw,final_identity_similarity_score_pct,ssim_to_original,psnr_to_original,output_ssim,output_l2,max_disp_px,fraction_clamped,seconds_per_iter,run_dir
face_002,add black sunglasses,0.024204611778259277,0.02424609661102295,395,0.9757953882217407,97.57953643798828,0.9785838723182678,25.51211430475338,0.6860501170158386,0.06772219152335665,5.596423625946045,0.0,0.07099329661112279,outputs/arcface_identity/20260703_100609_arcface_identity_all_sequential/runs/arcface_identity/arcface_iresnet100/face_002__add_black_sunglasses
face_002,add headphones,0.029228806495666504,0.029273152351379395,390,0.9707711935043335,97.07711791992188,0.967872679233551,23.751904059707023,0.6030284762382507,0.08802851086442262,7.618982791900635,0.0,0.07381967486813665,outputs/arcface_identity/20260703_100609_arcface_identity_all_sequential/runs/arcface_identity/arcface_iresnet100/face_002__add_headphones
face_005,add black sunglasses,0.03164094686508179,0.031656503677368164,400,0.9683590531349182,96.83590698242188,0.9635922908782959,23.17446037601124,0.6932063698768616,0.07962732953495827,13.03206729888916,0.015151515151515152,0.0743557327752933,outputs/arcface_identity/20260703_100609_arcface_identity_all_sequential/runs/arcface_identity/arcface_iresnet100/face_005__add_black_sunglasses
face_005,add headphones,0.031078994274139404,0.03111487627029419,399,0.9689210057258606,96.89209747314453,0.9612780213356018,22.91379857547479,0.6513351798057556,0.09043986611312653,14.628547668457031,0.0,0.07548563968390226,outputs/arcface_identity/20260703_100609_arcface_identity_all_sequential/runs/arcface_identity/arcface_iresnet100/face_005__add_headphones
