{
  "Z": 0.09790241718292236,
  "best_Z_so_far": 0.09790241718292236,
  "best_iter_so_far": 300,
  "case_id": "face_005__add_black_sunglasses",
  "combined_max_disp_px": 12.076834678649902,
  "combined_mean_disp_px": 4.2994513511657715,
  "combined_p95_disp_px": 8.501249313354492,
  "components_at_boundary": "tps",
  "dct_enabled": 1,
  "dct_grad_norm": 0.013167145662009716,
  "dct_max_disp": 12.701897621154785,
  "dct_mean_disp": 3.537055730819702,
  "dct_num_at_max": 0,
  "dct_num_at_min": 0,
  "dct_p95_disp": 7.420897006988525,
  "dct_param_max": 1.337706446647644,
  "dct_param_mean_abs": 0.689181923866272,
  "dct_param_min": -1.7078126668930054,
  "delaunay_enabled": 1,
  "delaunay_grad_norm": 0.0023943728301674128,
  "delaunay_max_disp": 5.137894153594971,
  "delaunay_mean_disp": 0.9146401882171631,
  "delaunay_num_at_max": 0,
  "delaunay_num_at_min": 0,
  "delaunay_p95_disp": 2.477957010269165,
  "delaunay_param_max": 4.328034400939941,
  "delaunay_param_mean_abs": 0.5275391936302185,
  "delaunay_param_min": -1.7456167936325073,
  "face_id": "face_005",
  "fft_phase_enabled": 0,
  "fft_phase_grad_norm": 0.0,
  "fft_phase_max_abs": 0.0,
  "fft_phase_mean_abs": 0.0,
  "fft_phase_norm": 0.0,
  "fft_phase_num_at_max": 0,
  "fft_phase_num_at_min": 0,
  "fft_phase_num_clamped": 0,
  "fft_spatial_delta_mse": 0.0,
  "foldover_fraction": 0.00016021728515625,
  "fraction_clamped_total": 0.015151515151515152,
  "identity_angle_degrees": 25.564830780029297,
  "identity_angle_radians": 0.4461904764175415,
  "identity_cosine_distance": 0.09790241718292236,
  "identity_cosine_similarity_raw": 0.9020975828170776,
  "identity_l2_embedding_distance": 0.4424985945224762,
  "identity_similarity_score_pct": 90.20975494384766,
  "iter": 300,
  "jacobian_det_min": -0.03275466337800026,
  "l2_to_original": 0.06990867108106613,
  "learning_rate": 0.05,
  "legacy_fft_strength_equivalent": 0.0,
  "loss": -0.09790241718292236,
  "mse_to_original": 0.004887222312390804,
  "num_at_max_total": 2,
  "num_at_min_total": 0,
  "num_clamped_total": 2,
  "num_total_params": 132,
  "original_embedding_norm": 0.9999999403953552,
  "peak_vram_gb": 2.991054058074951,
  "perturbed_embedding_norm": 1.0,
  "prompt": "add black sunglasses",
  "psnr_to_original": 23.109379051198502,
  "rolling_enabled": 1,
  "rolling_grad_norm": 0.004957436118274927,
  "rolling_max_disp": 1.2318449020385742,
  "rolling_mean_disp": 0.33378493785858154,
  "rolling_num_at_max": 0,
  "rolling_num_at_min": 0,
  "rolling_p95_disp": 1.0783679485321045,
  "rolling_param_max": 1.4907151460647583,
  "rolling_param_mean_abs": 1.2069456577301025,
  "rolling_param_min": -0.923176109790802,
  "seconds_elapsed": 28.09747246839106,
  "seconds_iter": 0.08041615039110184,
  "seed": 67119,
  "smoothness_tv": 0.09695681929588318,
  "ssim_to_original": 0.9630695581436157,
  "total_geometry_grad_norm": 0.014563561417162418,
  "total_grad_norm": 0.014563561417162418,
  "tps_enabled": 1,
  "tps_grad_norm": 0.0029007568955421448,
  "tps_max_disp": 4.647861003875732,
  "tps_mean_disp": 1.4120347499847412,
  "tps_num_at_max": 2,
  "tps_num_at_min": 0,
  "tps_p95_disp": 3.4717912673950195,
  "tps_param_max": 4.0960001945495605,
  "tps_param_mean_abs": 0.5989602208137512,
  "tps_param_min": -1.9937328100204468
}
