{
  "Z": 0.06681877374649048,
  "best_Z_so_far": 0.06698131561279297,
  "best_iter_so_far": 1459,
  "case_id": "face_002__add_headphones",
  "combined_max_disp_px": 7.111995220184326,
  "combined_mean_disp_px": 3.013242483139038,
  "combined_p95_disp_px": 5.849472522735596,
  "components_at_boundary": "tps",
  "dct_enabled": 1,
  "dct_grad_norm": 0.01703130453824997,
  "dct_max_disp": 6.675278663635254,
  "dct_mean_disp": 2.53979229927063,
  "dct_num_at_max": 0,
  "dct_num_at_min": 0,
  "dct_p95_disp": 5.141795635223389,
  "dct_param_max": 0.911973774433136,
  "dct_param_mean_abs": 0.47797495126724243,
  "dct_param_min": -1.1027977466583252,
  "delaunay_enabled": 1,
  "delaunay_grad_norm": 0.003029290586709976,
  "delaunay_max_disp": 8.338973999023438,
  "delaunay_mean_disp": 1.9265315532684326,
  "delaunay_num_at_max": 0,
  "delaunay_num_at_min": 0,
  "delaunay_p95_disp": 5.326143741607666,
  "delaunay_param_max": 5.326801776885986,
  "delaunay_param_mean_abs": 1.0202547311782837,
  "delaunay_param_min": -6.610889911651611,
  "face_id": "face_002",
  "fft_phase_enabled": 0,
  "fft_phase_grad_norm": 0.0,
  "fft_phase_max_abs": 0.0,
  "fft_phase_mean_abs": 0.0,
  "fft_phase_norm": 0.0,
  "fft_phase_num_at_max": 0,
  "fft_phase_num_at_min": 0,
  "fft_phase_num_clamped": 0,
  "fft_spatial_delta_mse": 0.0,
  "foldover_fraction": 0.0,
  "fraction_clamped_total": 0.007575757575757576,
  "identity_angle_degrees": 21.063732147216797,
  "identity_angle_radians": 0.3676314651966095,
  "identity_cosine_distance": 0.06681877374649048,
  "identity_cosine_similarity_raw": 0.9331812262535095,
  "identity_l2_embedding_distance": 0.36556485295295715,
  "identity_similarity_score_pct": 93.31812286376953,
  "iter": 1475,
  "jacobian_det_min": 0.3733983635902405,
  "l2_to_original": 0.05903920158743858,
  "learning_rate": 0.05,
  "legacy_fft_strength_equivalent": 0.0,
  "loss": -0.06681877374649048,
  "mse_to_original": 0.0034856272395700216,
  "num_at_max_total": 0,
  "num_at_min_total": 1,
  "num_clamped_total": 1,
  "num_total_params": 132,
  "original_embedding_norm": 1.0,
  "peak_vram_gb": 2.987697124481201,
  "perturbed_embedding_norm": 0.9999998807907104,
  "prompt": "add headphones",
  "psnr_to_original": 24.577190591232764,
  "rolling_enabled": 1,
  "rolling_grad_norm": 0.007123578805476427,
  "rolling_max_disp": 1.2906732559204102,
  "rolling_mean_disp": 0.733444333076477,
  "rolling_num_at_max": 0,
  "rolling_num_at_min": 0,
  "rolling_p95_disp": 1.2838863134384155,
  "rolling_param_max": 1.3211243152618408,
  "rolling_param_mean_abs": 1.6187283992767334,
  "rolling_param_min": -1.9163326025009155,
  "seconds_elapsed": 134.77703215181828,
  "seconds_iter": 0.07149777933955193,
  "seed": 438717,
  "smoothness_tv": 0.06148169934749603,
  "ssim_to_original": 0.9734455347061157,
  "total_geometry_grad_norm": 0.019028903916478157,
  "total_grad_norm": 0.019028903916478157,
  "tps_enabled": 1,
  "tps_grad_norm": 0.0034802041482180357,
  "tps_max_disp": 5.519430160522461,
  "tps_mean_disp": 1.6391007900238037,
  "tps_num_at_max": 0,
  "tps_num_at_min": 1,
  "tps_p95_disp": 4.054652214050293,
  "tps_param_max": 3.871267795562744,
  "tps_param_mean_abs": 0.7126959562301636,
  "tps_param_min": -4.0960001945495605
}
