{
  "Z": 0.045291125774383545,
  "best_Z_so_far": 0.045291125774383545,
  "best_iter_so_far": 50,
  "case_id": "face_002__add_headphones",
  "combined_max_disp_px": 4.4891791343688965,
  "combined_mean_disp_px": 1.4911715984344482,
  "combined_p95_disp_px": 3.0924606323242188,
  "components_at_boundary": "dct",
  "dct_clipped_high_fraction": 0.000812530517578125,
  "dct_clipped_low_fraction": 0.0005645751953125,
  "dct_coefficient_delta_l1": 0.006650084629654884,
  "dct_coefficient_delta_l2": 0.023341268301010132,
  "dct_dc_energy": 21.714643478393555,
  "dct_enabled": 1,
  "dct_frequency_mask_mode": "all_ac",
  "dct_gain_grad_norm": 0.0185427013784647,
  "dct_gain_l2": 6.455077171325684,
  "dct_gain_max": 0.5,
  "dct_gain_mean": -0.012281587347388268,
  "dct_gain_mean_abs": 0.456944078207016,
  "dct_gain_min": -0.5,
  "dct_high_frequency_energy_after": 5.943782889517024e-05,
  "dct_high_frequency_energy_before": 4.5022956328466535e-05,
  "dct_input_coefficient_energy": 0.3417057991027832,
  "dct_low_frequency_energy_after": 0.011889005079865456,
  "dct_low_frequency_energy_before": 0.01566779427230358,
  "dct_mid_frequency_energy_after": 0.0005008475854992867,
  "dct_mid_frequency_energy_before": 0.00047141811228357255,
  "dct_num_at_max": 65,
  "dct_num_at_min": 74,
  "dct_num_clamped": 139,
  "dct_output_coefficient_energy": 0.34119266271591187,
  "dct_relative_energy_change": -0.0015016905963420868,
  "dct_selected_frequency_count": 189,
  "dct_spatial_delta_l1": 0.01382078230381012,
  "dct_spatial_delta_l2": 0.023255320265889168,
  "dct_spatial_delta_max_abs": 0.3222014904022217,
  "dct_spatial_delta_mse": 0.000540809880476445,
  "delaunay_enabled": 1,
  "delaunay_grad_norm": 0.002384434686973691,
  "delaunay_max_disp": 2.2543959617614746,
  "delaunay_mean_disp": 0.4832075834274292,
  "delaunay_num_at_max": 0,
  "delaunay_num_at_min": 0,
  "delaunay_p95_disp": 1.2946456670761108,
  "delaunay_param_max": 2.2778544425964355,
  "delaunay_param_mean_abs": 0.28278228640556335,
  "delaunay_param_min": -0.9894579648971558,
  "face_id": "face_002",
  "fft_phase_enabled": 0,
  "fft_phase_grad_norm": 0.0,
  "fft_phase_max_abs": 0.0,
  "fft_phase_mean_abs": 0.0,
  "fft_phase_norm": 0.0,
  "fft_phase_num_at_max": 0,
  "fft_phase_num_at_min": 0,
  "fft_phase_num_clamped": 0,
  "fft_spatial_delta_mse": 0.0,
  "foldover_fraction": 0.0,
  "fraction_clamped_total": 0.47766323024054985,
  "identity_angle_degrees": 17.310001373291016,
  "identity_angle_radians": 0.3021165132522583,
  "identity_cosine_distance": 0.045291125774383545,
  "identity_cosine_similarity_raw": 0.9547088742256165,
  "identity_l2_embedding_distance": 0.3009689748287201,
  "identity_similarity_score_pct": 95.47088623046875,
  "iter": 50,
  "jacobian_det_min": 0.8731526732444763,
  "l2_to_original": 0.04892450198531151,
  "learning_rate": 0.05,
  "legacy_fft_strength_equivalent": 0.0,
  "loss": -0.045291125774383545,
  "mse_to_original": 0.002393607050180435,
  "num_at_max_total": 65,
  "num_at_min_total": 74,
  "num_clamped_total": 139,
  "num_total_params": 291,
  "original_embedding_norm": 1.0,
  "peak_vram_gb": 2.990386486053467,
  "perturbed_embedding_norm": 1.0,
  "prompt": "add headphones",
  "psnr_to_original": 26.209471446336682,
  "rolling_enabled": 1,
  "rolling_grad_norm": 0.0014830960426479578,
  "rolling_max_disp": 1.1190814971923828,
  "rolling_mean_disp": 0.6992483139038086,
  "rolling_num_at_max": 0,
  "rolling_num_at_min": 0,
  "rolling_p95_disp": 1.1156097650527954,
  "rolling_param_max": 1.1003667116165161,
  "rolling_param_mean_abs": 0.5877350568771362,
  "rolling_param_min": 0.07510343939065933,
  "seconds_elapsed": 4.419295988976955,
  "seconds_iter": 0.07369388081133366,
  "seed": 438717,
  "smoothness_tv": 0.023459091782569885,
  "ssim_to_original": 0.9816691279411316,
  "total_geometry_grad_norm": 0.018925072625279427,
  "total_grad_norm": 0.018925072625279427,
  "tps_enabled": 1,
  "tps_grad_norm": 0.002538006752729416,
  "tps_max_disp": 2.0717809200286865,
  "tps_mean_disp": 0.7272095084190369,
  "tps_num_at_max": 0,
  "tps_num_at_min": 0,
  "tps_p95_disp": 1.5682865381240845,
  "tps_param_max": 1.640865683555603,
  "tps_param_mean_abs": 0.3307984173297882,
  "tps_param_min": -1.4196540117263794
}
