{
  "Z": 0.059308528900146484,
  "best_Z_so_far": 0.059308528900146484,
  "best_iter_so_far": 4150,
  "case_id": "face_002__add_black_sunglasses",
  "combined_max_disp_px": 6.341472625732422,
  "combined_mean_disp_px": 2.7066824436187744,
  "combined_p95_disp_px": 4.693464756011963,
  "components_at_boundary": "tps",
  "dct_enabled": 1,
  "dct_grad_norm": 0.009417368099093437,
  "dct_max_disp": 6.430517196655273,
  "dct_mean_disp": 2.918856620788574,
  "dct_num_at_max": 0,
  "dct_num_at_min": 0,
  "dct_p95_disp": 5.767335414886475,
  "dct_param_max": 1.4873850345611572,
  "dct_param_mean_abs": 0.5092145800590515,
  "dct_param_min": -1.8940763473510742,
  "delaunay_enabled": 1,
  "delaunay_grad_norm": 0.0013777698623016477,
  "delaunay_max_disp": 8.647266387939453,
  "delaunay_mean_disp": 2.7497849464416504,
  "delaunay_num_at_max": 0,
  "delaunay_num_at_min": 0,
  "delaunay_p95_disp": 6.666346549987793,
  "delaunay_param_max": 6.003084182739258,
  "delaunay_param_mean_abs": 1.3594802618026733,
  "delaunay_param_min": -6.847008228302002,
  "face_id": "face_002",
  "fft_phase_enabled": 0,
  "fft_phase_grad_norm": 0.0,
  "fft_phase_max_abs": 0.0,
  "fft_phase_mean_abs": 0.0,
  "fft_phase_norm": 0.0,
  "fft_phase_num_at_max": 0,
  "fft_phase_num_at_min": 0,
  "fft_phase_num_clamped": 0,
  "fft_spatial_delta_mse": 0.0,
  "foldover_fraction": 0.0,
  "fraction_clamped_total": 0.015151515151515152,
  "identity_angle_degrees": 19.831995010375977,
  "identity_angle_radians": 0.34613358974456787,
  "identity_cosine_distance": 0.059308528900146484,
  "identity_cosine_similarity_raw": 0.9406914710998535,
  "identity_l2_embedding_distance": 0.3444085419178009,
  "identity_similarity_score_pct": 94.06914520263672,
  "iter": 4150,
  "jacobian_det_min": 0.4752529561519623,
  "l2_to_original": 0.05876624956727028,
  "learning_rate": 0.05,
  "legacy_fft_strength_equivalent": 0.0,
  "loss": -0.059308528900146484,
  "mse_to_original": 0.003453472163528204,
  "num_at_max_total": 1,
  "num_at_min_total": 1,
  "num_clamped_total": 2,
  "num_total_params": 132,
  "original_embedding_norm": 1.0,
  "peak_vram_gb": 0.4965987205505371,
  "perturbed_embedding_norm": 0.9999999403953552,
  "prompt": "add black sunglasses",
  "psnr_to_original": 24.617440402441435,
  "rolling_enabled": 1,
  "rolling_grad_norm": 0.001477058045566082,
  "rolling_max_disp": 0.9292721748352051,
  "rolling_mean_disp": 0.5034914612770081,
  "rolling_num_at_max": 0,
  "rolling_num_at_min": 0,
  "rolling_p95_disp": 0.8363845348358154,
  "rolling_param_max": 1.269957423210144,
  "rolling_param_mean_abs": 1.3451215028762817,
  "rolling_param_min": -1.4202855825424194,
  "seconds_elapsed": 346.1678794194013,
  "seconds_iter": 0.08079556003212929,
  "seed": 250852,
  "smoothness_tv": 0.05814913660287857,
  "ssim_to_original": 0.9736618995666504,
  "total_geometry_grad_norm": 0.009765415452420712,
  "total_grad_norm": 0.009765415452420712,
  "tps_enabled": 1,
  "tps_grad_norm": 0.0016113842139020562,
  "tps_max_disp": 5.478647232055664,
  "tps_mean_disp": 2.1114983558654785,
  "tps_num_at_max": 1,
  "tps_num_at_min": 1,
  "tps_p95_disp": 4.6829729080200195,
  "tps_param_max": 4.0960001945495605,
  "tps_param_mean_abs": 0.8832820653915405,
  "tps_param_min": -4.0960001945495605
}
