{
  "Z": 0.10314905643463135,
  "best_Z_so_far": 0.10318881273269653,
  "best_iter_so_far": 3707,
  "case_id": "face_005__add_black_sunglasses",
  "combined_max_disp_px": 18.152795791625977,
  "combined_mean_disp_px": 4.5666303634643555,
  "combined_p95_disp_px": 9.29300594329834,
  "components_at_boundary": "delaunay,tps",
  "dct_enabled": 1,
  "dct_grad_norm": 0.012670572847127914,
  "dct_max_disp": 18.513099670410156,
  "dct_mean_disp": 4.2312469482421875,
  "dct_num_at_max": 0,
  "dct_num_at_min": 0,
  "dct_p95_disp": 8.098295211791992,
  "dct_param_max": 1.7743103504180908,
  "dct_param_mean_abs": 0.8195151090621948,
  "dct_param_min": -1.9122915267944336,
  "delaunay_enabled": 1,
  "delaunay_grad_norm": 0.0020503418054431677,
  "delaunay_max_disp": 10.088583946228027,
  "delaunay_mean_disp": 1.7718594074249268,
  "delaunay_num_at_max": 1,
  "delaunay_num_at_min": 0,
  "delaunay_p95_disp": 5.95242166519165,
  "delaunay_param_max": 7.679999828338623,
  "delaunay_param_mean_abs": 1.0295652151107788,
  "delaunay_param_min": -2.9510717391967773,
  "face_id": "face_005",
  "fft_phase_enabled": 0,
  "fft_phase_grad_norm": 0.0,
  "fft_phase_max_abs": 0.0,
  "fft_phase_mean_abs": 0.0,
  "fft_phase_norm": 0.0,
  "fft_phase_num_at_max": 0,
  "fft_phase_num_at_min": 0,
  "fft_phase_num_clamped": 0,
  "fft_spatial_delta_mse": 0.0,
  "foldover_fraction": 0.002796173095703125,
  "fraction_clamped_total": 0.045454545454545456,
  "identity_angle_degrees": 26.252822875976562,
  "identity_angle_radians": 0.4581981897354126,
  "identity_cosine_distance": 0.10314905643463135,
  "identity_cosine_similarity_raw": 0.8968509435653687,
  "identity_l2_embedding_distance": 0.45420077443122864,
  "identity_similarity_score_pct": 89.68509674072266,
  "iter": 4225,
  "jacobian_det_min": -0.6859996318817139,
  "l2_to_original": 0.07109776139259338,
  "learning_rate": 0.05,
  "legacy_fft_strength_equivalent": 0.0,
  "loss": -0.10314905643463135,
  "mse_to_original": 0.005054892040789127,
  "num_at_max_total": 3,
  "num_at_min_total": 3,
  "num_clamped_total": 6,
  "num_total_params": 132,
  "original_embedding_norm": 0.9999999403953552,
  "peak_vram_gb": 2.991054058074951,
  "perturbed_embedding_norm": 1.0,
  "prompt": "add black sunglasses",
  "psnr_to_original": 22.96288115362838,
  "rolling_enabled": 1,
  "rolling_grad_norm": 0.0017920306418091059,
  "rolling_max_disp": 0.5244174003601074,
  "rolling_mean_disp": 0.1362154483795166,
  "rolling_num_at_max": 0,
  "rolling_num_at_min": 0,
  "rolling_p95_disp": 0.463742196559906,
  "rolling_param_max": 0.6359518766403198,
  "rolling_param_mean_abs": 0.49205487966537476,
  "rolling_param_min": -0.3481578826904297,
  "seconds_elapsed": 389.93537635728717,
  "seconds_iter": 0.06913989409804344,
  "seed": 67119,
  "smoothness_tv": 0.10436179488897324,
  "ssim_to_original": 0.9617511034011841,
  "total_geometry_grad_norm": 0.013180459849536419,
  "total_grad_norm": 0.013180459849536419,
  "tps_enabled": 1,
  "tps_grad_norm": 0.002401210367679596,
  "tps_max_disp": 5.906640529632568,
  "tps_mean_disp": 2.3776025772094727,
  "tps_num_at_max": 2,
  "tps_num_at_min": 3,
  "tps_p95_disp": 5.026220321655273,
  "tps_param_max": 4.0960001945495605,
  "tps_param_mean_abs": 1.0955480337142944,
  "tps_param_min": -4.0960001945495605
}
