{
  "Z": 0.10177195072174072,
  "best_Z_so_far": 0.1018419861793518,
  "best_iter_so_far": 2519,
  "case_id": "face_005__add_black_sunglasses",
  "combined_max_disp_px": 15.342184066772461,
  "combined_mean_disp_px": 4.476462364196777,
  "combined_p95_disp_px": 8.992244720458984,
  "components_at_boundary": "tps",
  "dct_enabled": 1,
  "dct_grad_norm": 0.01742078736424446,
  "dct_max_disp": 15.735184669494629,
  "dct_mean_disp": 3.8879008293151855,
  "dct_num_at_max": 0,
  "dct_num_at_min": 0,
  "dct_p95_disp": 7.7562575340271,
  "dct_param_max": 1.5010128021240234,
  "dct_param_mean_abs": 0.7581450939178467,
  "dct_param_min": -1.7598865032196045,
  "delaunay_enabled": 1,
  "delaunay_grad_norm": 0.0028697517700493336,
  "delaunay_max_disp": 9.088313102722168,
  "delaunay_mean_disp": 1.61155104637146,
  "delaunay_num_at_max": 0,
  "delaunay_num_at_min": 0,
  "delaunay_p95_disp": 5.159539222717285,
  "delaunay_param_max": 7.061185836791992,
  "delaunay_param_mean_abs": 0.9097201228141785,
  "delaunay_param_min": -3.549650192260742,
  "face_id": "face_005",
  "fft_phase_enabled": 0,
  "fft_phase_grad_norm": 0.0,
  "fft_phase_max_abs": 0.0,
  "fft_phase_mean_abs": 0.0,
  "fft_phase_norm": 0.0,
  "fft_phase_num_at_max": 0,
  "fft_phase_num_at_min": 0,
  "fft_phase_num_clamped": 0,
  "fft_spatial_delta_mse": 0.0,
  "foldover_fraction": 0.001800537109375,
  "fraction_clamped_total": 0.022727272727272728,
  "identity_angle_degrees": 26.073881149291992,
  "identity_angle_radians": 0.45507505536079407,
  "identity_cosine_distance": 0.10177195072174072,
  "identity_cosine_similarity_raw": 0.8982280492782593,
  "identity_l2_embedding_distance": 0.4511585831642151,
  "identity_similarity_score_pct": 89.82280731201172,
  "iter": 2525,
  "jacobian_det_min": -0.39098477363586426,
  "l2_to_original": 0.07083000987768173,
  "learning_rate": 0.05,
  "legacy_fft_strength_equivalent": 0.0,
  "loss": -0.10177195072174072,
  "mse_to_original": 0.005016890820115805,
  "num_at_max_total": 3,
  "num_at_min_total": 0,
  "num_clamped_total": 3,
  "num_total_params": 132,
  "original_embedding_norm": 0.9999999403953552,
  "peak_vram_gb": 2.991054058074951,
  "perturbed_embedding_norm": 0.9999999403953552,
  "prompt": "add black sunglasses",
  "psnr_to_original": 22.9956535018556,
  "rolling_enabled": 1,
  "rolling_grad_norm": 0.0023888852447271347,
  "rolling_max_disp": 0.6719731092453003,
  "rolling_mean_disp": 0.4565775990486145,
  "rolling_num_at_max": 0,
  "rolling_num_at_min": 0,
  "rolling_p95_disp": 0.6713098883628845,
  "rolling_param_max": 0.6391115188598633,
  "rolling_param_mean_abs": 0.45737892389297485,
  "rolling_param_min": 0.27564629912376404,
  "seconds_elapsed": 235.77069007232785,
  "seconds_iter": 0.05786675214767456,
  "seed": 67119,
  "smoothness_tv": 0.10252062976360321,
  "ssim_to_original": 0.9620494842529297,
  "total_geometry_grad_norm": 0.018145030364394188,
  "total_grad_norm": 0.018145030364394188,
  "tps_enabled": 1,
  "tps_grad_norm": 0.003437445731833577,
  "tps_max_disp": 5.82969856262207,
  "tps_mean_disp": 2.311873435974121,
  "tps_num_at_max": 3,
  "tps_num_at_min": 0,
  "tps_p95_disp": 4.950264930725098,
  "tps_param_max": 4.0960001945495605,
  "tps_param_mean_abs": 1.0537166595458984,
  "tps_param_min": -4.094336032867432
}
