{
  "Z": 0.02345263957977295,
  "best_Z_so_far": 0.023509860038757324,
  "best_iter_so_far": 290,
  "case_id": "face_002__add_black_sunglasses",
  "combined_max_disp_px": 5.501365661621094,
  "combined_mean_disp_px": 2.1984901428222656,
  "combined_p95_disp_px": 3.911302328109741,
  "components_at_boundary": "",
  "dct_enabled": 1,
  "dct_grad_norm": 0.01060725748538971,
  "dct_max_disp": 5.833796501159668,
  "dct_mean_disp": 2.1325736045837402,
  "dct_num_at_max": 0,
  "dct_num_at_min": 0,
  "dct_p95_disp": 4.215754508972168,
  "dct_param_max": 1.1209200620651245,
  "dct_param_mean_abs": 0.3556487262248993,
  "dct_param_min": -1.040250539779663,
  "delaunay_enabled": 1,
  "delaunay_grad_norm": 0.0008335535530932248,
  "delaunay_max_disp": 3.9278907775878906,
  "delaunay_mean_disp": 1.0151764154434204,
  "delaunay_num_at_max": 0,
  "delaunay_num_at_min": 0,
  "delaunay_p95_disp": 2.528806686401367,
  "delaunay_param_max": 2.1894030570983887,
  "delaunay_param_mean_abs": 0.5122072696685791,
  "delaunay_param_min": -3.405618906021118,
  "face_id": "face_002",
  "fft_phase_enabled": 0,
  "fft_phase_grad_norm": 0.0,
  "fft_phase_max_abs": 0.0,
  "fft_phase_mean_abs": 0.0,
  "fft_phase_norm": 0.0,
  "fft_phase_num_at_max": 0,
  "fft_phase_num_at_min": 0,
  "fft_phase_num_clamped": 0,
  "fft_spatial_delta_mse": 0.0,
  "foldover_fraction": 0.0,
  "fraction_clamped_total": 0.0,
  "identity_angle_degrees": 12.433286666870117,
  "identity_angle_radians": 0.2170017808675766,
  "identity_cosine_distance": 0.02345263957977295,
  "identity_cosine_similarity_raw": 0.976547360420227,
  "identity_l2_embedding_distance": 0.21657663583755493,
  "identity_similarity_score_pct": 97.65473937988281,
  "iter": 300,
  "jacobian_det_min": 0.576018214225769,
  "l2_to_original": 0.05296120420098305,
  "learning_rate": 0.05,
  "legacy_fft_strength_equivalent": 0.0,
  "loss": -0.02345263957977295,
  "mse_to_original": 0.0028048893436789513,
  "num_at_max_total": 0,
  "num_at_min_total": 0,
  "num_clamped_total": 0,
  "num_total_params": 132,
  "original_embedding_norm": 0.9999999403953552,
  "peak_vram_gb": 0.4942488670349121,
  "perturbed_embedding_norm": 1.0,
  "prompt": "add black sunglasses",
  "psnr_to_original": 25.520842675192526,
  "rolling_enabled": 1,
  "rolling_grad_norm": 0.000595283810980618,
  "rolling_max_disp": 0.19263896346092224,
  "rolling_mean_disp": 0.11296109855175018,
  "rolling_num_at_max": 0,
  "rolling_num_at_min": 0,
  "rolling_p95_disp": 0.19167807698249817,
  "rolling_param_max": 0.309799462556839,
  "rolling_param_mean_abs": 0.2858869433403015,
  "rolling_param_min": -0.26197442412376404,
  "seconds_elapsed": 29.127694755792618,
  "seconds_iter": 0.07511290721595287,
  "seed": 250852,
  "smoothness_tv": 0.04869570583105087,
  "ssim_to_original": 0.9786257147789001,
  "total_geometry_grad_norm": 0.010712597519159317,
  "total_grad_norm": 0.010712597519159317,
  "tps_enabled": 1,
  "tps_grad_norm": 0.001093914033845067,
  "tps_max_disp": 3.367332696914673,
  "tps_mean_disp": 0.9628534317016602,
  "tps_num_at_max": 0,
  "tps_num_at_min": 0,
  "tps_p95_disp": 2.5794689655303955,
  "tps_param_max": 3.3192996978759766,
  "tps_param_mean_abs": 0.41376742720603943,
  "tps_param_min": -2.6602625846862793
}
