{
  "Z": 0.05916404724121094,
  "best_Z_so_far": 0.05927330255508423,
  "best_iter_so_far": 3599,
  "case_id": "face_002__add_black_sunglasses",
  "combined_max_disp_px": 6.3726677894592285,
  "combined_mean_disp_px": 2.7087745666503906,
  "combined_p95_disp_px": 4.672564506530762,
  "components_at_boundary": "tps",
  "dct_enabled": 1,
  "dct_grad_norm": 0.014725051820278168,
  "dct_max_disp": 6.378711700439453,
  "dct_mean_disp": 2.9152307510375977,
  "dct_num_at_max": 0,
  "dct_num_at_min": 0,
  "dct_p95_disp": 5.763903617858887,
  "dct_param_max": 1.4815267324447632,
  "dct_param_mean_abs": 0.5087596774101257,
  "dct_param_min": -1.8975286483764648,
  "delaunay_enabled": 1,
  "delaunay_grad_norm": 0.0033001212868839502,
  "delaunay_max_disp": 8.646597862243652,
  "delaunay_mean_disp": 2.753016710281372,
  "delaunay_num_at_max": 0,
  "delaunay_num_at_min": 0,
  "delaunay_p95_disp": 6.664699554443359,
  "delaunay_param_max": 5.996187686920166,
  "delaunay_param_mean_abs": 1.361633539199829,
  "delaunay_param_min": -6.849422931671143,
  "face_id": "face_002",
  "fft_phase_enabled": 0,
  "fft_phase_grad_norm": 0.0,
  "fft_phase_max_abs": 0.0,
  "fft_phase_mean_abs": 0.0,
  "fft_phase_norm": 0.0,
  "fft_phase_num_at_max": 0,
  "fft_phase_num_at_min": 0,
  "fft_phase_num_clamped": 0,
  "fft_spatial_delta_mse": 0.0,
  "foldover_fraction": 0.0,
  "fraction_clamped_total": 0.022727272727272728,
  "identity_angle_degrees": 19.807579040527344,
  "identity_angle_radians": 0.3457074761390686,
  "identity_cosine_distance": 0.05916404724121094,
  "identity_cosine_similarity_raw": 0.9408359527587891,
  "identity_l2_embedding_distance": 0.34398865699768066,
  "identity_similarity_score_pct": 94.0835952758789,
  "iter": 4050,
  "jacobian_det_min": 0.4800500273704529,
  "l2_to_original": 0.058804456144571304,
  "learning_rate": 0.05,
  "legacy_fft_strength_equivalent": 0.0,
  "loss": -0.05916404724121094,
  "mse_to_original": 0.003457964165136218,
  "num_at_max_total": 1,
  "num_at_min_total": 2,
  "num_clamped_total": 3,
  "num_total_params": 132,
  "original_embedding_norm": 1.0,
  "peak_vram_gb": 0.4965987205505371,
  "perturbed_embedding_norm": 1.0,
  "prompt": "add black sunglasses",
  "psnr_to_original": 24.611795116301238,
  "rolling_enabled": 1,
  "rolling_grad_norm": 0.0018724559340626001,
  "rolling_max_disp": 0.928282618522644,
  "rolling_mean_disp": 0.5154674053192139,
  "rolling_num_at_max": 0,
  "rolling_num_at_min": 0,
  "rolling_p95_disp": 0.8600367307662964,
  "rolling_param_max": 1.2722437381744385,
  "rolling_param_mean_abs": 1.3576316833496094,
  "rolling_param_min": -1.4430197477340698,
  "seconds_elapsed": 336.89678562805057,
  "seconds_iter": 0.06717869080603123,
  "seed": 250852,
  "smoothness_tv": 0.05813263729214668,
  "ssim_to_original": 0.973627507686615,
  "total_geometry_grad_norm": 0.015585554763674736,
  "total_grad_norm": 0.015585554763674736,
  "tps_enabled": 1,
  "tps_grad_norm": 0.003418403211981058,
  "tps_max_disp": 5.478177547454834,
  "tps_mean_disp": 2.106472969055176,
  "tps_num_at_max": 1,
  "tps_num_at_min": 2,
  "tps_p95_disp": 4.679049491882324,
  "tps_param_max": 4.0960001945495605,
  "tps_param_mean_abs": 0.8793621063232422,
  "tps_param_min": -4.0960001945495605
}
