{
  "Z": 0.05771994590759277,
  "best_Z_so_far": 0.057848572731018066,
  "best_iter_so_far": 817,
  "case_id": "face_002__add_black_sunglasses",
  "combined_max_disp_px": 6.850728511810303,
  "combined_mean_disp_px": 2.6588287353515625,
  "combined_p95_disp_px": 4.801727294921875,
  "components_at_boundary": "",
  "dct_enabled": 1,
  "dct_grad_norm": 0.022020630538463593,
  "dct_max_disp": 6.428328514099121,
  "dct_mean_disp": 2.8678712844848633,
  "dct_num_at_max": 0,
  "dct_num_at_min": 0,
  "dct_p95_disp": 5.889640808105469,
  "dct_param_max": 1.596047043800354,
  "dct_param_mean_abs": 0.5152696967124939,
  "dct_param_min": -1.838857650756836,
  "delaunay_enabled": 1,
  "delaunay_grad_norm": 0.0030430746264755726,
  "delaunay_max_disp": 7.146118640899658,
  "delaunay_mean_disp": 2.1728155612945557,
  "delaunay_num_at_max": 0,
  "delaunay_num_at_min": 0,
  "delaunay_p95_disp": 5.314760208129883,
  "delaunay_param_max": 4.594174385070801,
  "delaunay_param_mean_abs": 1.0689886808395386,
  "delaunay_param_min": -6.23765230178833,
  "face_id": "face_002",
  "fft_phase_enabled": 0,
  "fft_phase_grad_norm": 0.0,
  "fft_phase_max_abs": 0.0,
  "fft_phase_mean_abs": 0.0,
  "fft_phase_norm": 0.0,
  "fft_phase_num_at_max": 0,
  "fft_phase_num_at_min": 0,
  "fft_phase_num_clamped": 0,
  "fft_spatial_delta_mse": 0.0,
  "foldover_fraction": 0.0,
  "fraction_clamped_total": 0.0,
  "identity_angle_degrees": 19.56194496154785,
  "identity_angle_radians": 0.34142035245895386,
  "identity_cosine_distance": 0.05771994590759277,
  "identity_cosine_similarity_raw": 0.9422800540924072,
  "identity_l2_embedding_distance": 0.33976447582244873,
  "identity_similarity_score_pct": 94.2280044555664,
  "iter": 825,
  "jacobian_det_min": 0.5063715577125549,
  "l2_to_original": 0.05807114392518997,
  "learning_rate": 0.05,
  "legacy_fft_strength_equivalent": 0.0,
  "loss": -0.05771994590759277,
  "mse_to_original": 0.003372257575392723,
  "num_at_max_total": 0,
  "num_at_min_total": 0,
  "num_clamped_total": 0,
  "num_total_params": 132,
  "original_embedding_norm": 1.0,
  "peak_vram_gb": 0.4965987205505371,
  "perturbed_embedding_norm": 0.9999999403953552,
  "prompt": "add black sunglasses",
  "psnr_to_original": 24.720792610640462,
  "rolling_enabled": 1,
  "rolling_grad_norm": 0.0023131095804274082,
  "rolling_max_disp": 0.7621461153030396,
  "rolling_mean_disp": 0.19765719771385193,
  "rolling_num_at_max": 0,
  "rolling_num_at_min": 0,
  "rolling_p95_disp": 0.6742755770683289,
  "rolling_param_max": 0.9197301864624023,
  "rolling_param_mean_abs": 0.7131679654121399,
  "rolling_param_min": -0.5066057443618774,
  "seconds_elapsed": 68.20464617200196,
  "seconds_iter": 0.06614426709711552,
  "seed": 250852,
  "smoothness_tv": 0.053213492035865784,
  "ssim_to_original": 0.9742810130119324,
  "total_geometry_grad_norm": 0.02264499105513096,
  "total_grad_norm": 0.02264499105513096,
  "tps_enabled": 1,
  "tps_grad_norm": 0.003643712028861046,
  "tps_max_disp": 4.286548614501953,
  "tps_mean_disp": 1.341602087020874,
  "tps_num_at_max": 0,
  "tps_num_at_min": 0,
  "tps_p95_disp": 3.1338024139404297,
  "tps_param_max": 4.081800937652588,
  "tps_param_mean_abs": 0.6307306885719299,
  "tps_param_min": -3.1789445877075195
}
