{
  "Z": 0.06760895252227783,
  "best_Z_so_far": 0.06776446104049683,
  "best_iter_so_far": 3179,
  "case_id": "face_002__add_headphones",
  "combined_max_disp_px": 7.134222030639648,
  "combined_mean_disp_px": 3.0303187370300293,
  "combined_p95_disp_px": 5.861955165863037,
  "components_at_boundary": "tps",
  "dct_enabled": 1,
  "dct_grad_norm": 0.01464131474494934,
  "dct_max_disp": 7.196962356567383,
  "dct_mean_disp": 2.752284526824951,
  "dct_num_at_max": 0,
  "dct_num_at_min": 0,
  "dct_p95_disp": 5.348978519439697,
  "dct_param_max": 1.1356223821640015,
  "dct_param_mean_abs": 0.4857211709022522,
  "dct_param_min": -1.38752281665802,
  "delaunay_enabled": 1,
  "delaunay_grad_norm": 0.002839873544871807,
  "delaunay_max_disp": 8.219060897827148,
  "delaunay_mean_disp": 2.1099212169647217,
  "delaunay_num_at_max": 0,
  "delaunay_num_at_min": 0,
  "delaunay_p95_disp": 5.554605007171631,
  "delaunay_param_max": 5.412683486938477,
  "delaunay_param_mean_abs": 1.1379914283752441,
  "delaunay_param_min": -6.489587783813477,
  "face_id": "face_002",
  "fft_phase_enabled": 0,
  "fft_phase_grad_norm": 0.0,
  "fft_phase_max_abs": 0.0,
  "fft_phase_mean_abs": 0.0,
  "fft_phase_norm": 0.0,
  "fft_phase_num_at_max": 0,
  "fft_phase_num_at_min": 0,
  "fft_phase_num_clamped": 0,
  "fft_spatial_delta_mse": 0.0,
  "foldover_fraction": 0.0,
  "fraction_clamped_total": 0.015151515151515152,
  "identity_angle_degrees": 21.18934440612793,
  "identity_angle_radians": 0.3698238134384155,
  "identity_cosine_distance": 0.06760895252227783,
  "identity_cosine_similarity_raw": 0.9323910474777222,
  "identity_l2_embedding_distance": 0.36772018671035767,
  "identity_similarity_score_pct": 93.23910522460938,
  "iter": 3450,
  "jacobian_det_min": 0.3429371416568756,
  "l2_to_original": 0.05925961956381798,
  "learning_rate": 0.05,
  "legacy_fft_strength_equivalent": 0.0,
  "loss": -0.06760895252227783,
  "mse_to_original": 0.003511702409014106,
  "num_at_max_total": 0,
  "num_at_min_total": 2,
  "num_clamped_total": 2,
  "num_total_params": 132,
  "original_embedding_norm": 1.0,
  "peak_vram_gb": 2.987697124481201,
  "perturbed_embedding_norm": 0.9999999403953552,
  "prompt": "add headphones",
  "psnr_to_original": 24.544822944740908,
  "rolling_enabled": 1,
  "rolling_grad_norm": 0.00342316972091794,
  "rolling_max_disp": 0.941019594669342,
  "rolling_mean_disp": 0.5191584825515747,
  "rolling_num_at_max": 0,
  "rolling_num_at_min": 0,
  "rolling_p95_disp": 0.8650528788566589,
  "rolling_param_max": 1.2980592250823975,
  "rolling_param_mean_abs": 1.3752981424331665,
  "rolling_param_min": -1.4525370597839355,
  "seconds_elapsed": 310.59190596081316,
  "seconds_iter": 0.07386639155447483,
  "seed": 438717,
  "smoothness_tv": 0.061717335134744644,
  "ssim_to_original": 0.9732458591461182,
  "total_geometry_grad_norm": 0.01565377414226532,
  "total_grad_norm": 0.01565377414226532,
  "tps_enabled": 1,
  "tps_grad_norm": 0.003299935022369027,
  "tps_max_disp": 5.4988484382629395,
  "tps_mean_disp": 1.750639796257019,
  "tps_num_at_max": 0,
  "tps_num_at_min": 2,
  "tps_p95_disp": 4.137864589691162,
  "tps_param_max": 4.095771312713623,
  "tps_param_mean_abs": 0.7514153122901917,
  "tps_param_min": -4.0960001945495605
}
