{
  "Z": 0.015013337135314941,
  "best_Z_so_far": 0.015013337135314941,
  "best_iter_so_far": 25,
  "case_id": "face_005__add_headphones",
  "combined_max_disp_px": 7.2046685218811035,
  "combined_mean_disp_px": 3.0416688919067383,
  "combined_p95_disp_px": 5.826083183288574,
  "components_at_boundary": "",
  "dct_enabled": 1,
  "dct_grad_norm": 0.005270676221698523,
  "dct_max_disp": 5.721877098083496,
  "dct_mean_disp": 2.391469717025757,
  "dct_num_at_max": 0,
  "dct_num_at_min": 0,
  "dct_p95_disp": 4.6848931312561035,
  "dct_param_max": 0.7856364846229553,
  "dct_param_mean_abs": 0.452741414308548,
  "dct_param_min": -0.9133173823356628,
  "delaunay_enabled": 1,
  "delaunay_grad_norm": 0.0010739258723333478,
  "delaunay_max_disp": 0.9928587079048157,
  "delaunay_mean_disp": 0.38737666606903076,
  "delaunay_num_at_max": 0,
  "delaunay_num_at_min": 0,
  "delaunay_p95_disp": 0.8385345935821533,
  "delaunay_param_max": 1.0180516242980957,
  "delaunay_param_mean_abs": 0.1911495178937912,
  "delaunay_param_min": -0.7562752962112427,
  "face_id": "face_005",
  "fft_phase_enabled": 0,
  "fft_phase_grad_norm": 0.0,
  "fft_phase_max_abs": 0.0,
  "fft_phase_mean_abs": 0.0,
  "fft_phase_norm": 0.0,
  "fft_phase_num_at_max": 0,
  "fft_phase_num_at_min": 0,
  "fft_phase_num_clamped": 0,
  "fft_spatial_delta_mse": 0.0,
  "foldover_fraction": 0.0,
  "fraction_clamped_total": 0.0,
  "identity_angle_degrees": 9.940794944763184,
  "identity_angle_radians": 0.17349959909915924,
  "identity_cosine_distance": 0.015013337135314941,
  "identity_cosine_similarity_raw": 0.9849866628646851,
  "identity_l2_embedding_distance": 0.17328229546546936,
  "identity_similarity_score_pct": 98.49866485595703,
  "iter": 25,
  "jacobian_det_min": 0.44947075843811035,
  "l2_to_original": 0.05949363857507706,
  "learning_rate": 0.05,
  "legacy_fft_strength_equivalent": 0.0,
  "loss": -0.015013337135314941,
  "mse_to_original": 0.003539492841809988,
  "num_at_max_total": 0,
  "num_at_min_total": 0,
  "num_clamped_total": 0,
  "num_total_params": 132,
  "original_embedding_norm": 0.9999999403953552,
  "peak_vram_gb": 2.995509624481201,
  "perturbed_embedding_norm": 1.0,
  "prompt": "add headphones",
  "psnr_to_original": 24.510589616415487,
  "rolling_enabled": 1,
  "rolling_grad_norm": 0.00047412223648279905,
  "rolling_max_disp": 0.24802276492118835,
  "rolling_mean_disp": 0.13851463794708252,
  "rolling_num_at_max": 0,
  "rolling_num_at_min": 0,
  "rolling_p95_disp": 0.24106353521347046,
  "rolling_param_max": -0.021567365154623985,
  "rolling_param_mean_abs": 0.14271219074726105,
  "rolling_param_min": -0.26385700702667236,
  "seconds_elapsed": 2.618623286485672,
  "seconds_iter": 0.07162382826209068,
  "seed": 405993,
  "smoothness_tv": 0.05560171976685524,
  "ssim_to_original": 0.9732531905174255,
  "total_geometry_grad_norm": 0.005510801449418068,
  "total_grad_norm": 0.005510801449418068,
  "tps_enabled": 1,
  "tps_grad_norm": 0.0011003614636138082,
  "tps_max_disp": 1.086972951889038,
  "tps_mean_disp": 0.48317158222198486,
  "tps_num_at_max": 0,
  "tps_num_at_min": 0,
  "tps_p95_disp": 0.9973298907279968,
  "tps_param_max": 1.0502560138702393,
  "tps_param_mean_abs": 0.18728625774383545,
  "tps_param_min": -0.8085645437240601
}
