{
  "Z": 0.0982961654663086,
  "best_Z_so_far": 0.09846246242523193,
  "best_iter_so_far": 1424,
  "case_id": "face_005__add_headphones",
  "combined_max_disp_px": 11.741823196411133,
  "combined_mean_disp_px": 4.177474021911621,
  "combined_p95_disp_px": 8.96915054321289,
  "components_at_boundary": "tps",
  "dct_enabled": 1,
  "dct_grad_norm": 0.01900341361761093,
  "dct_max_disp": 9.635814666748047,
  "dct_mean_disp": 3.408719778060913,
  "dct_num_at_max": 0,
  "dct_num_at_min": 0,
  "dct_p95_disp": 6.909374713897705,
  "dct_param_max": 1.1217920780181885,
  "dct_param_mean_abs": 0.6273632645606995,
  "dct_param_min": -1.5570660829544067,
  "delaunay_enabled": 1,
  "delaunay_grad_norm": 0.003151842625811696,
  "delaunay_max_disp": 8.27780818939209,
  "delaunay_mean_disp": 1.362790584564209,
  "delaunay_num_at_max": 0,
  "delaunay_num_at_min": 0,
  "delaunay_p95_disp": 4.716122627258301,
  "delaunay_param_max": 7.070058822631836,
  "delaunay_param_mean_abs": 0.7426761388778687,
  "delaunay_param_min": -1.4657336473464966,
  "face_id": "face_005",
  "fft_phase_enabled": 0,
  "fft_phase_grad_norm": 0.0,
  "fft_phase_max_abs": 0.0,
  "fft_phase_mean_abs": 0.0,
  "fft_phase_norm": 0.0,
  "fft_phase_num_at_max": 0,
  "fft_phase_num_at_min": 0,
  "fft_phase_num_clamped": 0,
  "fft_spatial_delta_mse": 0.0,
  "foldover_fraction": 0.0,
  "fraction_clamped_total": 0.030303030303030304,
  "identity_angle_degrees": 25.6170597076416,
  "identity_angle_radians": 0.44710204005241394,
  "identity_cosine_distance": 0.0982961654663086,
  "identity_cosine_similarity_raw": 0.9017038345336914,
  "identity_l2_embedding_distance": 0.4433874487876892,
  "identity_similarity_score_pct": 90.17037963867188,
  "iter": 1425,
  "jacobian_det_min": 0.47768115997314453,
  "l2_to_original": 0.07158128917217255,
  "learning_rate": 0.05,
  "legacy_fft_strength_equivalent": 0.0,
  "loss": -0.0982961654663086,
  "mse_to_original": 0.0051238806918263435,
  "num_at_max_total": 2,
  "num_at_min_total": 2,
  "num_clamped_total": 4,
  "num_total_params": 132,
  "original_embedding_norm": 0.9999999403953552,
  "peak_vram_gb": 2.993251323699951,
  "perturbed_embedding_norm": 0.9999999403953552,
  "prompt": "add headphones",
  "psnr_to_original": 22.904009912389647,
  "rolling_enabled": 1,
  "rolling_grad_norm": 0.0006650593713857234,
  "rolling_max_disp": 1.9433331489562988,
  "rolling_mean_disp": 1.0062177181243896,
  "rolling_num_at_max": 0,
  "rolling_num_at_min": 0,
  "rolling_p95_disp": 1.8721309900283813,
  "rolling_param_max": 2.0458271503448486,
  "rolling_param_mean_abs": 1.0880601406097412,
  "rolling_param_min": 0.1302931010723114,
  "seconds_elapsed": 133.49014854058623,
  "seconds_iter": 0.08233392238616943,
  "seed": 405993,
  "smoothness_tv": 0.0860397070646286,
  "ssim_to_original": 0.9612976908683777,
  "total_geometry_grad_norm": 0.019657758995890617,
  "total_grad_norm": 0.019657758995890617,
  "tps_enabled": 1,
  "tps_grad_norm": 0.003862816607579589,
  "tps_max_disp": 6.519687652587891,
  "tps_mean_disp": 2.341075897216797,
  "tps_num_at_max": 2,
  "tps_num_at_min": 2,
  "tps_p95_disp": 5.508143424987793,
  "tps_param_max": 4.0960001945495605,
  "tps_param_mean_abs": 1.009738802909851,
  "tps_param_min": -4.0960001945495605
}
