{
  "Z": 0.10040408372879028,
  "best_Z_so_far": 0.10059189796447754,
  "best_iter_so_far": 932,
  "case_id": "face_005__add_black_sunglasses",
  "combined_max_disp_px": 12.955888748168945,
  "combined_mean_disp_px": 4.392351150512695,
  "combined_p95_disp_px": 8.722514152526855,
  "components_at_boundary": "tps",
  "dct_enabled": 1,
  "dct_grad_norm": 0.016542397439479828,
  "dct_max_disp": 13.520221710205078,
  "dct_mean_disp": 3.6305980682373047,
  "dct_num_at_max": 0,
  "dct_num_at_min": 0,
  "dct_p95_disp": 7.240261077880859,
  "dct_param_max": 1.3618285655975342,
  "dct_param_mean_abs": 0.70704185962677,
  "dct_param_min": -1.7117332220077515,
  "delaunay_enabled": 1,
  "delaunay_grad_norm": 0.002986006438732147,
  "delaunay_max_disp": 7.535456657409668,
  "delaunay_mean_disp": 1.3570048809051514,
  "delaunay_num_at_max": 0,
  "delaunay_num_at_min": 0,
  "delaunay_p95_disp": 4.031998634338379,
  "delaunay_param_max": 5.696904182434082,
  "delaunay_param_mean_abs": 0.7608813047409058,
  "delaunay_param_min": -3.300741672515869,
  "face_id": "face_005",
  "fft_phase_enabled": 0,
  "fft_phase_grad_norm": 0.0,
  "fft_phase_max_abs": 0.0,
  "fft_phase_mean_abs": 0.0,
  "fft_phase_norm": 0.0,
  "fft_phase_num_at_max": 0,
  "fft_phase_num_at_min": 0,
  "fft_phase_num_clamped": 0,
  "fft_spatial_delta_mse": 0.0,
  "foldover_fraction": 0.00069427490234375,
  "fraction_clamped_total": 0.030303030303030304,
  "identity_angle_degrees": 25.89499855041504,
  "identity_angle_radians": 0.4519529640674591,
  "identity_cosine_distance": 0.10040408372879028,
  "identity_cosine_similarity_raw": 0.8995959162712097,
  "identity_l2_embedding_distance": 0.4481164813041687,
  "identity_similarity_score_pct": 89.9595947265625,
  "iter": 950,
  "jacobian_det_min": -0.13918906450271606,
  "l2_to_original": 0.07011545449495316,
  "learning_rate": 0.05,
  "legacy_fft_strength_equivalent": 0.0,
  "loss": -0.10040408372879028,
  "mse_to_original": 0.004916176665574312,
  "num_at_max_total": 3,
  "num_at_min_total": 1,
  "num_clamped_total": 4,
  "num_total_params": 132,
  "original_embedding_norm": 0.9999999403953552,
  "peak_vram_gb": 2.991054058074951,
  "perturbed_embedding_norm": 0.9999999403953552,
  "prompt": "add black sunglasses",
  "psnr_to_original": 23.0837251888862,
  "rolling_enabled": 1,
  "rolling_grad_norm": 0.005361657124012709,
  "rolling_max_disp": 1.148327112197876,
  "rolling_mean_disp": 0.30827319622039795,
  "rolling_num_at_max": 0,
  "rolling_num_at_min": 0,
  "rolling_p95_disp": 1.0374221801757812,
  "rolling_param_max": 1.3199471235275269,
  "rolling_param_mean_abs": 0.9097037315368652,
  "rolling_param_min": -0.4994603395462036,
  "seconds_elapsed": 88.71494556032121,
  "seconds_iter": 0.07067515701055527,
  "seed": 67119,
  "smoothness_tv": 0.10052265226840973,
  "ssim_to_original": 0.9628103375434875,
  "total_geometry_grad_norm": 0.018037885427474976,
  "total_grad_norm": 0.018037885427474976,
  "tps_enabled": 1,
  "tps_grad_norm": 0.0037484404165297747,
  "tps_max_disp": 5.866150379180908,
  "tps_mean_disp": 2.0214953422546387,
  "tps_num_at_max": 3,
  "tps_num_at_min": 1,
  "tps_p95_disp": 4.494718551635742,
  "tps_param_max": 4.0960001945495605,
  "tps_param_mean_abs": 0.933088481426239,
  "tps_param_min": -4.0960001945495605
}
