{
  "Z": 0.09905588626861572,
  "best_Z_so_far": 0.09910017251968384,
  "best_iter_so_far": 4546,
  "case_id": "face_005__add_headphones",
  "combined_max_disp_px": 11.894328117370605,
  "combined_mean_disp_px": 4.183518409729004,
  "combined_p95_disp_px": 8.841703414916992,
  "components_at_boundary": "tps",
  "dct_enabled": 1,
  "dct_grad_norm": 0.011222965084016323,
  "dct_max_disp": 8.986712455749512,
  "dct_mean_disp": 3.440272808074951,
  "dct_num_at_max": 0,
  "dct_num_at_min": 0,
  "dct_p95_disp": 6.911556720733643,
  "dct_param_max": 1.1054892539978027,
  "dct_param_mean_abs": 0.6292853355407715,
  "dct_param_min": -1.6471091508865356,
  "delaunay_enabled": 1,
  "delaunay_grad_norm": 0.0022437626030296087,
  "delaunay_max_disp": 8.484428405761719,
  "delaunay_mean_disp": 1.5222978591918945,
  "delaunay_num_at_max": 0,
  "delaunay_num_at_min": 0,
  "delaunay_p95_disp": 5.231329917907715,
  "delaunay_param_max": 6.854476451873779,
  "delaunay_param_mean_abs": 0.7691634893417358,
  "delaunay_param_min": -1.4772334098815918,
  "face_id": "face_005",
  "fft_phase_enabled": 0,
  "fft_phase_grad_norm": 0.0,
  "fft_phase_max_abs": 0.0,
  "fft_phase_mean_abs": 0.0,
  "fft_phase_norm": 0.0,
  "fft_phase_num_at_max": 0,
  "fft_phase_num_at_min": 0,
  "fft_phase_num_clamped": 0,
  "fft_spatial_delta_mse": 0.0,
  "foldover_fraction": 0.0,
  "fraction_clamped_total": 0.030303030303030304,
  "identity_angle_degrees": 25.71755599975586,
  "identity_angle_radians": 0.44885602593421936,
  "identity_cosine_distance": 0.09905588626861572,
  "identity_cosine_similarity_raw": 0.9009441137313843,
  "identity_l2_embedding_distance": 0.44509759545326233,
  "identity_similarity_score_pct": 90.09441375732422,
  "iter": 4775,
  "jacobian_det_min": 0.46049338579177856,
  "l2_to_original": 0.0715675875544548,
  "learning_rate": 0.05,
  "legacy_fft_strength_equivalent": 0.0,
  "loss": -0.09905588626861572,
  "mse_to_original": 0.005121919326484203,
  "num_at_max_total": 1,
  "num_at_min_total": 3,
  "num_clamped_total": 4,
  "num_total_params": 132,
  "original_embedding_norm": 0.9999999403953552,
  "peak_vram_gb": 2.993251323699951,
  "perturbed_embedding_norm": 1.0,
  "prompt": "add headphones",
  "psnr_to_original": 22.905672662304678,
  "rolling_enabled": 1,
  "rolling_grad_norm": 0.000923772866372019,
  "rolling_max_disp": 2.10233473777771,
  "rolling_mean_disp": 1.1850531101226807,
  "rolling_num_at_max": 0,
  "rolling_num_at_min": 0,
  "rolling_p95_disp": 2.046555280685425,
  "rolling_param_max": 2.174739122390747,
  "rolling_param_mean_abs": 1.2504585981369019,
  "rolling_param_min": 0.3261781632900238,
  "seconds_elapsed": 441.13005824387074,
  "seconds_iter": 0.0808845441788435,
  "seed": 405993,
  "smoothness_tv": 0.08657464385032654,
  "ssim_to_original": 0.9612922668457031,
  "total_geometry_grad_norm": 0.011740201152861118,
  "total_grad_norm": 0.011740201152861118,
  "tps_enabled": 1,
  "tps_grad_norm": 0.002447357401251793,
  "tps_max_disp": 6.887034893035889,
  "tps_mean_disp": 2.619749069213867,
  "tps_num_at_max": 1,
  "tps_num_at_min": 3,
  "tps_p95_disp": 5.652626037597656,
  "tps_param_max": 4.0960001945495605,
  "tps_param_mean_abs": 1.110534429550171,
  "tps_param_min": -4.0960001945495605
}
