{
  "Z": 0.10103106498718262,
  "best_Z_so_far": 0.10108208656311035,
  "best_iter_so_far": 1269,
  "case_id": "face_005__add_black_sunglasses",
  "combined_max_disp_px": 12.900285720825195,
  "combined_mean_disp_px": 4.375658988952637,
  "combined_p95_disp_px": 8.786322593688965,
  "components_at_boundary": "tps",
  "dct_enabled": 1,
  "dct_grad_norm": 0.012124634347856045,
  "dct_max_disp": 13.357134819030762,
  "dct_mean_disp": 3.68009614944458,
  "dct_num_at_max": 0,
  "dct_num_at_min": 0,
  "dct_p95_disp": 7.375179290771484,
  "dct_param_max": 1.43817937374115,
  "dct_param_mean_abs": 0.7162863612174988,
  "dct_param_min": -1.7064021825790405,
  "delaunay_enabled": 1,
  "delaunay_grad_norm": 0.0017998357070609927,
  "delaunay_max_disp": 8.360884666442871,
  "delaunay_mean_disp": 1.4898796081542969,
  "delaunay_num_at_max": 0,
  "delaunay_num_at_min": 0,
  "delaunay_p95_disp": 4.48458194732666,
  "delaunay_param_max": 6.081274509429932,
  "delaunay_param_mean_abs": 0.845144510269165,
  "delaunay_param_min": -3.7222447395324707,
  "face_id": "face_005",
  "fft_phase_enabled": 0,
  "fft_phase_grad_norm": 0.0,
  "fft_phase_max_abs": 0.0,
  "fft_phase_mean_abs": 0.0,
  "fft_phase_norm": 0.0,
  "fft_phase_num_at_max": 0,
  "fft_phase_num_at_min": 0,
  "fft_phase_num_clamped": 0,
  "fft_spatial_delta_mse": 0.0,
  "foldover_fraction": 0.0006561279296875,
  "fraction_clamped_total": 0.03787878787878788,
  "identity_angle_degrees": 25.97713279724121,
  "identity_angle_radians": 0.45338648557662964,
  "identity_cosine_distance": 0.10103106498718262,
  "identity_cosine_similarity_raw": 0.8989689350128174,
  "identity_l2_embedding_distance": 0.44951334595680237,
  "identity_similarity_score_pct": 89.89689636230469,
  "iter": 1325,
  "jacobian_det_min": -0.132537379860878,
  "l2_to_original": 0.07012525200843811,
  "learning_rate": 0.05,
  "legacy_fft_strength_equivalent": 0.0,
  "loss": -0.10103106498718262,
  "mse_to_original": 0.004917550832033157,
  "num_at_max_total": 4,
  "num_at_min_total": 1,
  "num_clamped_total": 5,
  "num_total_params": 132,
  "original_embedding_norm": 0.9999999403953552,
  "peak_vram_gb": 2.991054058074951,
  "perturbed_embedding_norm": 1.0,
  "prompt": "add black sunglasses",
  "psnr_to_original": 23.082511421442828,
  "rolling_enabled": 1,
  "rolling_grad_norm": 0.001398588065057993,
  "rolling_max_disp": 0.872925341129303,
  "rolling_mean_disp": 0.3774644732475281,
  "rolling_num_at_max": 0,
  "rolling_num_at_min": 0,
  "rolling_p95_disp": 0.8208856582641602,
  "rolling_param_max": 0.9512742161750793,
  "rolling_param_mean_abs": 0.517762303352356,
  "rolling_param_min": -0.08425033837556839,
  "seconds_elapsed": 123.46017708443105,
  "seconds_iter": 0.0705464817583561,
  "seed": 67119,
  "smoothness_tv": 0.10031978785991669,
  "ssim_to_original": 0.9627940654754639,
  "total_geometry_grad_norm": 0.012570396065711975,
  "total_grad_norm": 0.012570396065711975,
  "tps_enabled": 1,
  "tps_grad_norm": 0.00241093710064888,
  "tps_max_disp": 5.85589075088501,
  "tps_mean_disp": 2.0756447315216064,
  "tps_num_at_max": 4,
  "tps_num_at_min": 1,
  "tps_p95_disp": 4.587716102600098,
  "tps_param_max": 4.0960001945495605,
  "tps_param_mean_abs": 0.9578703045845032,
  "tps_param_min": -4.0960001945495605
}
