{
  "Z": 0.054647624492645264,
  "best_Z_so_far": 0.054647624492645264,
  "best_iter_so_far": 325,
  "case_id": "face_002__add_black_sunglasses",
  "combined_max_disp_px": 7.360937118530273,
  "combined_mean_disp_px": 2.6224775314331055,
  "combined_p95_disp_px": 4.514788627624512,
  "components_at_boundary": "tps",
  "dct_enabled": 1,
  "dct_grad_norm": 0.012299821712076664,
  "dct_max_disp": 6.726785182952881,
  "dct_mean_disp": 2.4353857040405273,
  "dct_num_at_max": 0,
  "dct_num_at_min": 0,
  "dct_p95_disp": 4.789690017700195,
  "dct_param_max": 1.3271671533584595,
  "dct_param_mean_abs": 0.4405820667743683,
  "dct_param_min": -1.4190516471862793,
  "delaunay_enabled": 1,
  "delaunay_grad_norm": 0.002148173050954938,
  "delaunay_max_disp": 5.107797622680664,
  "delaunay_mean_disp": 1.422810435295105,
  "delaunay_num_at_max": 0,
  "delaunay_num_at_min": 0,
  "delaunay_p95_disp": 3.605480432510376,
  "delaunay_param_max": 2.9732730388641357,
  "delaunay_param_mean_abs": 0.7063500285148621,
  "delaunay_param_min": -4.9872283935546875,
  "face_id": "face_002",
  "fft_phase_enabled": 0,
  "fft_phase_grad_norm": 0.0,
  "fft_phase_max_abs": 0.0,
  "fft_phase_mean_abs": 0.0,
  "fft_phase_norm": 0.0,
  "fft_phase_num_at_max": 0,
  "fft_phase_num_at_min": 0,
  "fft_phase_num_clamped": 0,
  "fft_spatial_delta_mse": 0.0,
  "foldover_fraction": 0.0,
  "fraction_clamped_total": 0.007575757575757576,
  "identity_angle_degrees": 19.02922821044922,
  "identity_angle_radians": 0.33212268352508545,
  "identity_cosine_distance": 0.054647624492645264,
  "identity_cosine_similarity_raw": 0.9453523755073547,
  "identity_l2_embedding_distance": 0.3305986821651459,
  "identity_similarity_score_pct": 94.53524017333984,
  "iter": 325,
  "jacobian_det_min": 0.5053096413612366,
  "l2_to_original": 0.05720008537173271,
  "learning_rate": 0.05,
  "legacy_fft_strength_equivalent": 0.0,
  "loss": -0.054647624492645264,
  "mse_to_original": 0.003271849825978279,
  "num_at_max_total": 1,
  "num_at_min_total": 0,
  "num_clamped_total": 1,
  "num_total_params": 132,
  "original_embedding_norm": 1.0,
  "peak_vram_gb": 0.4958662986755371,
  "perturbed_embedding_norm": 0.9999999403953552,
  "prompt": "add black sunglasses",
  "psnr_to_original": 24.85206638144263,
  "rolling_enabled": 1,
  "rolling_grad_norm": 0.002650182694196701,
  "rolling_max_disp": 0.8356663584709167,
  "rolling_mean_disp": 0.21100462973117828,
  "rolling_num_at_max": 0,
  "rolling_num_at_min": 0,
  "rolling_p95_disp": 0.741446852684021,
  "rolling_param_max": 0.9948254823684692,
  "rolling_param_mean_abs": 0.7277323007583618,
  "rolling_param_min": -0.460639089345932,
  "seconds_elapsed": 28.035036033019423,
  "seconds_iter": 0.07534470036625862,
  "seed": 250852,
  "smoothness_tv": 0.05001416057348251,
  "ssim_to_original": 0.975048303604126,
  "total_geometry_grad_norm": 0.013004796579480171,
  "total_grad_norm": 0.013004796579480171,
  "tps_enabled": 1,
  "tps_grad_norm": 0.0024901852011680603,
  "tps_max_disp": 4.126384735107422,
  "tps_mean_disp": 0.9172639846801758,
  "tps_num_at_max": 1,
  "tps_num_at_min": 0,
  "tps_p95_disp": 2.2443084716796875,
  "tps_param_max": 4.0960001945495605,
  "tps_param_mean_abs": 0.41235166788101196,
  "tps_param_min": -2.0853805541992188
}
