{
  "Z": 0.09814327955245972,
  "best_Z_so_far": 0.09820735454559326,
  "best_iter_so_far": 870,
  "case_id": "face_005__add_headphones",
  "combined_max_disp_px": 11.697221755981445,
  "combined_mean_disp_px": 4.182960033416748,
  "combined_p95_disp_px": 9.011519432067871,
  "components_at_boundary": "tps",
  "dct_enabled": 1,
  "dct_grad_norm": 0.012331980280578136,
  "dct_max_disp": 9.448331832885742,
  "dct_mean_disp": 3.3432862758636475,
  "dct_num_at_max": 0,
  "dct_num_at_min": 0,
  "dct_p95_disp": 6.67445707321167,
  "dct_param_max": 1.1214683055877686,
  "dct_param_mean_abs": 0.615338921546936,
  "dct_param_min": -1.5257939100265503,
  "delaunay_enabled": 1,
  "delaunay_grad_norm": 0.0017904761480167508,
  "delaunay_max_disp": 7.878704071044922,
  "delaunay_mean_disp": 1.3146464824676514,
  "delaunay_num_at_max": 0,
  "delaunay_num_at_min": 0,
  "delaunay_p95_disp": 4.219784736633301,
  "delaunay_param_max": 6.79978084564209,
  "delaunay_param_mean_abs": 0.7287272214889526,
  "delaunay_param_min": -2.250490188598633,
  "face_id": "face_005",
  "fft_phase_enabled": 0,
  "fft_phase_grad_norm": 0.0,
  "fft_phase_max_abs": 0.0,
  "fft_phase_mean_abs": 0.0,
  "fft_phase_norm": 0.0,
  "fft_phase_num_at_max": 0,
  "fft_phase_num_at_min": 0,
  "fft_phase_num_clamped": 0,
  "fft_spatial_delta_mse": 0.0,
  "foldover_fraction": 0.0,
  "fraction_clamped_total": 0.015151515151515152,
  "identity_angle_degrees": 25.596792221069336,
  "identity_angle_radians": 0.446748286485672,
  "identity_cosine_distance": 0.09814327955245972,
  "identity_cosine_similarity_raw": 0.9018567204475403,
  "identity_l2_embedding_distance": 0.443042516708374,
  "identity_similarity_score_pct": 90.1856689453125,
  "iter": 875,
  "jacobian_det_min": 0.47077593207359314,
  "l2_to_original": 0.07168088108301163,
  "learning_rate": 0.05,
  "legacy_fft_strength_equivalent": 0.0,
  "loss": -0.09814327955245972,
  "mse_to_original": 0.00513814901933074,
  "num_at_max_total": 2,
  "num_at_min_total": 0,
  "num_clamped_total": 2,
  "num_total_params": 132,
  "original_embedding_norm": 0.9999999403953552,
  "peak_vram_gb": 2.993251323699951,
  "perturbed_embedding_norm": 1.0,
  "prompt": "add headphones",
  "psnr_to_original": 22.89193304247459,
  "rolling_enabled": 1,
  "rolling_grad_norm": 0.0018685022369027138,
  "rolling_max_disp": 1.9645767211914062,
  "rolling_mean_disp": 0.8826538324356079,
  "rolling_num_at_max": 0,
  "rolling_num_at_min": 0,
  "rolling_p95_disp": 1.8563789129257202,
  "rolling_param_max": 2.1194469928741455,
  "rolling_param_mean_abs": 1.124908447265625,
  "rolling_param_min": -0.13036999106407166,
  "seconds_elapsed": 82.93171242624521,
  "seconds_iter": 0.07024804316461086,
  "seed": 405993,
  "smoothness_tv": 0.08594386279582977,
  "ssim_to_original": 0.961187481880188,
  "total_geometry_grad_norm": 0.012773099355399609,
  "total_grad_norm": 0.012773099355399609,
  "tps_enabled": 1,
  "tps_grad_norm": 0.0020921831019222736,
  "tps_max_disp": 5.521241664886475,
  "tps_mean_disp": 2.0752224922180176,
  "tps_num_at_max": 2,
  "tps_num_at_min": 0,
  "tps_p95_disp": 4.955193042755127,
  "tps_param_max": 4.0960001945495605,
  "tps_param_mean_abs": 0.9122263193130493,
  "tps_param_min": -3.4785234928131104
}
