{
  "Z": 0.10122054815292358,
  "best_Z_so_far": 0.10134696960449219,
  "best_iter_so_far": 1757,
  "case_id": "face_005__add_black_sunglasses",
  "combined_max_disp_px": 13.388282775878906,
  "combined_mean_disp_px": 4.386290550231934,
  "combined_p95_disp_px": 8.759111404418945,
  "components_at_boundary": "tps",
  "dct_enabled": 1,
  "dct_grad_norm": 0.017437804490327835,
  "dct_max_disp": 13.825931549072266,
  "dct_mean_disp": 3.7703452110290527,
  "dct_num_at_max": 0,
  "dct_num_at_min": 0,
  "dct_p95_disp": 7.492232322692871,
  "dct_param_max": 1.388867974281311,
  "dct_param_mean_abs": 0.728760302066803,
  "dct_param_min": -1.6964466571807861,
  "delaunay_enabled": 1,
  "delaunay_grad_norm": 0.0035574063658714294,
  "delaunay_max_disp": 8.859161376953125,
  "delaunay_mean_disp": 1.538221836090088,
  "delaunay_num_at_max": 0,
  "delaunay_num_at_min": 0,
  "delaunay_p95_disp": 4.811470031738281,
  "delaunay_param_max": 6.908323287963867,
  "delaunay_param_mean_abs": 0.888354480266571,
  "delaunay_param_min": -3.548158645629883,
  "face_id": "face_005",
  "fft_phase_enabled": 0,
  "fft_phase_grad_norm": 0.0,
  "fft_phase_max_abs": 0.0,
  "fft_phase_mean_abs": 0.0,
  "fft_phase_norm": 0.0,
  "fft_phase_num_at_max": 0,
  "fft_phase_num_at_min": 0,
  "fft_phase_num_clamped": 0,
  "fft_spatial_delta_mse": 0.0,
  "foldover_fraction": 0.000888824462890625,
  "fraction_clamped_total": 0.03787878787878788,
  "identity_angle_degrees": 26.001907348632812,
  "identity_angle_radians": 0.4538188874721527,
  "identity_cosine_distance": 0.10122054815292358,
  "identity_cosine_similarity_raw": 0.8987794518470764,
  "identity_l2_embedding_distance": 0.4499347507953644,
  "identity_similarity_score_pct": 89.87794494628906,
  "iter": 1825,
  "jacobian_det_min": -0.1854332983493805,
  "l2_to_original": 0.07036350667476654,
  "learning_rate": 0.05,
  "legacy_fft_strength_equivalent": 0.0,
  "loss": -0.10122054815292358,
  "mse_to_original": 0.004951023496687412,
  "num_at_max_total": 4,
  "num_at_min_total": 1,
  "num_clamped_total": 5,
  "num_total_params": 132,
  "original_embedding_norm": 0.9999999403953552,
  "peak_vram_gb": 2.991054058074951,
  "perturbed_embedding_norm": 1.0,
  "prompt": "add black sunglasses",
  "psnr_to_original": 23.053050125783376,
  "rolling_enabled": 1,
  "rolling_grad_norm": 0.0020346222445368767,
  "rolling_max_disp": 0.7198774814605713,
  "rolling_mean_disp": 0.4734516143798828,
  "rolling_num_at_max": 0,
  "rolling_num_at_min": 0,
  "rolling_p95_disp": 0.7195937633514404,
  "rolling_param_max": 0.7208476066589355,
  "rolling_param_mean_abs": 0.48295363783836365,
  "rolling_param_min": 0.24505965411663055,
  "seconds_elapsed": 170.02073490992188,
  "seconds_iter": 0.08705591969192028,
  "seed": 67119,
  "smoothness_tv": 0.10040321946144104,
  "ssim_to_original": 0.9625398516654968,
  "total_geometry_grad_norm": 0.018388010561466217,
  "total_grad_norm": 0.018388010561466217,
  "tps_enabled": 1,
  "tps_grad_norm": 0.004152958746999502,
  "tps_max_disp": 5.8487467765808105,
  "tps_mean_disp": 2.1923980712890625,
  "tps_num_at_max": 4,
  "tps_num_at_min": 1,
  "tps_p95_disp": 4.710755825042725,
  "tps_param_max": 4.0960001945495605,
  "tps_param_mean_abs": 1.0124567747116089,
  "tps_param_min": -4.0960001945495605
}
