{
  "Z": 0.058637261390686035,
  "best_Z_so_far": 0.05872368812561035,
  "best_iter_so_far": 1696,
  "case_id": "face_002__add_black_sunglasses",
  "combined_max_disp_px": 6.156061172485352,
  "combined_mean_disp_px": 2.6962480545043945,
  "combined_p95_disp_px": 4.7580742835998535,
  "components_at_boundary": "tps",
  "dct_enabled": 1,
  "dct_grad_norm": 0.01220561284571886,
  "dct_max_disp": 7.08342170715332,
  "dct_mean_disp": 2.9431610107421875,
  "dct_num_at_max": 0,
  "dct_num_at_min": 0,
  "dct_p95_disp": 6.277990341186523,
  "dct_param_max": 1.6476958990097046,
  "dct_param_mean_abs": 0.5055359601974487,
  "dct_param_min": -2.077129602432251,
  "delaunay_enabled": 1,
  "delaunay_grad_norm": 0.002266170457005501,
  "delaunay_max_disp": 8.544076919555664,
  "delaunay_mean_disp": 2.5986108779907227,
  "delaunay_num_at_max": 0,
  "delaunay_num_at_min": 0,
  "delaunay_p95_disp": 6.5140275955200195,
  "delaunay_param_max": 5.3160834312438965,
  "delaunay_param_mean_abs": 1.293061375617981,
  "delaunay_param_min": -6.90813684463501,
  "face_id": "face_002",
  "fft_phase_enabled": 0,
  "fft_phase_grad_norm": 0.0,
  "fft_phase_max_abs": 0.0,
  "fft_phase_mean_abs": 0.0,
  "fft_phase_norm": 0.0,
  "fft_phase_num_at_max": 0,
  "fft_phase_num_at_min": 0,
  "fft_phase_num_clamped": 0,
  "fft_spatial_delta_mse": 0.0,
  "foldover_fraction": 0.0,
  "fraction_clamped_total": 0.007575757575757576,
  "identity_angle_degrees": 19.71831512451172,
  "identity_angle_radians": 0.34414952993392944,
  "identity_cosine_distance": 0.058637261390686035,
  "identity_cosine_similarity_raw": 0.941362738609314,
  "identity_l2_embedding_distance": 0.34245362877845764,
  "identity_similarity_score_pct": 94.13627624511719,
  "iter": 1725,
  "jacobian_det_min": 0.49965763092041016,
  "l2_to_original": 0.058199040591716766,
  "learning_rate": 0.05,
  "legacy_fft_strength_equivalent": 0.0,
  "loss": -0.058637261390686035,
  "mse_to_original": 0.0033871284686028957,
  "num_at_max_total": 1,
  "num_at_min_total": 0,
  "num_clamped_total": 1,
  "num_total_params": 132,
  "original_embedding_norm": 1.0,
  "peak_vram_gb": 0.4965987205505371,
  "perturbed_embedding_norm": 0.9999999403953552,
  "prompt": "add black sunglasses",
  "psnr_to_original": 24.701683309174463,
  "rolling_enabled": 1,
  "rolling_grad_norm": 0.0005632374086417258,
  "rolling_max_disp": 0.8348596692085266,
  "rolling_mean_disp": 0.3025885224342346,
  "rolling_num_at_max": 0,
  "rolling_num_at_min": 0,
  "rolling_p95_disp": 0.6961668729782104,
  "rolling_param_max": 1.0766116380691528,
  "rolling_param_mean_abs": 0.982932984828949,
  "rolling_param_min": -0.8892543315887451,
  "seconds_elapsed": 141.33137359283864,
  "seconds_iter": 0.07826860062777996,
  "seed": 250852,
  "smoothness_tv": 0.05653345584869385,
  "ssim_to_original": 0.9741671681404114,
  "total_geometry_grad_norm": 0.012690259143710136,
  "total_grad_norm": 0.012690259143710136,
  "tps_enabled": 1,
  "tps_grad_norm": 0.002571562072262168,
  "tps_max_disp": 4.7410430908203125,
  "tps_mean_disp": 1.6069787740707397,
  "tps_num_at_max": 1,
  "tps_num_at_min": 0,
  "tps_p95_disp": 4.016787528991699,
  "tps_param_max": 4.0960001945495605,
  "tps_param_mean_abs": 0.710101842880249,
  "tps_param_min": -4.054173946380615
}
