{
  "Z": 0.09338265657424927,
  "best_Z_so_far": 0.09338265657424927,
  "best_iter_so_far": 125,
  "case_id": "face_005__add_black_sunglasses",
  "combined_max_disp_px": 11.08278751373291,
  "combined_mean_disp_px": 4.160984039306641,
  "combined_p95_disp_px": 8.169931411743164,
  "components_at_boundary": "",
  "dct_enabled": 1,
  "dct_grad_norm": 0.015713972970843315,
  "dct_max_disp": 11.58176326751709,
  "dct_mean_disp": 3.3452813625335693,
  "dct_num_at_max": 0,
  "dct_num_at_min": 0,
  "dct_p95_disp": 7.213079929351807,
  "dct_param_max": 1.2018386125564575,
  "dct_param_mean_abs": 0.6429034471511841,
  "dct_param_min": -1.6085604429244995,
  "delaunay_enabled": 1,
  "delaunay_grad_norm": 0.003696789499372244,
  "delaunay_max_disp": 3.354604482650757,
  "delaunay_mean_disp": 0.7780066132545471,
  "delaunay_num_at_max": 0,
  "delaunay_num_at_min": 0,
  "delaunay_p95_disp": 1.8510923385620117,
  "delaunay_param_max": 3.383202314376831,
  "delaunay_param_mean_abs": 0.4169539511203766,
  "delaunay_param_min": -1.9911836385726929,
  "face_id": "face_005",
  "fft_phase_enabled": 0,
  "fft_phase_grad_norm": 0.0,
  "fft_phase_max_abs": 0.0,
  "fft_phase_mean_abs": 0.0,
  "fft_phase_norm": 0.0,
  "fft_phase_num_at_max": 0,
  "fft_phase_num_at_min": 0,
  "fft_phase_num_clamped": 0,
  "fft_spatial_delta_mse": 0.0,
  "foldover_fraction": 0.0,
  "fraction_clamped_total": 0.0,
  "identity_angle_degrees": 24.95800018310547,
  "identity_angle_radians": 0.43559926748275757,
  "identity_cosine_distance": 0.09338265657424927,
  "identity_cosine_similarity_raw": 0.9066173434257507,
  "identity_l2_embedding_distance": 0.43216362595558167,
  "identity_similarity_score_pct": 90.66173553466797,
  "iter": 125,
  "jacobian_det_min": 0.0654793232679367,
  "l2_to_original": 0.06941290944814682,
  "learning_rate": 0.05,
  "legacy_fft_strength_equivalent": 0.0,
  "loss": -0.09338265657424927,
  "mse_to_original": 0.004818152170628309,
  "num_at_max_total": 0,
  "num_at_min_total": 0,
  "num_clamped_total": 0,
  "num_total_params": 132,
  "original_embedding_norm": 0.9999999403953552,
  "peak_vram_gb": 2.991054058074951,
  "perturbed_embedding_norm": 1.0,
  "prompt": "add black sunglasses",
  "psnr_to_original": 23.1711948789505,
  "rolling_enabled": 1,
  "rolling_grad_norm": 0.0011541318381205201,
  "rolling_max_disp": 0.9852511882781982,
  "rolling_mean_disp": 0.2514542043209076,
  "rolling_num_at_max": 0,
  "rolling_num_at_min": 0,
  "rolling_p95_disp": 0.8714157342910767,
  "rolling_param_max": 1.1842507123947144,
  "rolling_param_mean_abs": 0.9096827507019043,
  "rolling_param_min": -0.6351147890090942,
  "seconds_elapsed": 11.434184048324823,
  "seconds_iter": 0.07108169049024582,
  "seed": 67119,
  "smoothness_tv": 0.09160484373569489,
  "ssim_to_original": 0.963619589805603,
  "total_geometry_grad_norm": 0.016632938757538795,
  "total_grad_norm": 0.016632938757538795,
  "tps_enabled": 1,
  "tps_grad_norm": 0.0038376322481781244,
  "tps_max_disp": 2.8084371089935303,
  "tps_mean_disp": 0.9192584753036499,
  "tps_num_at_max": 0,
  "tps_num_at_min": 0,
  "tps_p95_disp": 2.2748546600341797,
  "tps_param_max": 2.678467273712158,
  "tps_param_mean_abs": 0.363881915807724,
  "tps_param_min": -1.6731178760528564
}
