{
  "Z": 0.0986093282699585,
  "best_Z_so_far": 0.09909451007843018,
  "best_iter_so_far": 3171,
  "case_id": "face_005__add_headphones",
  "combined_max_disp_px": 11.899659156799316,
  "combined_mean_disp_px": 4.184756278991699,
  "combined_p95_disp_px": 8.851828575134277,
  "components_at_boundary": "tps",
  "dct_enabled": 1,
  "dct_grad_norm": 0.021926574409008026,
  "dct_max_disp": 8.958318710327148,
  "dct_mean_disp": 3.4249486923217773,
  "dct_num_at_max": 0,
  "dct_num_at_min": 0,
  "dct_p95_disp": 6.857526779174805,
  "dct_param_max": 1.0943721532821655,
  "dct_param_mean_abs": 0.6274306178092957,
  "dct_param_min": -1.6632434129714966,
  "delaunay_enabled": 1,
  "delaunay_grad_norm": 0.004153926391154528,
  "delaunay_max_disp": 8.367220878601074,
  "delaunay_mean_disp": 1.4939451217651367,
  "delaunay_num_at_max": 0,
  "delaunay_num_at_min": 0,
  "delaunay_p95_disp": 5.19430685043335,
  "delaunay_param_max": 6.8415207862854,
  "delaunay_param_mean_abs": 0.7522803544998169,
  "delaunay_param_min": -1.2215653657913208,
  "face_id": "face_005",
  "fft_phase_enabled": 0,
  "fft_phase_grad_norm": 0.0,
  "fft_phase_max_abs": 0.0,
  "fft_phase_mean_abs": 0.0,
  "fft_phase_norm": 0.0,
  "fft_phase_num_at_max": 0,
  "fft_phase_num_at_min": 0,
  "fft_phase_num_clamped": 0,
  "fft_spatial_delta_mse": 0.0,
  "foldover_fraction": 0.0,
  "fraction_clamped_total": 0.03787878787878788,
  "identity_angle_degrees": 25.65852928161621,
  "identity_angle_radians": 0.4478258192539215,
  "identity_cosine_distance": 0.0986093282699585,
  "identity_cosine_similarity_raw": 0.9013906717300415,
  "identity_l2_embedding_distance": 0.4440932869911194,
  "identity_similarity_score_pct": 90.13906860351562,
  "iter": 3450,
  "jacobian_det_min": 0.4739401340484619,
  "l2_to_original": 0.07158340513706207,
  "learning_rate": 0.05,
  "legacy_fft_strength_equivalent": 0.0,
  "loss": -0.0986093282699585,
  "mse_to_original": 0.005124183837324381,
  "num_at_max_total": 1,
  "num_at_min_total": 4,
  "num_clamped_total": 5,
  "num_total_params": 132,
  "original_embedding_norm": 0.9999999403953552,
  "peak_vram_gb": 2.993251323699951,
  "perturbed_embedding_norm": 0.9999999403953552,
  "prompt": "add headphones",
  "psnr_to_original": 22.903752977206082,
  "rolling_enabled": 1,
  "rolling_grad_norm": 0.006618793122470379,
  "rolling_max_disp": 2.0522878170013428,
  "rolling_mean_disp": 1.2189278602600098,
  "rolling_num_at_max": 0,
  "rolling_num_at_min": 0,
  "rolling_p95_disp": 2.0160343647003174,
  "rolling_param_max": 2.0967938899993896,
  "rolling_param_mean_abs": 1.2666466236114502,
  "rolling_param_min": 0.43649935722351074,
  "seconds_elapsed": 316.7103255894035,
  "seconds_iter": 0.05205659382045269,
  "seed": 405993,
  "smoothness_tv": 0.08648452162742615,
  "ssim_to_original": 0.961277186870575,
  "total_geometry_grad_norm": 0.02379468083381653,
  "total_grad_norm": 0.02379468083381653,
  "tps_enabled": 1,
  "tps_grad_norm": 0.004934434313327074,
  "tps_max_disp": 6.8639750480651855,
  "tps_mean_disp": 2.62837553024292,
  "tps_num_at_max": 1,
  "tps_num_at_min": 4,
  "tps_p95_disp": 5.640761375427246,
  "tps_param_max": 4.0960001945495605,
  "tps_param_mean_abs": 1.1178648471832275,
  "tps_param_min": -4.0960001945495605
}
