{
  "Z": 0.10307645797729492,
  "best_Z_so_far": 0.1032065749168396,
  "best_iter_so_far": 4231,
  "case_id": "face_005__add_black_sunglasses",
  "combined_max_disp_px": 18.207128524780273,
  "combined_mean_disp_px": 4.559795379638672,
  "combined_p95_disp_px": 9.299386978149414,
  "components_at_boundary": "delaunay,tps",
  "dct_enabled": 1,
  "dct_grad_norm": 0.015151182189583778,
  "dct_max_disp": 18.557401657104492,
  "dct_mean_disp": 4.233668804168701,
  "dct_num_at_max": 0,
  "dct_num_at_min": 0,
  "dct_p95_disp": 8.080180168151855,
  "dct_param_max": 1.781428337097168,
  "dct_param_mean_abs": 0.8197546005249023,
  "dct_param_min": -1.9175541400909424,
  "delaunay_enabled": 1,
  "delaunay_grad_norm": 0.0024634459987282753,
  "delaunay_max_disp": 10.102880477905273,
  "delaunay_mean_disp": 1.7714543342590332,
  "delaunay_num_at_max": 1,
  "delaunay_num_at_min": 0,
  "delaunay_p95_disp": 5.950510025024414,
  "delaunay_param_max": 7.679999828338623,
  "delaunay_param_mean_abs": 1.029163122177124,
  "delaunay_param_min": -2.9541730880737305,
  "face_id": "face_005",
  "fft_phase_enabled": 0,
  "fft_phase_grad_norm": 0.0,
  "fft_phase_max_abs": 0.0,
  "fft_phase_mean_abs": 0.0,
  "fft_phase_norm": 0.0,
  "fft_phase_num_at_max": 0,
  "fft_phase_num_at_min": 0,
  "fft_phase_num_clamped": 0,
  "fft_spatial_delta_mse": 0.0,
  "foldover_fraction": 0.002811431884765625,
  "fraction_clamped_total": 0.045454545454545456,
  "identity_angle_degrees": 26.243419647216797,
  "identity_angle_radians": 0.45803406834602356,
  "identity_cosine_distance": 0.10307645797729492,
  "identity_cosine_similarity_raw": 0.8969235420227051,
  "identity_l2_embedding_distance": 0.4540407061576843,
  "identity_similarity_score_pct": 89.69235229492188,
  "iter": 4600,
  "jacobian_det_min": -0.6911406517028809,
  "l2_to_original": 0.07096997648477554,
  "learning_rate": 0.05,
  "legacy_fft_strength_equivalent": 0.0,
  "loss": -0.10307645797729492,
  "mse_to_original": 0.0050367373041808605,
  "num_at_max_total": 4,
  "num_at_min_total": 2,
  "num_clamped_total": 6,
  "num_total_params": 132,
  "original_embedding_norm": 0.9999999403953552,
  "peak_vram_gb": 2.991054058074951,
  "perturbed_embedding_norm": 1.0,
  "prompt": "add black sunglasses",
  "psnr_to_original": 22.978506995929116,
  "rolling_enabled": 1,
  "rolling_grad_norm": 0.0029621704015880823,
  "rolling_max_disp": 0.48260512948036194,
  "rolling_mean_disp": 0.13274596631526947,
  "rolling_num_at_max": 0,
  "rolling_num_at_min": 0,
  "rolling_p95_disp": 0.42120248079299927,
  "rolling_param_max": 0.5873584151268005,
  "rolling_param_mean_abs": 0.4801517426967621,
  "rolling_param_min": -0.37294507026672363,
  "seconds_elapsed": 422.2031971216202,
  "seconds_iter": 0.05278387479484081,
  "seed": 67119,
  "smoothness_tv": 0.10417905449867249,
  "ssim_to_original": 0.9618882536888123,
  "total_geometry_grad_norm": 0.015911884605884552,
  "total_grad_norm": 0.015911884605884552,
  "tps_enabled": 1,
  "tps_grad_norm": 0.0029642381705343723,
  "tps_max_disp": 5.91173791885376,
  "tps_mean_disp": 2.381916046142578,
  "tps_num_at_max": 3,
  "tps_num_at_min": 2,
  "tps_p95_disp": 5.031965732574463,
  "tps_param_max": 4.0960001945495605,
  "tps_param_mean_abs": 1.09854257106781,
  "tps_param_min": -4.0960001945495605
}
