{
  "Z": 0.09900367259979248,
  "best_Z_so_far": 0.09910017251968384,
  "best_iter_so_far": 4546,
  "case_id": "face_005__add_headphones",
  "combined_max_disp_px": 11.894810676574707,
  "combined_mean_disp_px": 4.179677963256836,
  "combined_p95_disp_px": 8.851994514465332,
  "components_at_boundary": "tps",
  "dct_enabled": 1,
  "dct_grad_norm": 0.015293608419597149,
  "dct_max_disp": 9.00564956665039,
  "dct_mean_disp": 3.4329984188079834,
  "dct_num_at_max": 0,
  "dct_num_at_min": 0,
  "dct_p95_disp": 6.904636859893799,
  "dct_param_max": 1.1007459163665771,
  "dct_param_mean_abs": 0.6287015676498413,
  "dct_param_min": -1.6473002433776855,
  "delaunay_enabled": 1,
  "delaunay_grad_norm": 0.002331517403945327,
  "delaunay_max_disp": 8.520678520202637,
  "delaunay_mean_disp": 1.524667501449585,
  "delaunay_num_at_max": 0,
  "delaunay_num_at_min": 0,
  "delaunay_p95_disp": 5.255012512207031,
  "delaunay_param_max": 6.894279479980469,
  "delaunay_param_mean_abs": 0.7690742611885071,
  "delaunay_param_min": -1.3763041496276855,
  "face_id": "face_005",
  "fft_phase_enabled": 0,
  "fft_phase_grad_norm": 0.0,
  "fft_phase_max_abs": 0.0,
  "fft_phase_mean_abs": 0.0,
  "fft_phase_norm": 0.0,
  "fft_phase_num_at_max": 0,
  "fft_phase_num_at_min": 0,
  "fft_phase_num_clamped": 0,
  "fft_spatial_delta_mse": 0.0,
  "foldover_fraction": 0.0,
  "fraction_clamped_total": 0.045454545454545456,
  "identity_angle_degrees": 25.710660934448242,
  "identity_angle_radians": 0.44873568415641785,
  "identity_cosine_distance": 0.09900367259979248,
  "identity_cosine_similarity_raw": 0.9009963274002075,
  "identity_l2_embedding_distance": 0.44498032331466675,
  "identity_similarity_score_pct": 90.0996322631836,
  "iter": 4550,
  "jacobian_det_min": 0.4555131494998932,
  "l2_to_original": 0.07154420763254166,
  "learning_rate": 0.05,
  "legacy_fft_strength_equivalent": 0.0,
  "loss": -0.09900367259979248,
  "mse_to_original": 0.005118573550134897,
  "num_at_max_total": 3,
  "num_at_min_total": 3,
  "num_clamped_total": 6,
  "num_total_params": 132,
  "original_embedding_norm": 0.9999999403953552,
  "peak_vram_gb": 2.993251323699951,
  "perturbed_embedding_norm": 1.0,
  "prompt": "add headphones",
  "psnr_to_original": 22.90851051840281,
  "rolling_enabled": 1,
  "rolling_grad_norm": 0.004708073101937771,
  "rolling_max_disp": 2.0903024673461914,
  "rolling_mean_disp": 1.1771162748336792,
  "rolling_num_at_max": 0,
  "rolling_num_at_min": 0,
  "rolling_p95_disp": 2.034503936767578,
  "rolling_param_max": 2.1676998138427734,
  "rolling_param_mean_abs": 1.2471622228622437,
  "rolling_param_min": 0.32662472128868103,
  "seconds_elapsed": 421.663999017328,
  "seconds_iter": 0.07263950072228909,
  "seed": 405993,
  "smoothness_tv": 0.08661111444234848,
  "ssim_to_original": 0.9613166451454163,
  "total_geometry_grad_norm": 0.016446327790617943,
  "total_grad_norm": 0.016446327790617943,
  "tps_enabled": 1,
  "tps_grad_norm": 0.002997553674504161,
  "tps_max_disp": 6.886688709259033,
  "tps_mean_disp": 2.6183621883392334,
  "tps_num_at_max": 3,
  "tps_num_at_min": 3,
  "tps_p95_disp": 5.6505584716796875,
  "tps_param_max": 4.0960001945495605,
  "tps_param_mean_abs": 1.1104891300201416,
  "tps_param_min": -4.0960001945495605
}
