{
  "Z": 0.0577244758605957,
  "best_Z_so_far": 0.058095693588256836,
  "best_iter_so_far": 1157,
  "case_id": "face_002__add_black_sunglasses",
  "combined_max_disp_px": 6.372383117675781,
  "combined_mean_disp_px": 2.6394758224487305,
  "combined_p95_disp_px": 4.750939846038818,
  "components_at_boundary": "",
  "dct_enabled": 1,
  "dct_grad_norm": 0.026050511747598648,
  "dct_max_disp": 6.286707401275635,
  "dct_mean_disp": 2.813720226287842,
  "dct_num_at_max": 0,
  "dct_num_at_min": 0,
  "dct_p95_disp": 5.753106117248535,
  "dct_param_max": 1.574981451034546,
  "dct_param_mean_abs": 0.4995598793029785,
  "dct_param_min": -1.8741729259490967,
  "delaunay_enabled": 1,
  "delaunay_grad_norm": 0.0019967700354754925,
  "delaunay_max_disp": 7.253446102142334,
  "delaunay_mean_disp": 2.319180488586426,
  "delaunay_num_at_max": 0,
  "delaunay_num_at_min": 0,
  "delaunay_p95_disp": 5.709624290466309,
  "delaunay_param_max": 4.905430316925049,
  "delaunay_param_mean_abs": 1.1339653730392456,
  "delaunay_param_min": -6.211930274963379,
  "face_id": "face_002",
  "fft_phase_enabled": 0,
  "fft_phase_grad_norm": 0.0,
  "fft_phase_max_abs": 0.0,
  "fft_phase_mean_abs": 0.0,
  "fft_phase_norm": 0.0,
  "fft_phase_num_at_max": 0,
  "fft_phase_num_at_min": 0,
  "fft_phase_num_clamped": 0,
  "fft_spatial_delta_mse": 0.0,
  "foldover_fraction": 0.0,
  "fraction_clamped_total": 0.0,
  "identity_angle_degrees": 19.562719345092773,
  "identity_angle_radians": 0.3414338529109955,
  "identity_cosine_distance": 0.0577244758605957,
  "identity_cosine_similarity_raw": 0.9422755241394043,
  "identity_l2_embedding_distance": 0.33977794647216797,
  "identity_similarity_score_pct": 94.22755432128906,
  "iter": 1225,
  "jacobian_det_min": 0.5105366110801697,
  "l2_to_original": 0.05777532607316971,
  "learning_rate": 0.05,
  "legacy_fft_strength_equivalent": 0.0,
  "loss": -0.0577244758605957,
  "mse_to_original": 0.0033379881642758846,
  "num_at_max_total": 0,
  "num_at_min_total": 0,
  "num_clamped_total": 0,
  "num_total_params": 132,
  "original_embedding_norm": 1.0,
  "peak_vram_gb": 0.4965987205505371,
  "perturbed_embedding_norm": 0.9999999403953552,
  "prompt": "add black sunglasses",
  "psnr_to_original": 24.765152075605425,
  "rolling_enabled": 1,
  "rolling_grad_norm": 0.002389017026871443,
  "rolling_max_disp": 0.7576907277107239,
  "rolling_mean_disp": 0.20634816586971283,
  "rolling_num_at_max": 0,
  "rolling_num_at_min": 0,
  "rolling_p95_disp": 0.6625983715057373,
  "rolling_param_max": 0.9300918579101562,
  "rolling_param_mean_abs": 0.7470918893814087,
  "rolling_param_min": -0.5640919804573059,
  "seconds_elapsed": 100.56823559105396,
  "seconds_iter": 0.07333848625421524,
  "seed": 250852,
  "smoothness_tv": 0.053329482674598694,
  "ssim_to_original": 0.9745410680770874,
  "total_geometry_grad_norm": 0.02638941816985607,
  "total_grad_norm": 0.02638941816985607,
  "tps_enabled": 1,
  "tps_grad_norm": 0.002842147834599018,
  "tps_max_disp": 4.417463779449463,
  "tps_mean_disp": 1.4457643032073975,
  "tps_num_at_max": 0,
  "tps_num_at_min": 0,
  "tps_p95_disp": 3.483855962753296,
  "tps_param_max": 4.0915398597717285,
  "tps_param_mean_abs": 0.6677942276000977,
  "tps_param_min": -3.799485206604004
}
