{
  "Z": 0.02314448356628418,
  "best_Z_so_far": 0.023219287395477295,
  "best_iter_so_far": 221,
  "case_id": "face_002__add_black_sunglasses",
  "combined_max_disp_px": 5.360467433929443,
  "combined_mean_disp_px": 2.210268020629883,
  "combined_p95_disp_px": 3.9983673095703125,
  "components_at_boundary": "",
  "dct_enabled": 1,
  "dct_grad_norm": 0.008634647354483604,
  "dct_max_disp": 5.634437561035156,
  "dct_mean_disp": 1.9847604036331177,
  "dct_num_at_max": 0,
  "dct_num_at_min": 0,
  "dct_p95_disp": 3.9124042987823486,
  "dct_param_max": 1.0437090396881104,
  "dct_param_mean_abs": 0.3430551588535309,
  "dct_param_min": -0.8801895380020142,
  "delaunay_enabled": 1,
  "delaunay_grad_norm": 0.0016378875588998199,
  "delaunay_max_disp": 3.2863681316375732,
  "delaunay_mean_disp": 0.9065135717391968,
  "delaunay_num_at_max": 0,
  "delaunay_num_at_min": 0,
  "delaunay_p95_disp": 2.196434259414673,
  "delaunay_param_max": 2.0442028045654297,
  "delaunay_param_mean_abs": 0.4641537070274353,
  "delaunay_param_min": -3.042316436767578,
  "face_id": "face_002",
  "fft_phase_enabled": 0,
  "fft_phase_grad_norm": 0.0,
  "fft_phase_max_abs": 0.0,
  "fft_phase_mean_abs": 0.0,
  "fft_phase_norm": 0.0,
  "fft_phase_num_at_max": 0,
  "fft_phase_num_at_min": 0,
  "fft_phase_num_clamped": 0,
  "fft_spatial_delta_mse": 0.0,
  "foldover_fraction": 0.0,
  "fraction_clamped_total": 0.0,
  "identity_angle_degrees": 12.351012229919434,
  "identity_angle_radians": 0.21556583046913147,
  "identity_cosine_distance": 0.02314448356628418,
  "identity_cosine_similarity_raw": 0.9768555164337158,
  "identity_l2_embedding_distance": 0.2151496857404709,
  "identity_similarity_score_pct": 97.68555450439453,
  "iter": 225,
  "jacobian_det_min": 0.5772209167480469,
  "l2_to_original": 0.05344751849770546,
  "learning_rate": 0.05,
  "legacy_fft_strength_equivalent": 0.0,
  "loss": -0.02314448356628418,
  "mse_to_original": 0.0028566373512148857,
  "num_at_max_total": 0,
  "num_at_min_total": 0,
  "num_clamped_total": 0,
  "num_total_params": 132,
  "original_embedding_norm": 0.9999999403953552,
  "peak_vram_gb": 0.4942488670349121,
  "perturbed_embedding_norm": 1.0,
  "prompt": "add black sunglasses",
  "psnr_to_original": 25.441448896007593,
  "rolling_enabled": 1,
  "rolling_grad_norm": 0.00181489996612072,
  "rolling_max_disp": 0.26649951934814453,
  "rolling_mean_disp": 0.12109817564487457,
  "rolling_num_at_max": 0,
  "rolling_num_at_min": 0,
  "rolling_p95_disp": 0.21943730115890503,
  "rolling_param_max": 0.3496028780937195,
  "rolling_param_mean_abs": 0.35222023725509644,
  "rolling_param_min": -0.3548375964164734,
  "seconds_elapsed": 22.31924512796104,
  "seconds_iter": 0.06895309314131737,
  "seed": 250852,
  "smoothness_tv": 0.04838522523641586,
  "ssim_to_original": 0.978230357170105,
  "total_geometry_grad_norm": 0.009158303029835224,
  "total_grad_norm": 0.009158303029835224,
  "tps_enabled": 1,
  "tps_grad_norm": 0.0018277966883033514,
  "tps_max_disp": 2.8875036239624023,
  "tps_mean_disp": 0.931151270866394,
  "tps_num_at_max": 0,
  "tps_num_at_min": 0,
  "tps_p95_disp": 2.3328208923339844,
  "tps_param_max": 2.8059587478637695,
  "tps_param_mean_abs": 0.40929725766181946,
  "tps_param_min": -2.4802823066711426
}
