{
  "Z": 0.06243538856506348,
  "best_Z_so_far": 0.06243807077407837,
  "best_iter_so_far": 833,
  "case_id": "face_002__add_headphones",
  "combined_max_disp_px": 7.176619529724121,
  "combined_mean_disp_px": 2.9811739921569824,
  "combined_p95_disp_px": 5.641617774963379,
  "components_at_boundary": "",
  "dct_enabled": 1,
  "dct_grad_norm": 0.014453296549618244,
  "dct_max_disp": 6.012341022491455,
  "dct_mean_disp": 2.65474009513855,
  "dct_num_at_max": 0,
  "dct_num_at_min": 0,
  "dct_p95_disp": 5.12470006942749,
  "dct_param_max": 0.9157865643501282,
  "dct_param_mean_abs": 0.49586859345436096,
  "dct_param_min": -1.1316245794296265,
  "delaunay_enabled": 1,
  "delaunay_grad_norm": 0.002794903703033924,
  "delaunay_max_disp": 7.685622215270996,
  "delaunay_mean_disp": 1.5532819032669067,
  "delaunay_num_at_max": 0,
  "delaunay_num_at_min": 0,
  "delaunay_p95_disp": 5.095319747924805,
  "delaunay_param_max": 4.661655426025391,
  "delaunay_param_mean_abs": 0.7628104090690613,
  "delaunay_param_min": -7.396625995635986,
  "face_id": "face_002",
  "fft_phase_enabled": 0,
  "fft_phase_grad_norm": 0.0,
  "fft_phase_max_abs": 0.0,
  "fft_phase_mean_abs": 0.0,
  "fft_phase_norm": 0.0,
  "fft_phase_num_at_max": 0,
  "fft_phase_num_at_min": 0,
  "fft_phase_num_clamped": 0,
  "fft_spatial_delta_mse": 0.0,
  "foldover_fraction": 0.0,
  "fraction_clamped_total": 0.0,
  "identity_angle_degrees": 20.35349464416504,
  "identity_angle_radians": 0.3552354872226715,
  "identity_cosine_distance": 0.06243538856506348,
  "identity_cosine_similarity_raw": 0.9375646114349365,
  "identity_l2_embedding_distance": 0.35337069630622864,
  "identity_similarity_score_pct": 93.75646209716797,
  "iter": 850,
  "jacobian_det_min": 0.4548865258693695,
  "l2_to_original": 0.05980466306209564,
  "learning_rate": 0.05,
  "legacy_fft_strength_equivalent": 0.0,
  "loss": -0.06243538856506348,
  "mse_to_original": 0.003576597897335887,
  "num_at_max_total": 0,
  "num_at_min_total": 0,
  "num_clamped_total": 0,
  "num_total_params": 132,
  "original_embedding_norm": 1.0,
  "peak_vram_gb": 2.987697124481201,
  "perturbed_embedding_norm": 1.0,
  "prompt": "add headphones",
  "psnr_to_original": 24.46529883106369,
  "rolling_enabled": 1,
  "rolling_grad_norm": 0.000681445759255439,
  "rolling_max_disp": 0.8496968150138855,
  "rolling_mean_disp": 0.49766868352890015,
  "rolling_num_at_max": 0,
  "rolling_num_at_min": 0,
  "rolling_p95_disp": 0.845326840877533,
  "rolling_param_max": 1.1279540061950684,
  "rolling_param_mean_abs": 1.2466386556625366,
  "rolling_param_min": -1.3653233051300049,
  "seconds_elapsed": 75.59092416986823,
  "seconds_iter": 0.07193249091506004,
  "seed": 438717,
  "smoothness_tv": 0.059225503355264664,
  "ssim_to_original": 0.9727416038513184,
  "total_geometry_grad_norm": 0.015012779273092747,
  "total_grad_norm": 0.015012779273092747,
  "tps_enabled": 1,
  "tps_grad_norm": 0.002865294925868511,
  "tps_max_disp": 4.139393329620361,
  "tps_mean_disp": 1.1309332847595215,
  "tps_num_at_max": 0,
  "tps_num_at_min": 0,
  "tps_p95_disp": 2.887462615966797,
  "tps_param_max": 2.4533820152282715,
  "tps_param_mean_abs": 0.5132846832275391,
  "tps_param_min": -3.1078028678894043
}
