{
  "Z": 0.05908900499343872,
  "best_Z_so_far": 0.05927330255508423,
  "best_iter_so_far": 3599,
  "case_id": "face_002__add_black_sunglasses",
  "combined_max_disp_px": 6.335604190826416,
  "combined_mean_disp_px": 2.7008087635040283,
  "combined_p95_disp_px": 4.697018623352051,
  "components_at_boundary": "tps",
  "dct_enabled": 1,
  "dct_grad_norm": 0.01776907406747341,
  "dct_max_disp": 6.526357173919678,
  "dct_mean_disp": 2.9142556190490723,
  "dct_num_at_max": 0,
  "dct_num_at_min": 0,
  "dct_p95_disp": 5.803323745727539,
  "dct_param_max": 1.490786075592041,
  "dct_param_mean_abs": 0.5084273219108582,
  "dct_param_min": -1.9137643575668335,
  "delaunay_enabled": 1,
  "delaunay_grad_norm": 0.0025269845500588417,
  "delaunay_max_disp": 8.647635459899902,
  "delaunay_mean_disp": 2.7368967533111572,
  "delaunay_num_at_max": 0,
  "delaunay_num_at_min": 0,
  "delaunay_p95_disp": 6.6818318367004395,
  "delaunay_param_max": 5.974081993103027,
  "delaunay_param_mean_abs": 1.3565945625305176,
  "delaunay_param_min": -6.787461280822754,
  "face_id": "face_002",
  "fft_phase_enabled": 0,
  "fft_phase_grad_norm": 0.0,
  "fft_phase_max_abs": 0.0,
  "fft_phase_mean_abs": 0.0,
  "fft_phase_norm": 0.0,
  "fft_phase_num_at_max": 0,
  "fft_phase_num_at_min": 0,
  "fft_phase_num_clamped": 0,
  "fft_spatial_delta_mse": 0.0,
  "foldover_fraction": 0.0,
  "fraction_clamped_total": 0.015151515151515152,
  "identity_angle_degrees": 19.79488754272461,
  "identity_angle_radians": 0.34548595547676086,
  "identity_cosine_distance": 0.05908900499343872,
  "identity_cosine_similarity_raw": 0.9409109950065613,
  "identity_l2_embedding_distance": 0.3437705338001251,
  "identity_similarity_score_pct": 94.09110260009766,
  "iter": 3625,
  "jacobian_det_min": 0.4779745042324066,
  "l2_to_original": 0.058637991547584534,
  "learning_rate": 0.05,
  "legacy_fft_strength_equivalent": 0.0,
  "loss": -0.05908900499343872,
  "mse_to_original": 0.0034384140744805336,
  "num_at_max_total": 1,
  "num_at_min_total": 1,
  "num_clamped_total": 2,
  "num_total_params": 132,
  "original_embedding_norm": 1.0,
  "peak_vram_gb": 0.4965987205505371,
  "perturbed_embedding_norm": 0.9999999403953552,
  "prompt": "add black sunglasses",
  "psnr_to_original": 24.63641824148839,
  "rolling_enabled": 1,
  "rolling_grad_norm": 0.006926142610609531,
  "rolling_max_disp": 0.91281658411026,
  "rolling_mean_disp": 0.5228817462921143,
  "rolling_num_at_max": 0,
  "rolling_num_at_min": 0,
  "rolling_p95_disp": 0.8776335716247559,
  "rolling_param_max": 1.2698194980621338,
  "rolling_param_mean_abs": 1.3602290153503418,
  "rolling_param_min": -1.4506386518478394,
  "seconds_elapsed": 299.7818998787552,
  "seconds_iter": 0.05192416347563267,
  "seed": 250852,
  "smoothness_tv": 0.05815165117383003,
  "ssim_to_original": 0.9737764000892639,
  "total_geometry_grad_norm": 0.019482944160699844,
  "total_grad_norm": 0.019482944160699844,
  "tps_enabled": 1,
  "tps_grad_norm": 0.003080260008573532,
  "tps_max_disp": 5.417123317718506,
  "tps_mean_disp": 2.046102285385132,
  "tps_num_at_max": 1,
  "tps_num_at_min": 1,
  "tps_p95_disp": 4.592528343200684,
  "tps_param_max": 4.0960001945495605,
  "tps_param_mean_abs": 0.8558828830718994,
  "tps_param_min": -4.0960001945495605
}
