{
  "Z": 0.10310125350952148,
  "best_Z_so_far": 0.10318881273269653,
  "best_iter_so_far": 3707,
  "case_id": "face_005__add_black_sunglasses",
  "combined_max_disp_px": 18.1535701751709,
  "combined_mean_disp_px": 4.567132472991943,
  "combined_p95_disp_px": 9.305018424987793,
  "components_at_boundary": "delaunay,tps",
  "dct_enabled": 1,
  "dct_grad_norm": 0.013874954544007778,
  "dct_max_disp": 18.516246795654297,
  "dct_mean_disp": 4.223848819732666,
  "dct_num_at_max": 0,
  "dct_num_at_min": 0,
  "dct_p95_disp": 8.076169967651367,
  "dct_param_max": 1.7754242420196533,
  "dct_param_mean_abs": 0.8176946640014648,
  "dct_param_min": -1.916869044303894,
  "delaunay_enabled": 1,
  "delaunay_grad_norm": 0.0019914372824132442,
  "delaunay_max_disp": 10.088496208190918,
  "delaunay_mean_disp": 1.7747557163238525,
  "delaunay_num_at_max": 1,
  "delaunay_num_at_min": 0,
  "delaunay_p95_disp": 5.95780611038208,
  "delaunay_param_max": 7.679999828338623,
  "delaunay_param_mean_abs": 1.031062364578247,
  "delaunay_param_min": -2.9606411457061768,
  "face_id": "face_005",
  "fft_phase_enabled": 0,
  "fft_phase_grad_norm": 0.0,
  "fft_phase_max_abs": 0.0,
  "fft_phase_mean_abs": 0.0,
  "fft_phase_norm": 0.0,
  "fft_phase_num_at_max": 0,
  "fft_phase_num_at_min": 0,
  "fft_phase_num_clamped": 0,
  "fft_spatial_delta_mse": 0.0,
  "foldover_fraction": 0.002796173095703125,
  "fraction_clamped_total": 0.05303030303030303,
  "identity_angle_degrees": 26.246633529663086,
  "identity_angle_radians": 0.4580901563167572,
  "identity_cosine_distance": 0.10310125350952148,
  "identity_cosine_similarity_raw": 0.8968987464904785,
  "identity_l2_embedding_distance": 0.45409533381462097,
  "identity_similarity_score_pct": 89.68987274169922,
  "iter": 4100,
  "jacobian_det_min": -0.6855814456939697,
  "l2_to_original": 0.07103144377470016,
  "learning_rate": 0.05,
  "legacy_fft_strength_equivalent": 0.0,
  "loss": -0.10310125350952148,
  "mse_to_original": 0.005045465659350157,
  "num_at_max_total": 5,
  "num_at_min_total": 2,
  "num_clamped_total": 7,
  "num_total_params": 132,
  "original_embedding_norm": 0.9999999403953552,
  "peak_vram_gb": 2.991054058074951,
  "perturbed_embedding_norm": 1.0,
  "prompt": "add black sunglasses",
  "psnr_to_original": 22.970987453926583,
  "rolling_enabled": 1,
  "rolling_grad_norm": 0.0018992159748449922,
  "rolling_max_disp": 0.5367723107337952,
  "rolling_mean_disp": 0.13907498121261597,
  "rolling_num_at_max": 0,
  "rolling_num_at_min": 0,
  "rolling_p95_disp": 0.47502008080482483,
  "rolling_param_max": 0.6494482159614563,
  "rolling_param_mean_abs": 0.5011590719223022,
  "rolling_param_min": -0.3528698682785034,
  "seconds_elapsed": 378.2099870983511,
  "seconds_iter": 0.07493075169622898,
  "seed": 67119,
  "smoothness_tv": 0.10431522130966187,
  "ssim_to_original": 0.9618212580680847,
  "total_geometry_grad_norm": 0.014399085193872452,
  "total_grad_norm": 0.014399085193872452,
  "tps_enabled": 1,
  "tps_grad_norm": 0.0026919255033135414,
  "tps_max_disp": 5.910595417022705,
  "tps_mean_disp": 2.3818607330322266,
  "tps_num_at_max": 4,
  "tps_num_at_min": 2,
  "tps_p95_disp": 5.031912326812744,
  "tps_param_max": 4.0960001945495605,
  "tps_param_mean_abs": 1.0978752374649048,
  "tps_param_min": -4.0960001945495605
}
