{
  "Z": 0.06760978698730469,
  "best_Z_so_far": 0.06776446104049683,
  "best_iter_so_far": 3179,
  "case_id": "face_002__add_headphones",
  "combined_max_disp_px": 7.1833271980285645,
  "combined_mean_disp_px": 3.0246195793151855,
  "combined_p95_disp_px": 5.867375373840332,
  "components_at_boundary": "tps",
  "dct_enabled": 1,
  "dct_grad_norm": 0.013346218504011631,
  "dct_max_disp": 7.211799144744873,
  "dct_mean_disp": 2.7503914833068848,
  "dct_num_at_max": 0,
  "dct_num_at_min": 0,
  "dct_p95_disp": 5.366367816925049,
  "dct_param_max": 1.1374552249908447,
  "dct_param_mean_abs": 0.4852147400379181,
  "dct_param_min": -1.388647198677063,
  "delaunay_enabled": 1,
  "delaunay_grad_norm": 0.002382476581260562,
  "delaunay_max_disp": 8.210835456848145,
  "delaunay_mean_disp": 2.1079397201538086,
  "delaunay_num_at_max": 0,
  "delaunay_num_at_min": 0,
  "delaunay_p95_disp": 5.542232990264893,
  "delaunay_param_max": 5.404754638671875,
  "delaunay_param_mean_abs": 1.1379493474960327,
  "delaunay_param_min": -6.499649524688721,
  "face_id": "face_002",
  "fft_phase_enabled": 0,
  "fft_phase_grad_norm": 0.0,
  "fft_phase_max_abs": 0.0,
  "fft_phase_mean_abs": 0.0,
  "fft_phase_norm": 0.0,
  "fft_phase_num_at_max": 0,
  "fft_phase_num_at_min": 0,
  "fft_phase_num_clamped": 0,
  "fft_spatial_delta_mse": 0.0,
  "foldover_fraction": 0.0,
  "fraction_clamped_total": 0.022727272727272728,
  "identity_angle_degrees": 21.189476013183594,
  "identity_angle_radians": 0.3698261082172394,
  "identity_cosine_distance": 0.06760978698730469,
  "identity_cosine_similarity_raw": 0.9323902130126953,
  "identity_l2_embedding_distance": 0.3677222728729248,
  "identity_similarity_score_pct": 93.23902130126953,
  "iter": 3350,
  "jacobian_det_min": 0.3415600657463074,
  "l2_to_original": 0.05928521975874901,
  "learning_rate": 0.05,
  "legacy_fft_strength_equivalent": 0.0,
  "loss": -0.06760978698730469,
  "mse_to_original": 0.003514737356454134,
  "num_at_max_total": 1,
  "num_at_min_total": 2,
  "num_clamped_total": 3,
  "num_total_params": 132,
  "original_embedding_norm": 1.0,
  "peak_vram_gb": 2.987697124481201,
  "perturbed_embedding_norm": 0.9999999403953552,
  "prompt": "add headphones",
  "psnr_to_original": 24.541071226795452,
  "rolling_enabled": 1,
  "rolling_grad_norm": 0.002746126614511013,
  "rolling_max_disp": 0.9433427453041077,
  "rolling_mean_disp": 0.5212906002998352,
  "rolling_num_at_max": 0,
  "rolling_num_at_min": 0,
  "rolling_p95_disp": 0.8688946962356567,
  "rolling_param_max": 1.2977454662322998,
  "rolling_param_mean_abs": 1.3770899772644043,
  "rolling_param_min": -1.4564346075057983,
  "seconds_elapsed": 302.5748938471079,
  "seconds_iter": 0.058865686878561974,
  "seed": 438717,
  "smoothness_tv": 0.061698175966739655,
  "ssim_to_original": 0.9732228517532349,
  "total_geometry_grad_norm": 0.014080505818128586,
  "total_grad_norm": 0.014080505818128586,
  "tps_enabled": 1,
  "tps_grad_norm": 0.0026309082750231028,
  "tps_max_disp": 5.502379894256592,
  "tps_mean_disp": 1.7509238719940186,
  "tps_num_at_max": 1,
  "tps_num_at_min": 2,
  "tps_p95_disp": 4.137668132781982,
  "tps_param_max": 4.0960001945495605,
  "tps_param_mean_abs": 0.7510941028594971,
  "tps_param_min": -4.0960001945495605
}
