{
  "Z": 0.05910128355026245,
  "best_Z_so_far": 0.059339940547943115,
  "best_iter_so_far": 4261,
  "case_id": "face_002__add_black_sunglasses",
  "combined_max_disp_px": 6.384882926940918,
  "combined_mean_disp_px": 2.705446481704712,
  "combined_p95_disp_px": 4.666083812713623,
  "components_at_boundary": "tps",
  "dct_enabled": 1,
  "dct_grad_norm": 0.013578688725829124,
  "dct_max_disp": 6.425682067871094,
  "dct_mean_disp": 2.9145987033843994,
  "dct_num_at_max": 0,
  "dct_num_at_min": 0,
  "dct_p95_disp": 5.774712562561035,
  "dct_param_max": 1.487562656402588,
  "dct_param_mean_abs": 0.5090002417564392,
  "dct_param_min": -1.8862192630767822,
  "delaunay_enabled": 1,
  "delaunay_grad_norm": 0.002697071759030223,
  "delaunay_max_disp": 8.657082557678223,
  "delaunay_mean_disp": 2.761889934539795,
  "delaunay_num_at_max": 0,
  "delaunay_num_at_min": 0,
  "delaunay_p95_disp": 6.688693523406982,
  "delaunay_param_max": 6.037312030792236,
  "delaunay_param_mean_abs": 1.3650610446929932,
  "delaunay_param_min": -6.878835678100586,
  "face_id": "face_002",
  "fft_phase_enabled": 0,
  "fft_phase_grad_norm": 0.0,
  "fft_phase_max_abs": 0.0,
  "fft_phase_mean_abs": 0.0,
  "fft_phase_norm": 0.0,
  "fft_phase_num_at_max": 0,
  "fft_phase_num_at_min": 0,
  "fft_phase_num_clamped": 0,
  "fft_spatial_delta_mse": 0.0,
  "foldover_fraction": 0.0,
  "fraction_clamped_total": 0.022727272727272728,
  "identity_angle_degrees": 19.796964645385742,
  "identity_angle_radians": 0.3455221951007843,
  "identity_cosine_distance": 0.05910128355026245,
  "identity_cosine_similarity_raw": 0.9408987164497375,
  "identity_l2_embedding_distance": 0.34380605816841125,
  "identity_similarity_score_pct": 94.08987426757812,
  "iter": 4475,
  "jacobian_det_min": 0.4835342764854431,
  "l2_to_original": 0.05868289992213249,
  "learning_rate": 0.05,
  "legacy_fft_strength_equivalent": 0.0,
  "loss": -0.05910128355026245,
  "mse_to_original": 0.0034436825662851334,
  "num_at_max_total": 1,
  "num_at_min_total": 2,
  "num_clamped_total": 3,
  "num_total_params": 132,
  "original_embedding_norm": 1.0,
  "peak_vram_gb": 0.4965987205505371,
  "perturbed_embedding_norm": 1.0,
  "prompt": "add black sunglasses",
  "psnr_to_original": 24.62976888015246,
  "rolling_enabled": 1,
  "rolling_grad_norm": 0.0053507667034864426,
  "rolling_max_disp": 0.9400838017463684,
  "rolling_mean_disp": 0.4908389449119568,
  "rolling_num_at_max": 0,
  "rolling_num_at_min": 0,
  "rolling_p95_disp": 0.8083414435386658,
  "rolling_param_max": 1.2849069833755493,
  "rolling_param_mean_abs": 1.333968162536621,
  "rolling_param_min": -1.3830294609069824,
  "seconds_elapsed": 373.6532717924565,
  "seconds_iter": 0.07649366743862629,
  "seed": 250852,
  "smoothness_tv": 0.0580943338572979,
  "ssim_to_original": 0.9737374186515808,
  "total_geometry_grad_norm": 0.015172244980931282,
  "total_grad_norm": 0.015172244980931282,
  "tps_enabled": 1,
  "tps_grad_norm": 0.0031482249032706022,
  "tps_max_disp": 5.483957767486572,
  "tps_mean_disp": 2.1195931434631348,
  "tps_num_at_max": 1,
  "tps_num_at_min": 2,
  "tps_p95_disp": 4.681550025939941,
  "tps_param_max": 4.0960001945495605,
  "tps_param_mean_abs": 0.8889536261558533,
  "tps_param_min": -4.0960001945495605
}
