{
  "Z": 0.09873747825622559,
  "best_Z_so_far": 0.09880620241165161,
  "best_iter_so_far": 1794,
  "case_id": "face_005__add_headphones",
  "combined_max_disp_px": 11.807557106018066,
  "combined_mean_disp_px": 4.184290885925293,
  "combined_p95_disp_px": 8.924508094787598,
  "components_at_boundary": "tps",
  "dct_enabled": 1,
  "dct_grad_norm": 0.011530480347573757,
  "dct_max_disp": 9.598679542541504,
  "dct_mean_disp": 3.4517788887023926,
  "dct_num_at_max": 0,
  "dct_num_at_min": 0,
  "dct_p95_disp": 6.951357364654541,
  "dct_param_max": 1.1690908670425415,
  "dct_param_mean_abs": 0.6291773915290833,
  "dct_param_min": -1.608285665512085,
  "delaunay_enabled": 1,
  "delaunay_grad_norm": 0.001746207708492875,
  "delaunay_max_disp": 8.252060890197754,
  "delaunay_mean_disp": 1.395349383354187,
  "delaunay_num_at_max": 0,
  "delaunay_num_at_min": 0,
  "delaunay_p95_disp": 5.018173694610596,
  "delaunay_param_max": 6.917088508605957,
  "delaunay_param_mean_abs": 0.7297924757003784,
  "delaunay_param_min": -1.339077353477478,
  "face_id": "face_005",
  "fft_phase_enabled": 0,
  "fft_phase_grad_norm": 0.0,
  "fft_phase_max_abs": 0.0,
  "fft_phase_mean_abs": 0.0,
  "fft_phase_norm": 0.0,
  "fft_phase_num_at_max": 0,
  "fft_phase_num_at_min": 0,
  "fft_phase_num_clamped": 0,
  "fft_spatial_delta_mse": 0.0,
  "foldover_fraction": 0.0,
  "fraction_clamped_total": 0.030303030303030304,
  "identity_angle_degrees": 25.675479888916016,
  "identity_angle_radians": 0.44812166690826416,
  "identity_cosine_distance": 0.09873747825622559,
  "identity_cosine_similarity_raw": 0.9012625217437744,
  "identity_l2_embedding_distance": 0.4443817436695099,
  "identity_similarity_score_pct": 90.12625122070312,
  "iter": 1800,
  "jacobian_det_min": 0.4755878150463104,
  "l2_to_original": 0.07162927091121674,
  "learning_rate": 0.05,
  "legacy_fft_strength_equivalent": 0.0,
  "loss": -0.09873747825622559,
  "mse_to_original": 0.005130752921104431,
  "num_at_max_total": 1,
  "num_at_min_total": 3,
  "num_clamped_total": 4,
  "num_total_params": 132,
  "original_embedding_norm": 0.9999999403953552,
  "peak_vram_gb": 2.993251323699951,
  "perturbed_embedding_norm": 0.9999999403953552,
  "prompt": "add headphones",
  "psnr_to_original": 22.89818898925713,
  "rolling_enabled": 1,
  "rolling_grad_norm": 0.0035953435581177473,
  "rolling_max_disp": 2.014899730682373,
  "rolling_mean_disp": 1.0339679718017578,
  "rolling_num_at_max": 0,
  "rolling_num_at_min": 0,
  "rolling_p95_disp": 1.9385709762573242,
  "rolling_param_max": 2.128326177597046,
  "rolling_param_mean_abs": 1.12351393699646,
  "rolling_param_min": 0.11870172619819641,
  "seconds_elapsed": 167.01755472272635,
  "seconds_iter": 0.07258190587162971,
  "seed": 405993,
  "smoothness_tv": 0.08625226467847824,
  "ssim_to_original": 0.9612274765968323,
  "total_geometry_grad_norm": 0.012403441593050957,
  "total_grad_norm": 0.012403441593050957,
  "tps_enabled": 1,
  "tps_grad_norm": 0.002217579632997513,
  "tps_max_disp": 6.74317741394043,
  "tps_mean_disp": 2.4495468139648438,
  "tps_num_at_max": 1,
  "tps_num_at_min": 3,
  "tps_p95_disp": 5.5785441398620605,
  "tps_param_max": 4.0960001945495605,
  "tps_param_mean_abs": 1.0460841655731201,
  "tps_param_min": -4.0960001945495605
}
