{
  "Z": 0.10060322284698486,
  "best_Z_so_far": 0.10061752796173096,
  "best_iter_so_far": 996,
  "case_id": "face_005__add_black_sunglasses",
  "combined_max_disp_px": 13.004137992858887,
  "combined_mean_disp_px": 4.38182258605957,
  "combined_p95_disp_px": 8.728858947753906,
  "components_at_boundary": "tps",
  "dct_enabled": 1,
  "dct_grad_norm": 0.015359134413301945,
  "dct_max_disp": 13.554847717285156,
  "dct_mean_disp": 3.619213819503784,
  "dct_num_at_max": 0,
  "dct_num_at_min": 0,
  "dct_p95_disp": 7.25324010848999,
  "dct_param_max": 1.375207543373108,
  "dct_param_mean_abs": 0.7067430019378662,
  "dct_param_min": -1.7113851308822632,
  "delaunay_enabled": 1,
  "delaunay_grad_norm": 0.002537594875320792,
  "delaunay_max_disp": 7.560706615447998,
  "delaunay_mean_disp": 1.3833844661712646,
  "delaunay_num_at_max": 0,
  "delaunay_num_at_min": 0,
  "delaunay_p95_disp": 4.090457439422607,
  "delaunay_param_max": 5.683414936065674,
  "delaunay_param_mean_abs": 0.7773497104644775,
  "delaunay_param_min": -3.4460206031799316,
  "face_id": "face_005",
  "fft_phase_enabled": 0,
  "fft_phase_grad_norm": 0.0,
  "fft_phase_max_abs": 0.0,
  "fft_phase_mean_abs": 0.0,
  "fft_phase_norm": 0.0,
  "fft_phase_num_at_max": 0,
  "fft_phase_num_at_min": 0,
  "fft_phase_num_clamped": 0,
  "fft_spatial_delta_mse": 0.0,
  "foldover_fraction": 0.000705718994140625,
  "fraction_clamped_total": 0.030303030303030304,
  "identity_angle_degrees": 25.921112060546875,
  "identity_angle_radians": 0.45240873098373413,
  "identity_cosine_distance": 0.10060322284698486,
  "identity_cosine_similarity_raw": 0.8993967771530151,
  "identity_l2_embedding_distance": 0.4485607445240021,
  "identity_similarity_score_pct": 89.9396743774414,
  "iter": 1000,
  "jacobian_det_min": -0.14270061254501343,
  "l2_to_original": 0.0700356662273407,
  "learning_rate": 0.05,
  "legacy_fft_strength_equivalent": 0.0,
  "loss": -0.10060322284698486,
  "mse_to_original": 0.0049049947410821915,
  "num_at_max_total": 3,
  "num_at_min_total": 1,
  "num_clamped_total": 4,
  "num_total_params": 132,
  "original_embedding_norm": 0.9999999403953552,
  "peak_vram_gb": 2.991054058074951,
  "perturbed_embedding_norm": 0.9999999403953552,
  "prompt": "add black sunglasses",
  "psnr_to_original": 23.093614539150643,
  "rolling_enabled": 1,
  "rolling_grad_norm": 0.000900484505109489,
  "rolling_max_disp": 1.1137018203735352,
  "rolling_mean_disp": 0.29890352487564087,
  "rolling_num_at_max": 0,
  "rolling_num_at_min": 0,
  "rolling_p95_disp": 1.0061067342758179,
  "rolling_param_max": 1.2891366481781006,
  "rolling_param_mean_abs": 0.8849554061889648,
  "rolling_param_min": -0.4807741045951843,
  "seconds_elapsed": 93.26056297309697,
  "seconds_iter": 0.0701121985912323,
  "seed": 67119,
  "smoothness_tv": 0.10041449964046478,
  "ssim_to_original": 0.9628922939300537,
  "total_geometry_grad_norm": 0.015887964516878128,
  "total_grad_norm": 0.015887964516878128,
  "tps_enabled": 1,
  "tps_grad_norm": 0.0030453430954366922,
  "tps_max_disp": 5.865329265594482,
  "tps_mean_disp": 2.0278210639953613,
  "tps_num_at_max": 3,
  "tps_num_at_min": 1,
  "tps_p95_disp": 4.496517181396484,
  "tps_param_max": 4.0960001945495605,
  "tps_param_mean_abs": 0.9362456202507019,
  "tps_param_min": -4.0960001945495605
}
