{
  "Z": 0.10290694236755371,
  "best_Z_so_far": 0.1032065749168396,
  "best_iter_so_far": 4231,
  "case_id": "face_005__add_black_sunglasses",
  "combined_max_disp_px": 18.124589920043945,
  "combined_mean_disp_px": 4.56812858581543,
  "combined_p95_disp_px": 9.300106048583984,
  "components_at_boundary": "delaunay,tps",
  "dct_enabled": 1,
  "dct_grad_norm": 0.01624017208814621,
  "dct_max_disp": 18.47917938232422,
  "dct_mean_disp": 4.24072790145874,
  "dct_num_at_max": 0,
  "dct_num_at_min": 0,
  "dct_p95_disp": 8.104890823364258,
  "dct_param_max": 1.7820990085601807,
  "dct_param_mean_abs": 0.8178929090499878,
  "dct_param_min": -1.9191473722457886,
  "delaunay_enabled": 1,
  "delaunay_grad_norm": 0.0020594389643520117,
  "delaunay_max_disp": 10.114651679992676,
  "delaunay_mean_disp": 1.772484540939331,
  "delaunay_num_at_max": 1,
  "delaunay_num_at_min": 0,
  "delaunay_p95_disp": 5.95575475692749,
  "delaunay_param_max": 7.679999828338623,
  "delaunay_param_mean_abs": 1.0290027856826782,
  "delaunay_param_min": -2.9515228271484375,
  "face_id": "face_005",
  "fft_phase_enabled": 0,
  "fft_phase_grad_norm": 0.0,
  "fft_phase_max_abs": 0.0,
  "fft_phase_mean_abs": 0.0,
  "fft_phase_norm": 0.0,
  "fft_phase_num_at_max": 0,
  "fft_phase_num_at_min": 0,
  "fft_phase_num_clamped": 0,
  "fft_spatial_delta_mse": 0.0,
  "foldover_fraction": 0.00278472900390625,
  "fraction_clamped_total": 0.06060606060606061,
  "identity_angle_degrees": 26.221446990966797,
  "identity_angle_radians": 0.4576505720615387,
  "identity_cosine_distance": 0.10290694236755371,
  "identity_cosine_similarity_raw": 0.8970930576324463,
  "identity_l2_embedding_distance": 0.4536672532558441,
  "identity_similarity_score_pct": 89.70930480957031,
  "iter": 4425,
  "jacobian_det_min": -0.6839576363563538,
  "l2_to_original": 0.07111404091119766,
  "learning_rate": 0.05,
  "legacy_fft_strength_equivalent": 0.0,
  "loss": -0.10290694236755371,
  "mse_to_original": 0.005057207308709621,
  "num_at_max_total": 5,
  "num_at_min_total": 3,
  "num_clamped_total": 8,
  "num_total_params": 132,
  "original_embedding_norm": 0.9999999403953552,
  "peak_vram_gb": 2.991054058074951,
  "perturbed_embedding_norm": 1.0,
  "prompt": "add black sunglasses",
  "psnr_to_original": 22.960892430881863,
  "rolling_enabled": 1,
  "rolling_grad_norm": 0.00017408370331395417,
  "rolling_max_disp": 0.5023365616798401,
  "rolling_mean_disp": 0.13367263972759247,
  "rolling_num_at_max": 0,
  "rolling_num_at_min": 0,
  "rolling_p95_disp": 0.4414878487586975,
  "rolling_param_max": 0.6081768274307251,
  "rolling_param_mean_abs": 0.48424065113067627,
  "rolling_param_min": -0.36030444502830505,
  "seconds_elapsed": 408.7107785176486,
  "seconds_iter": 0.07243658229708672,
  "seed": 67119,
  "smoothness_tv": 0.10427910834550858,
  "ssim_to_original": 0.961733341217041,
  "total_geometry_grad_norm": 0.016600029543042183,
  "total_grad_norm": 0.016600029543042183,
  "tps_enabled": 1,
  "tps_grad_norm": 0.0027470288332551718,
  "tps_max_disp": 5.907940864562988,
  "tps_mean_disp": 2.378746509552002,
  "tps_num_at_max": 4,
  "tps_num_at_min": 3,
  "tps_p95_disp": 5.0267767906188965,
  "tps_param_max": 4.0960001945495605,
  "tps_param_mean_abs": 1.0961685180664062,
  "tps_param_min": -4.0960001945495605
}
