{
  "Z": 0.06718200445175171,
  "best_Z_so_far": 0.06722503900527954,
  "best_iter_so_far": 1637,
  "case_id": "face_002__add_headphones",
  "combined_max_disp_px": 7.171502590179443,
  "combined_mean_disp_px": 3.018159866333008,
  "combined_p95_disp_px": 5.863308429718018,
  "components_at_boundary": "tps",
  "dct_enabled": 1,
  "dct_grad_norm": 0.012113746255636215,
  "dct_max_disp": 6.723623275756836,
  "dct_mean_disp": 2.5852603912353516,
  "dct_num_at_max": 0,
  "dct_num_at_min": 0,
  "dct_p95_disp": 5.231076717376709,
  "dct_param_max": 0.9952096939086914,
  "dct_param_mean_abs": 0.4821604788303375,
  "dct_param_min": -1.2006679773330688,
  "delaunay_enabled": 1,
  "delaunay_grad_norm": 0.0017389614367857575,
  "delaunay_max_disp": 8.474323272705078,
  "delaunay_mean_disp": 2.0230398178100586,
  "delaunay_num_at_max": 0,
  "delaunay_num_at_min": 0,
  "delaunay_p95_disp": 5.469202041625977,
  "delaunay_param_max": 5.453030586242676,
  "delaunay_param_mean_abs": 1.0927611589431763,
  "delaunay_param_min": -6.529080867767334,
  "face_id": "face_002",
  "fft_phase_enabled": 0,
  "fft_phase_grad_norm": 0.0,
  "fft_phase_max_abs": 0.0,
  "fft_phase_mean_abs": 0.0,
  "fft_phase_norm": 0.0,
  "fft_phase_num_at_max": 0,
  "fft_phase_num_at_min": 0,
  "fft_phase_num_clamped": 0,
  "fft_spatial_delta_mse": 0.0,
  "foldover_fraction": 0.0,
  "fraction_clamped_total": 0.007575757575757576,
  "identity_angle_degrees": 21.121562957763672,
  "identity_angle_radians": 0.36864081025123596,
  "identity_cosine_distance": 0.06718200445175171,
  "identity_cosine_similarity_raw": 0.9328179955482483,
  "identity_l2_embedding_distance": 0.36655712127685547,
  "identity_similarity_score_pct": 93.28179931640625,
  "iter": 1650,
  "jacobian_det_min": 0.36927446722984314,
  "l2_to_original": 0.05909113958477974,
  "learning_rate": 0.05,
  "legacy_fft_strength_equivalent": 0.0,
  "loss": -0.06718200445175171,
  "mse_to_original": 0.0034917625598609447,
  "num_at_max_total": 0,
  "num_at_min_total": 1,
  "num_clamped_total": 1,
  "num_total_params": 132,
  "original_embedding_norm": 1.0,
  "peak_vram_gb": 2.987697124481201,
  "perturbed_embedding_norm": 1.0,
  "prompt": "add headphones",
  "psnr_to_original": 24.569552960226368,
  "rolling_enabled": 1,
  "rolling_grad_norm": 0.0018750193994492292,
  "rolling_max_disp": 1.3302769660949707,
  "rolling_mean_disp": 0.7566020488739014,
  "rolling_num_at_max": 0,
  "rolling_num_at_min": 0,
  "rolling_p95_disp": 1.3233360052108765,
  "rolling_param_max": 1.3871310949325562,
  "rolling_param_mean_abs": 1.6795759201049805,
  "rolling_param_min": -1.9720207452774048,
  "seconds_elapsed": 150.8121303524822,
  "seconds_iter": 0.08945695124566555,
  "seed": 438717,
  "smoothness_tv": 0.06202422082424164,
  "ssim_to_original": 0.9733991026878357,
  "total_geometry_grad_norm": 0.01256709173321724,
  "total_grad_norm": 0.01256709173321724,
  "tps_enabled": 1,
  "tps_grad_norm": 0.002156217349693179,
  "tps_max_disp": 5.209832191467285,
  "tps_mean_disp": 1.67822265625,
  "tps_num_at_max": 0,
  "tps_num_at_min": 1,
  "tps_p95_disp": 4.126779079437256,
  "tps_param_max": 3.943504571914673,
  "tps_param_mean_abs": 0.7211307883262634,
  "tps_param_min": -4.0960001945495605
}
