{
  "Z": 0.10122668743133545,
  "best_Z_so_far": 0.101345956325531,
  "best_iter_so_far": 1650,
  "case_id": "face_005__add_black_sunglasses",
  "combined_max_disp_px": 13.408797264099121,
  "combined_mean_disp_px": 4.375016689300537,
  "combined_p95_disp_px": 8.737817764282227,
  "components_at_boundary": "tps",
  "dct_enabled": 1,
  "dct_grad_norm": 0.014296182431280613,
  "dct_max_disp": 13.850375175476074,
  "dct_mean_disp": 3.7562546730041504,
  "dct_num_at_max": 0,
  "dct_num_at_min": 0,
  "dct_p95_disp": 7.466360569000244,
  "dct_param_max": 1.3875473737716675,
  "dct_param_mean_abs": 0.7273585796356201,
  "dct_param_min": -1.7145682573318481,
  "delaunay_enabled": 1,
  "delaunay_grad_norm": 0.002237018197774887,
  "delaunay_max_disp": 8.79437255859375,
  "delaunay_mean_disp": 1.5275180339813232,
  "delaunay_num_at_max": 0,
  "delaunay_num_at_min": 0,
  "delaunay_p95_disp": 4.779621124267578,
  "delaunay_param_max": 6.819399833679199,
  "delaunay_param_mean_abs": 0.8835000991821289,
  "delaunay_param_min": -3.512578248977661,
  "face_id": "face_005",
  "fft_phase_enabled": 0,
  "fft_phase_grad_norm": 0.0,
  "fft_phase_max_abs": 0.0,
  "fft_phase_mean_abs": 0.0,
  "fft_phase_norm": 0.0,
  "fft_phase_num_at_max": 0,
  "fft_phase_num_at_min": 0,
  "fft_phase_num_clamped": 0,
  "fft_spatial_delta_mse": 0.0,
  "foldover_fraction": 0.00092315673828125,
  "fraction_clamped_total": 0.022727272727272728,
  "identity_angle_degrees": 26.002710342407227,
  "identity_angle_radians": 0.4538328945636749,
  "identity_cosine_distance": 0.10122668743133545,
  "identity_cosine_similarity_raw": 0.8987733125686646,
  "identity_l2_embedding_distance": 0.44994837045669556,
  "identity_similarity_score_pct": 89.87733459472656,
  "iter": 1750,
  "jacobian_det_min": -0.18925711512565613,
  "l2_to_original": 0.07014760375022888,
  "learning_rate": 0.05,
  "legacy_fft_strength_equivalent": 0.0,
  "loss": -0.10122668743133545,
  "mse_to_original": 0.0049206861294806,
  "num_at_max_total": 3,
  "num_at_min_total": 0,
  "num_clamped_total": 3,
  "num_total_params": 132,
  "original_embedding_norm": 0.9999999403953552,
  "peak_vram_gb": 2.991054058074951,
  "perturbed_embedding_norm": 1.0,
  "prompt": "add black sunglasses",
  "psnr_to_original": 23.079743359579766,
  "rolling_enabled": 1,
  "rolling_grad_norm": 0.0016696059610694647,
  "rolling_max_disp": 0.7487757205963135,
  "rolling_mean_disp": 0.47296142578125,
  "rolling_num_at_max": 0,
  "rolling_num_at_min": 0,
  "rolling_p95_disp": 0.7433505654335022,
  "rolling_param_max": 0.753271222114563,
  "rolling_param_mean_abs": 0.4838044047355652,
  "rolling_param_min": 0.214337557554245,
  "seconds_elapsed": 162.8686277437955,
  "seconds_iter": 0.07789173349738121,
  "seed": 67119,
  "smoothness_tv": 0.10011819005012512,
  "ssim_to_original": 0.9627701044082642,
  "total_geometry_grad_norm": 0.014791402034461498,
  "total_grad_norm": 0.014791402034461498,
  "tps_enabled": 1,
  "tps_grad_norm": 0.002571557415649295,
  "tps_max_disp": 5.845519065856934,
  "tps_mean_disp": 2.1847405433654785,
  "tps_num_at_max": 3,
  "tps_num_at_min": 0,
  "tps_p95_disp": 4.694639682769775,
  "tps_param_max": 4.0960001945495605,
  "tps_param_mean_abs": 1.0091123580932617,
  "tps_param_min": -4.087093830108643
}
