{
  "Z": 0.0989452600479126,
  "best_Z_so_far": 0.09909451007843018,
  "best_iter_so_far": 3171,
  "case_id": "face_005__add_headphones",
  "combined_max_disp_px": 11.971906661987305,
  "combined_mean_disp_px": 4.194612979888916,
  "combined_p95_disp_px": 8.895380020141602,
  "components_at_boundary": "tps",
  "dct_enabled": 1,
  "dct_grad_norm": 0.021151546388864517,
  "dct_max_disp": 9.039385795593262,
  "dct_mean_disp": 3.433216094970703,
  "dct_num_at_max": 0,
  "dct_num_at_min": 0,
  "dct_p95_disp": 6.896062850952148,
  "dct_param_max": 1.0970842838287354,
  "dct_param_mean_abs": 0.6257456541061401,
  "dct_param_min": -1.6633023023605347,
  "delaunay_enabled": 1,
  "delaunay_grad_norm": 0.004130481276661158,
  "delaunay_max_disp": 8.405977249145508,
  "delaunay_mean_disp": 1.492762804031372,
  "delaunay_num_at_max": 0,
  "delaunay_num_at_min": 0,
  "delaunay_p95_disp": 5.202059268951416,
  "delaunay_param_max": 6.817524433135986,
  "delaunay_param_mean_abs": 0.7540980577468872,
  "delaunay_param_min": -1.2301678657531738,
  "face_id": "face_005",
  "fft_phase_enabled": 0,
  "fft_phase_grad_norm": 0.0,
  "fft_phase_max_abs": 0.0,
  "fft_phase_mean_abs": 0.0,
  "fft_phase_norm": 0.0,
  "fft_phase_num_at_max": 0,
  "fft_phase_num_at_min": 0,
  "fft_phase_num_clamped": 0,
  "fft_spatial_delta_mse": 0.0,
  "foldover_fraction": 0.0,
  "fraction_clamped_total": 0.045454545454545456,
  "identity_angle_degrees": 25.702943801879883,
  "identity_angle_radians": 0.44860097765922546,
  "identity_cosine_distance": 0.0989452600479126,
  "identity_cosine_similarity_raw": 0.9010547399520874,
  "identity_l2_embedding_distance": 0.4448491632938385,
  "identity_similarity_score_pct": 90.10547637939453,
  "iter": 3175,
  "jacobian_det_min": 0.47529882192611694,
  "l2_to_original": 0.07169640809297562,
  "learning_rate": 0.05,
  "legacy_fft_strength_equivalent": 0.0,
  "loss": -0.0989452600479126,
  "mse_to_original": 0.005140374880284071,
  "num_at_max_total": 2,
  "num_at_min_total": 4,
  "num_clamped_total": 6,
  "num_total_params": 132,
  "original_embedding_norm": 0.9999999403953552,
  "peak_vram_gb": 2.993251323699951,
  "perturbed_embedding_norm": 0.9999999403953552,
  "prompt": "add headphones",
  "psnr_to_original": 22.89005207366221,
  "rolling_enabled": 1,
  "rolling_grad_norm": 0.00028631443274207413,
  "rolling_max_disp": 2.042259931564331,
  "rolling_mean_disp": 1.2078094482421875,
  "rolling_num_at_max": 0,
  "rolling_num_at_min": 0,
  "rolling_p95_disp": 2.0046706199645996,
  "rolling_param_max": 2.09157395362854,
  "rolling_param_mean_abs": 1.259597659111023,
  "rolling_param_min": 0.42762142419815063,
  "seconds_elapsed": 292.006447089836,
  "seconds_iter": 0.0727726649492979,
  "seed": 405993,
  "smoothness_tv": 0.08662332594394684,
  "ssim_to_original": 0.9611539244651794,
  "total_geometry_grad_norm": 0.02209891937673092,
  "total_grad_norm": 0.02209891937673092,
  "tps_enabled": 1,
  "tps_grad_norm": 0.004881746601313353,
  "tps_max_disp": 6.859858989715576,
  "tps_mean_disp": 2.6220879554748535,
  "tps_num_at_max": 2,
  "tps_num_at_min": 4,
  "tps_p95_disp": 5.6374969482421875,
  "tps_param_max": 4.0960001945495605,
  "tps_param_mean_abs": 1.114990234375,
  "tps_param_min": -4.0960001945495605
}
