{
  "Z": 0.09893792867660522,
  "best_Z_so_far": 0.09906446933746338,
  "best_iter_so_far": 2714,
  "case_id": "face_005__add_headphones",
  "combined_max_disp_px": 11.879385948181152,
  "combined_mean_disp_px": 4.179638385772705,
  "combined_p95_disp_px": 8.845711708068848,
  "components_at_boundary": "tps",
  "dct_enabled": 1,
  "dct_grad_norm": 0.014368971809744835,
  "dct_max_disp": 9.08842658996582,
  "dct_mean_disp": 3.421919822692871,
  "dct_num_at_max": 0,
  "dct_num_at_min": 0,
  "dct_p95_disp": 6.859545707702637,
  "dct_param_max": 1.100396752357483,
  "dct_param_mean_abs": 0.6246291995048523,
  "dct_param_min": -1.657749056816101,
  "delaunay_enabled": 1,
  "delaunay_grad_norm": 0.002196954796090722,
  "delaunay_max_disp": 8.295863151550293,
  "delaunay_mean_disp": 1.4863731861114502,
  "delaunay_num_at_max": 0,
  "delaunay_num_at_min": 0,
  "delaunay_p95_disp": 5.159679412841797,
  "delaunay_param_max": 6.829204559326172,
  "delaunay_param_mean_abs": 0.7539961338043213,
  "delaunay_param_min": -1.2783983945846558,
  "face_id": "face_005",
  "fft_phase_enabled": 0,
  "fft_phase_grad_norm": 0.0,
  "fft_phase_max_abs": 0.0,
  "fft_phase_mean_abs": 0.0,
  "fft_phase_norm": 0.0,
  "fft_phase_num_at_max": 0,
  "fft_phase_num_at_min": 0,
  "fft_phase_num_clamped": 0,
  "fft_spatial_delta_mse": 0.0,
  "foldover_fraction": 0.0,
  "fraction_clamped_total": 0.045454545454545456,
  "identity_angle_degrees": 25.701974868774414,
  "identity_angle_radians": 0.44858407974243164,
  "identity_cosine_distance": 0.09893792867660522,
  "identity_cosine_similarity_raw": 0.9010620713233948,
  "identity_l2_embedding_distance": 0.4448326528072357,
  "identity_similarity_score_pct": 90.10620880126953,
  "iter": 2775,
  "jacobian_det_min": 0.47884172201156616,
  "l2_to_original": 0.07143004983663559,
  "learning_rate": 0.05,
  "legacy_fft_strength_equivalent": 0.0,
  "loss": -0.09893792867660522,
  "mse_to_original": 0.005102251656353474,
  "num_at_max_total": 2,
  "num_at_min_total": 4,
  "num_clamped_total": 6,
  "num_total_params": 132,
  "original_embedding_norm": 0.9999999403953552,
  "peak_vram_gb": 2.993251323699951,
  "perturbed_embedding_norm": 0.9999999403953552,
  "prompt": "add headphones",
  "psnr_to_original": 22.92238124661882,
  "rolling_enabled": 1,
  "rolling_grad_norm": 0.0029988721944391727,
  "rolling_max_disp": 2.0144670009613037,
  "rolling_mean_disp": 1.2068545818328857,
  "rolling_num_at_max": 0,
  "rolling_num_at_min": 0,
  "rolling_p95_disp": 1.9819271564483643,
  "rolling_param_max": 2.057485580444336,
  "rolling_param_mean_abs": 1.257256031036377,
  "rolling_param_min": 0.4570264518260956,
  "seconds_elapsed": 254.45987630076706,
  "seconds_iter": 0.08013033121824265,
  "seed": 405993,
  "smoothness_tv": 0.08631867170333862,
  "ssim_to_original": 0.9614438414573669,
  "total_geometry_grad_norm": 0.015118177980184555,
  "total_grad_norm": 0.015118177980184555,
  "tps_enabled": 1,
  "tps_grad_norm": 0.002876130398362875,
  "tps_max_disp": 6.832320690155029,
  "tps_mean_disp": 2.5981974601745605,
  "tps_num_at_max": 2,
  "tps_num_at_min": 4,
  "tps_p95_disp": 5.619477272033691,
  "tps_param_max": 4.0960001945495605,
  "tps_param_mean_abs": 1.1043858528137207,
  "tps_param_min": -4.0960001945495605
}
