{
  "Z": 0.10304081439971924,
  "best_Z_so_far": 0.10315835475921631,
  "best_iter_so_far": 3418,
  "case_id": "face_005__add_black_sunglasses",
  "combined_max_disp_px": 18.14068031311035,
  "combined_mean_disp_px": 4.5665788650512695,
  "combined_p95_disp_px": 9.282672882080078,
  "components_at_boundary": "delaunay,tps",
  "dct_enabled": 1,
  "dct_grad_norm": 0.01625661738216877,
  "dct_max_disp": 18.51934051513672,
  "dct_mean_disp": 4.204250335693359,
  "dct_num_at_max": 0,
  "dct_num_at_min": 0,
  "dct_p95_disp": 8.095724105834961,
  "dct_param_max": 1.7780983448028564,
  "dct_param_mean_abs": 0.8162208199501038,
  "dct_param_min": -1.918300747871399,
  "delaunay_enabled": 1,
  "delaunay_grad_norm": 0.0029183414299041033,
  "delaunay_max_disp": 9.997397422790527,
  "delaunay_mean_disp": 1.7589662075042725,
  "delaunay_num_at_max": 1,
  "delaunay_num_at_min": 0,
  "delaunay_p95_disp": 5.903928756713867,
  "delaunay_param_max": 7.679999828338623,
  "delaunay_param_mean_abs": 1.019032597541809,
  "delaunay_param_min": -2.976431369781494,
  "face_id": "face_005",
  "fft_phase_enabled": 0,
  "fft_phase_grad_norm": 0.0,
  "fft_phase_max_abs": 0.0,
  "fft_phase_mean_abs": 0.0,
  "fft_phase_norm": 0.0,
  "fft_phase_num_at_max": 0,
  "fft_phase_num_at_min": 0,
  "fft_phase_num_clamped": 0,
  "fft_spatial_delta_mse": 0.0,
  "foldover_fraction": 0.002788543701171875,
  "fraction_clamped_total": 0.05303030303030303,
  "identity_angle_degrees": 26.238800048828125,
  "identity_angle_radians": 0.45795345306396484,
  "identity_cosine_distance": 0.10304081439971924,
  "identity_cosine_similarity_raw": 0.8969591856002808,
  "identity_l2_embedding_distance": 0.4539622366428375,
  "identity_similarity_score_pct": 89.69591522216797,
  "iter": 3475,
  "jacobian_det_min": -0.6839867234230042,
  "l2_to_original": 0.0710269957780838,
  "learning_rate": 0.05,
  "legacy_fft_strength_equivalent": 0.0,
  "loss": -0.10304081439971924,
  "mse_to_original": 0.00504483375698328,
  "num_at_max_total": 4,
  "num_at_min_total": 3,
  "num_clamped_total": 7,
  "num_total_params": 132,
  "original_embedding_norm": 0.9999999403953552,
  "peak_vram_gb": 2.991054058074951,
  "perturbed_embedding_norm": 0.9999999403953552,
  "prompt": "add black sunglasses",
  "psnr_to_original": 22.971531405498425,
  "rolling_enabled": 1,
  "rolling_grad_norm": 0.003663182258605957,
  "rolling_max_disp": 0.6079216003417969,
  "rolling_mean_disp": 0.16247189044952393,
  "rolling_num_at_max": 0,
  "rolling_num_at_min": 0,
  "rolling_p95_disp": 0.5488640069961548,
  "rolling_param_max": 0.6997001767158508,
  "rolling_param_mean_abs": 0.48352259397506714,
  "rolling_param_min": -0.26734504103660583,
  "seconds_elapsed": 321.2831336259842,
  "seconds_iter": 0.07602416910231113,
  "seed": 67119,
  "smoothness_tv": 0.10434481501579285,
  "ssim_to_original": 0.9618266224861145,
  "total_geometry_grad_norm": 0.017257580533623695,
  "total_grad_norm": 0.017257580533623695,
  "tps_enabled": 1,
  "tps_grad_norm": 0.003407467156648636,
  "tps_max_disp": 5.895272254943848,
  "tps_mean_disp": 2.3694095611572266,
  "tps_num_at_max": 3,
  "tps_num_at_min": 3,
  "tps_p95_disp": 5.01386833190918,
  "tps_param_max": 4.0960001945495605,
  "tps_param_mean_abs": 1.0906578302383423,
  "tps_param_min": -4.0960001945495605
}
