{
  "Z": 0.10299873352050781,
  "best_Z_so_far": 0.1032065749168396,
  "best_iter_so_far": 4231,
  "case_id": "face_005__add_black_sunglasses",
  "combined_max_disp_px": 18.123842239379883,
  "combined_mean_disp_px": 4.563904762268066,
  "combined_p95_disp_px": 9.2745943069458,
  "components_at_boundary": "delaunay,tps",
  "dct_enabled": 1,
  "dct_grad_norm": 0.01752215065062046,
  "dct_max_disp": 18.474363327026367,
  "dct_mean_disp": 4.240088939666748,
  "dct_num_at_max": 0,
  "dct_num_at_min": 0,
  "dct_p95_disp": 8.090697288513184,
  "dct_param_max": 1.7813684940338135,
  "dct_param_mean_abs": 0.8194265961647034,
  "dct_param_min": -1.9220331907272339,
  "delaunay_enabled": 1,
  "delaunay_grad_norm": 0.0033644188661128283,
  "delaunay_max_disp": 10.075495719909668,
  "delaunay_mean_disp": 1.7707513570785522,
  "delaunay_num_at_max": 1,
  "delaunay_num_at_min": 0,
  "delaunay_p95_disp": 5.9436726570129395,
  "delaunay_param_max": 7.679999828338623,
  "delaunay_param_mean_abs": 1.0298739671707153,
  "delaunay_param_min": -2.960686206817627,
  "face_id": "face_005",
  "fft_phase_enabled": 0,
  "fft_phase_grad_norm": 0.0,
  "fft_phase_max_abs": 0.0,
  "fft_phase_mean_abs": 0.0,
  "fft_phase_norm": 0.0,
  "fft_phase_num_at_max": 0,
  "fft_phase_num_at_min": 0,
  "fft_phase_num_clamped": 0,
  "fft_spatial_delta_mse": 0.0,
  "foldover_fraction": 0.0027923583984375,
  "fraction_clamped_total": 0.06060606060606061,
  "identity_angle_degrees": 26.23334503173828,
  "identity_angle_radians": 0.45785823464393616,
  "identity_cosine_distance": 0.10299873352050781,
  "identity_cosine_similarity_raw": 0.8970012664794922,
  "identity_l2_embedding_distance": 0.4538695514202118,
  "identity_similarity_score_pct": 89.70012664794922,
  "iter": 4650,
  "jacobian_det_min": -0.6840324997901917,
  "l2_to_original": 0.07102914899587631,
  "learning_rate": 0.05,
  "legacy_fft_strength_equivalent": 0.0,
  "loss": -0.10299873352050781,
  "mse_to_original": 0.005045140162110329,
  "num_at_max_total": 5,
  "num_at_min_total": 3,
  "num_clamped_total": 8,
  "num_total_params": 132,
  "original_embedding_norm": 0.9999999403953552,
  "peak_vram_gb": 2.991054058074951,
  "perturbed_embedding_norm": 1.0,
  "prompt": "add black sunglasses",
  "psnr_to_original": 22.97126763860069,
  "rolling_enabled": 1,
  "rolling_grad_norm": 0.005648391786962748,
  "rolling_max_disp": 0.4838934540748596,
  "rolling_mean_disp": 0.13286112248897552,
  "rolling_num_at_max": 0,
  "rolling_num_at_min": 0,
  "rolling_p95_disp": 0.4224756360054016,
  "rolling_param_max": 0.5840834379196167,
  "rolling_param_mean_abs": 0.4797924757003784,
  "rolling_param_min": -0.3755015432834625,
  "seconds_elapsed": 425.7798351738602,
  "seconds_iter": 0.05104406736791134,
  "seed": 67119,
  "smoothness_tv": 0.10415748506784439,
  "ssim_to_original": 0.9618253707885742,
  "total_geometry_grad_norm": 0.019123496487736702,
  "total_grad_norm": 0.019123496487736702,
  "tps_enabled": 1,
  "tps_grad_norm": 0.003931757993996143,
  "tps_max_disp": 5.907674789428711,
  "tps_mean_disp": 2.3806142807006836,
  "tps_num_at_max": 4,
  "tps_num_at_min": 3,
  "tps_p95_disp": 5.028218746185303,
  "tps_param_max": 4.0960001945495605,
  "tps_param_mean_abs": 1.0978809595108032,
  "tps_param_min": -4.0960001945495605
}
