{
  "Z": 0.05907142162322998,
  "best_Z_so_far": 0.059144437313079834,
  "best_iter_so_far": 2421,
  "case_id": "face_002__add_black_sunglasses",
  "combined_max_disp_px": 6.256385803222656,
  "combined_mean_disp_px": 2.7061476707458496,
  "combined_p95_disp_px": 4.745938777923584,
  "components_at_boundary": "tps",
  "dct_enabled": 1,
  "dct_grad_norm": 0.015538789331912994,
  "dct_max_disp": 6.627544403076172,
  "dct_mean_disp": 2.9411096572875977,
  "dct_num_at_max": 0,
  "dct_num_at_min": 0,
  "dct_p95_disp": 5.901764392852783,
  "dct_param_max": 1.5685731172561646,
  "dct_param_mean_abs": 0.5092325210571289,
  "dct_param_min": -1.9588934183120728,
  "delaunay_enabled": 1,
  "delaunay_grad_norm": 0.002134799025952816,
  "delaunay_max_disp": 8.834707260131836,
  "delaunay_mean_disp": 2.675507068634033,
  "delaunay_num_at_max": 0,
  "delaunay_num_at_min": 0,
  "delaunay_p95_disp": 6.608087062835693,
  "delaunay_param_max": 5.685385227203369,
  "delaunay_param_mean_abs": 1.3279705047607422,
  "delaunay_param_min": -6.9252095222473145,
  "face_id": "face_002",
  "fft_phase_enabled": 0,
  "fft_phase_grad_norm": 0.0,
  "fft_phase_max_abs": 0.0,
  "fft_phase_mean_abs": 0.0,
  "fft_phase_norm": 0.0,
  "fft_phase_num_at_max": 0,
  "fft_phase_num_at_min": 0,
  "fft_phase_num_clamped": 0,
  "fft_spatial_delta_mse": 0.0,
  "foldover_fraction": 0.0,
  "fraction_clamped_total": 0.015151515151515152,
  "identity_angle_degrees": 19.79191017150879,
  "identity_angle_radians": 0.3454340100288391,
  "identity_cosine_distance": 0.05907142162322998,
  "identity_cosine_similarity_raw": 0.94092857837677,
  "identity_l2_embedding_distance": 0.34371915459632874,
  "identity_similarity_score_pct": 94.09285736083984,
  "iter": 2675,
  "jacobian_det_min": 0.4826899766921997,
  "l2_to_original": 0.05845187231898308,
  "learning_rate": 0.05,
  "legacy_fft_strength_equivalent": 0.0,
  "loss": -0.05907142162322998,
  "mse_to_original": 0.0034166215918958187,
  "num_at_max_total": 1,
  "num_at_min_total": 1,
  "num_clamped_total": 2,
  "num_total_params": 132,
  "original_embedding_norm": 1.0,
  "peak_vram_gb": 0.4965987205505371,
  "perturbed_embedding_norm": 1.0,
  "prompt": "add black sunglasses",
  "psnr_to_original": 24.664031188459518,
  "rolling_enabled": 1,
  "rolling_grad_norm": 0.0015295292250812054,
  "rolling_max_disp": 0.8543593287467957,
  "rolling_mean_disp": 0.42383477091789246,
  "rolling_num_at_max": 0,
  "rolling_num_at_min": 0,
  "rolling_p95_disp": 0.6935141086578369,
  "rolling_param_max": 1.1501657962799072,
  "rolling_param_mean_abs": 1.181107997894287,
  "rolling_param_min": -1.2120500802993774,
  "seconds_elapsed": 217.76544892415404,
  "seconds_iter": 0.06765731237828732,
  "seed": 250852,
  "smoothness_tv": 0.057142190635204315,
  "ssim_to_original": 0.9739421010017395,
  "total_geometry_grad_norm": 0.01594466343522072,
  "total_grad_norm": 0.01594466343522072,
  "tps_enabled": 1,
  "tps_grad_norm": 0.0024251847062259912,
  "tps_max_disp": 5.12856912612915,
  "tps_mean_disp": 1.9066271781921387,
  "tps_num_at_max": 1,
  "tps_num_at_min": 1,
  "tps_p95_disp": 4.361968994140625,
  "tps_param_max": 4.0960001945495605,
  "tps_param_mean_abs": 0.7964134812355042,
  "tps_param_min": -4.0960001945495605
}
