{
  "Z": 0.05774039030075073,
  "best_Z_so_far": 0.058095693588256836,
  "best_iter_so_far": 1157,
  "case_id": "face_002__add_black_sunglasses",
  "combined_max_disp_px": 6.587780475616455,
  "combined_mean_disp_px": 2.6614913940429688,
  "combined_p95_disp_px": 4.787728786468506,
  "components_at_boundary": "",
  "dct_enabled": 1,
  "dct_grad_norm": 0.025133581832051277,
  "dct_max_disp": 6.278010368347168,
  "dct_mean_disp": 2.842700719833374,
  "dct_num_at_max": 0,
  "dct_num_at_min": 0,
  "dct_p95_disp": 5.775768280029297,
  "dct_param_max": 1.5820770263671875,
  "dct_param_mean_abs": 0.5034027099609375,
  "dct_param_min": -1.8640679121017456,
  "delaunay_enabled": 1,
  "delaunay_grad_norm": 0.0016842755721881986,
  "delaunay_max_disp": 7.236878871917725,
  "delaunay_mean_disp": 2.3040661811828613,
  "delaunay_num_at_max": 0,
  "delaunay_num_at_min": 0,
  "delaunay_p95_disp": 5.672370910644531,
  "delaunay_param_max": 4.86234712600708,
  "delaunay_param_mean_abs": 1.1253029108047485,
  "delaunay_param_min": -6.1496100425720215,
  "face_id": "face_002",
  "fft_phase_enabled": 0,
  "fft_phase_grad_norm": 0.0,
  "fft_phase_max_abs": 0.0,
  "fft_phase_mean_abs": 0.0,
  "fft_phase_norm": 0.0,
  "fft_phase_num_at_max": 0,
  "fft_phase_num_at_min": 0,
  "fft_phase_num_clamped": 0,
  "fft_spatial_delta_mse": 0.0,
  "foldover_fraction": 0.0,
  "fraction_clamped_total": 0.0,
  "identity_angle_degrees": 19.565441131591797,
  "identity_angle_radians": 0.34148135781288147,
  "identity_cosine_distance": 0.05774039030075073,
  "identity_cosine_similarity_raw": 0.9422596096992493,
  "identity_l2_embedding_distance": 0.3398246765136719,
  "identity_similarity_score_pct": 94.22595977783203,
  "iter": 1200,
  "jacobian_det_min": 0.5121927261352539,
  "l2_to_original": 0.05817132815718651,
  "learning_rate": 0.05,
  "legacy_fft_strength_equivalent": 0.0,
  "loss": -0.05774039030075073,
  "mse_to_original": 0.0033839032985270023,
  "num_at_max_total": 0,
  "num_at_min_total": 0,
  "num_clamped_total": 0,
  "num_total_params": 132,
  "original_embedding_norm": 1.0,
  "peak_vram_gb": 0.4965987205505371,
  "perturbed_embedding_norm": 0.9999999403953552,
  "prompt": "add black sunglasses",
  "psnr_to_original": 24.705820562465423,
  "rolling_enabled": 1,
  "rolling_grad_norm": 0.001414458965882659,
  "rolling_max_disp": 0.7598626613616943,
  "rolling_mean_disp": 0.2082539200782776,
  "rolling_num_at_max": 0,
  "rolling_num_at_min": 0,
  "rolling_p95_disp": 0.6636537313461304,
  "rolling_param_max": 0.9299344420433044,
  "rolling_param_mean_abs": 0.7518126964569092,
  "rolling_param_min": -0.5736909508705139,
  "seconds_elapsed": 98.31329275108874,
  "seconds_iter": 0.07374427281320095,
  "seed": 250852,
  "smoothness_tv": 0.053460851311683655,
  "ssim_to_original": 0.9741914868354797,
  "total_geometry_grad_norm": 0.02534148469567299,
  "total_grad_norm": 0.02534148469567299,
  "tps_enabled": 1,
  "tps_grad_norm": 0.002378324046730995,
  "tps_max_disp": 4.408883571624756,
  "tps_mean_disp": 1.4418892860412598,
  "tps_num_at_max": 0,
  "tps_num_at_min": 0,
  "tps_p95_disp": 3.4635300636291504,
  "tps_param_max": 4.09498405456543,
  "tps_param_mean_abs": 0.6669450402259827,
  "tps_param_min": -3.7530148029327393
}
