{
  "Z": 0.09877395629882812,
  "best_Z_so_far": 0.09901583194732666,
  "best_iter_so_far": 2260,
  "case_id": "face_005__add_headphones",
  "combined_max_disp_px": 11.797204971313477,
  "combined_mean_disp_px": 4.1690568923950195,
  "combined_p95_disp_px": 8.836313247680664,
  "components_at_boundary": "tps",
  "dct_enabled": 1,
  "dct_grad_norm": 0.013288631103932858,
  "dct_max_disp": 9.15529727935791,
  "dct_mean_disp": 3.4261980056762695,
  "dct_num_at_max": 0,
  "dct_num_at_min": 0,
  "dct_p95_disp": 6.848113059997559,
  "dct_param_max": 1.123811960220337,
  "dct_param_mean_abs": 0.6262757778167725,
  "dct_param_min": -1.6535487174987793,
  "delaunay_enabled": 1,
  "delaunay_grad_norm": 0.0020614389795809984,
  "delaunay_max_disp": 8.311742782592773,
  "delaunay_mean_disp": 1.4653090238571167,
  "delaunay_num_at_max": 0,
  "delaunay_num_at_min": 0,
  "delaunay_p95_disp": 5.127821445465088,
  "delaunay_param_max": 6.8630475997924805,
  "delaunay_param_mean_abs": 0.7539186477661133,
  "delaunay_param_min": -1.3716378211975098,
  "face_id": "face_005",
  "fft_phase_enabled": 0,
  "fft_phase_grad_norm": 0.0,
  "fft_phase_max_abs": 0.0,
  "fft_phase_mean_abs": 0.0,
  "fft_phase_norm": 0.0,
  "fft_phase_num_at_max": 0,
  "fft_phase_num_at_min": 0,
  "fft_phase_num_clamped": 0,
  "fft_spatial_delta_mse": 0.0,
  "foldover_fraction": 0.0,
  "fraction_clamped_total": 0.030303030303030304,
  "identity_angle_degrees": 25.68030548095703,
  "identity_angle_radians": 0.4482058882713318,
  "identity_cosine_distance": 0.09877395629882812,
  "identity_cosine_similarity_raw": 0.9012260437011719,
  "identity_l2_embedding_distance": 0.44446367025375366,
  "identity_similarity_score_pct": 90.12260437011719,
  "iter": 2275,
  "jacobian_det_min": 0.4822056293487549,
  "l2_to_original": 0.07139800488948822,
  "learning_rate": 0.05,
  "legacy_fft_strength_equivalent": 0.0,
  "loss": -0.09877395629882812,
  "mse_to_original": 0.005097675137221813,
  "num_at_max_total": 1,
  "num_at_min_total": 3,
  "num_clamped_total": 4,
  "num_total_params": 132,
  "original_embedding_norm": 0.9999999403953552,
  "peak_vram_gb": 2.993251323699951,
  "perturbed_embedding_norm": 1.0,
  "prompt": "add headphones",
  "psnr_to_original": 22.926278445449366,
  "rolling_enabled": 1,
  "rolling_grad_norm": 0.0012412393698468804,
  "rolling_max_disp": 2.034637689590454,
  "rolling_mean_disp": 1.145213007926941,
  "rolling_num_at_max": 0,
  "rolling_num_at_min": 0,
  "rolling_p95_disp": 1.9801619052886963,
  "rolling_param_max": 2.109032154083252,
  "rolling_param_mean_abs": 1.2105815410614014,
  "rolling_param_min": 0.31213098764419556,
  "seconds_elapsed": 208.8584907054901,
  "seconds_iter": 0.07318511605262756,
  "seed": 405993,
  "smoothness_tv": 0.08606861531734467,
  "ssim_to_original": 0.9614768624305725,
  "total_geometry_grad_norm": 0.013721926137804985,
  "total_grad_norm": 0.013721926137804985,
  "tps_enabled": 1,
  "tps_grad_norm": 0.002431731903925538,
  "tps_max_disp": 6.849963665008545,
  "tps_mean_disp": 2.5558359622955322,
  "tps_num_at_max": 1,
  "tps_num_at_min": 3,
  "tps_p95_disp": 5.612807273864746,
  "tps_param_max": 4.0960001945495605,
  "tps_param_mean_abs": 1.0885391235351562,
  "tps_param_min": -4.0960001945495605
}
