{
  "Z": 0.02375894784927368,
  "best_Z_so_far": 0.02375894784927368,
  "best_iter_so_far": 325,
  "case_id": "face_002__add_black_sunglasses",
  "combined_max_disp_px": 5.442896842956543,
  "combined_mean_disp_px": 2.186184883117676,
  "combined_p95_disp_px": 3.8679440021514893,
  "components_at_boundary": "",
  "dct_enabled": 1,
  "dct_grad_norm": 0.005392793565988541,
  "dct_max_disp": 5.829709529876709,
  "dct_mean_disp": 2.196744680404663,
  "dct_num_at_max": 0,
  "dct_num_at_min": 0,
  "dct_p95_disp": 4.287629127502441,
  "dct_param_max": 1.154567003250122,
  "dct_param_mean_abs": 0.3611569404602051,
  "dct_param_min": -1.100876808166504,
  "delaunay_enabled": 1,
  "delaunay_grad_norm": 0.0006990774418227375,
  "delaunay_max_disp": 4.022631645202637,
  "delaunay_mean_disp": 1.0553221702575684,
  "delaunay_num_at_max": 0,
  "delaunay_num_at_min": 0,
  "delaunay_p95_disp": 2.6100873947143555,
  "delaunay_param_max": 2.5429248809814453,
  "delaunay_param_mean_abs": 0.5266460180282593,
  "delaunay_param_min": -3.6013307571411133,
  "face_id": "face_002",
  "fft_phase_enabled": 0,
  "fft_phase_grad_norm": 0.0,
  "fft_phase_max_abs": 0.0,
  "fft_phase_mean_abs": 0.0,
  "fft_phase_norm": 0.0,
  "fft_phase_num_at_max": 0,
  "fft_phase_num_at_min": 0,
  "fft_phase_num_clamped": 0,
  "fft_spatial_delta_mse": 0.0,
  "foldover_fraction": 0.0,
  "fraction_clamped_total": 0.0,
  "identity_angle_degrees": 12.51453971862793,
  "identity_angle_radians": 0.21841992437839508,
  "identity_cosine_distance": 0.02375894784927368,
  "identity_cosine_similarity_raw": 0.9762410521507263,
  "identity_l2_embedding_distance": 0.21798652410507202,
  "identity_similarity_score_pct": 97.62410736083984,
  "iter": 325,
  "jacobian_det_min": 0.5866934657096863,
  "l2_to_original": 0.05303853750228882,
  "learning_rate": 0.05,
  "legacy_fft_strength_equivalent": 0.0,
  "loss": -0.02375894784927368,
  "mse_to_original": 0.002813086612150073,
  "num_at_max_total": 0,
  "num_at_min_total": 0,
  "num_clamped_total": 0,
  "num_total_params": 132,
  "original_embedding_norm": 0.9999999403953552,
  "peak_vram_gb": 0.4942488670349121,
  "perturbed_embedding_norm": 0.9999999403953552,
  "prompt": "add black sunglasses",
  "psnr_to_original": 25.508168961320727,
  "rolling_enabled": 1,
  "rolling_grad_norm": 0.0014391890726983547,
  "rolling_max_disp": 0.21727712452411652,
  "rolling_mean_disp": 0.12438251823186874,
  "rolling_num_at_max": 0,
  "rolling_num_at_min": 0,
  "rolling_p95_disp": 0.2160949409008026,
  "rolling_param_max": 0.33364230394363403,
  "rolling_param_mean_abs": 0.28288179636001587,
  "rolling_param_min": -0.23212125897407532,
  "seconds_elapsed": 31.20576199516654,
  "seconds_iter": 0.07313775457441807,
  "seed": 250852,
  "smoothness_tv": 0.04868000000715256,
  "ssim_to_original": 0.9785638451576233,
  "total_geometry_grad_norm": 0.005693892017006874,
  "total_grad_norm": 0.005693892017006874,
  "tps_enabled": 1,
  "tps_grad_norm": 0.0008821620140224695,
  "tps_max_disp": 3.4996719360351562,
  "tps_mean_disp": 0.9473427534103394,
  "tps_num_at_max": 0,
  "tps_num_at_min": 0,
  "tps_p95_disp": 2.574338436126709,
  "tps_param_max": 3.465007781982422,
  "tps_param_mean_abs": 0.40483397245407104,
  "tps_param_min": -2.5608694553375244
}
