{
  "Z": 0.09930461645126343,
  "best_Z_so_far": 0.09930461645126343,
  "best_iter_so_far": 425,
  "case_id": "face_005__add_black_sunglasses",
  "combined_max_disp_px": 12.67112922668457,
  "combined_mean_disp_px": 4.392378330230713,
  "combined_p95_disp_px": 8.718934059143066,
  "components_at_boundary": "tps",
  "dct_enabled": 1,
  "dct_grad_norm": 0.010825536213815212,
  "dct_max_disp": 13.35547161102295,
  "dct_mean_disp": 3.633986711502075,
  "dct_num_at_max": 0,
  "dct_num_at_min": 0,
  "dct_p95_disp": 7.440889358520508,
  "dct_param_max": 1.311072587966919,
  "dct_param_mean_abs": 0.7100297808647156,
  "dct_param_min": -1.7260524034500122,
  "delaunay_enabled": 1,
  "delaunay_grad_norm": 0.002106442814692855,
  "delaunay_max_disp": 6.19305419921875,
  "delaunay_mean_disp": 1.0291121006011963,
  "delaunay_num_at_max": 0,
  "delaunay_num_at_min": 0,
  "delaunay_p95_disp": 3.0266799926757812,
  "delaunay_param_max": 4.570536136627197,
  "delaunay_param_mean_abs": 0.6178302764892578,
  "delaunay_param_min": -1.4339638948440552,
  "face_id": "face_005",
  "fft_phase_enabled": 0,
  "fft_phase_grad_norm": 0.0,
  "fft_phase_max_abs": 0.0,
  "fft_phase_mean_abs": 0.0,
  "fft_phase_norm": 0.0,
  "fft_phase_num_at_max": 0,
  "fft_phase_num_at_min": 0,
  "fft_phase_num_clamped": 0,
  "fft_spatial_delta_mse": 0.0,
  "foldover_fraction": 0.000514984130859375,
  "fraction_clamped_total": 0.015151515151515152,
  "identity_angle_degrees": 25.750375747680664,
  "identity_angle_radians": 0.44942882657051086,
  "identity_cosine_distance": 0.09930461645126343,
  "identity_cosine_similarity_raw": 0.9006953835487366,
  "identity_l2_embedding_distance": 0.44565609097480774,
  "identity_similarity_score_pct": 90.06954193115234,
  "iter": 425,
  "jacobian_det_min": -0.10022617131471634,
  "l2_to_original": 0.07040475308895111,
  "learning_rate": 0.05,
  "legacy_fft_strength_equivalent": 0.0,
  "loss": -0.09930461645126343,
  "mse_to_original": 0.004956829361617565,
  "num_at_max_total": 2,
  "num_at_min_total": 0,
  "num_clamped_total": 2,
  "num_total_params": 132,
  "original_embedding_norm": 0.9999999403953552,
  "peak_vram_gb": 2.991054058074951,
  "perturbed_embedding_norm": 1.0,
  "prompt": "add black sunglasses",
  "psnr_to_original": 23.047960313840253,
  "rolling_enabled": 1,
  "rolling_grad_norm": 0.004489379469305277,
  "rolling_max_disp": 1.3299325704574585,
  "rolling_mean_disp": 0.3687712550163269,
  "rolling_num_at_max": 0,
  "rolling_num_at_min": 0,
  "rolling_p95_disp": 1.1589175462722778,
  "rolling_param_max": 1.6330071687698364,
  "rolling_param_mean_abs": 1.3286042213439941,
  "rolling_param_min": -1.0242011547088623,
  "seconds_elapsed": 39.84239983186126,
  "seconds_iter": 0.07595461048185825,
  "seed": 67119,
  "smoothness_tv": 0.09954378008842468,
  "ssim_to_original": 0.9625222682952881,
  "total_geometry_grad_norm": 0.012099402025341988,
  "total_grad_norm": 0.012099402025341988,
  "tps_enabled": 1,
  "tps_grad_norm": 0.002147480845451355,
  "tps_max_disp": 5.152484893798828,
  "tps_mean_disp": 1.6196544170379639,
  "tps_num_at_max": 2,
  "tps_num_at_min": 0,
  "tps_p95_disp": 3.864525079727173,
  "tps_param_max": 4.0960001945495605,
  "tps_param_mean_abs": 0.7137753367424011,
  "tps_param_min": -2.9399185180664062
}
