{
  "Z": 0.05907052755355835,
  "best_Z_so_far": 0.059339940547943115,
  "best_iter_so_far": 4261,
  "case_id": "face_002__add_black_sunglasses",
  "combined_max_disp_px": 6.38377571105957,
  "combined_mean_disp_px": 2.7215490341186523,
  "combined_p95_disp_px": 4.70394229888916,
  "components_at_boundary": "tps",
  "dct_enabled": 1,
  "dct_grad_norm": 0.01666477881371975,
  "dct_max_disp": 6.3747782707214355,
  "dct_mean_disp": 2.919651746749878,
  "dct_num_at_max": 0,
  "dct_num_at_min": 0,
  "dct_p95_disp": 5.74812650680542,
  "dct_param_max": 1.4694913625717163,
  "dct_param_mean_abs": 0.5089308619499207,
  "dct_param_min": -1.8701188564300537,
  "delaunay_enabled": 1,
  "delaunay_grad_norm": 0.0027260794304311275,
  "delaunay_max_disp": 8.640715599060059,
  "delaunay_mean_disp": 2.7644472122192383,
  "delaunay_num_at_max": 0,
  "delaunay_num_at_min": 0,
  "delaunay_p95_disp": 6.703702926635742,
  "delaunay_param_max": 6.102771282196045,
  "delaunay_param_mean_abs": 1.3682572841644287,
  "delaunay_param_min": -6.8762054443359375,
  "face_id": "face_002",
  "fft_phase_enabled": 0,
  "fft_phase_grad_norm": 0.0,
  "fft_phase_max_abs": 0.0,
  "fft_phase_mean_abs": 0.0,
  "fft_phase_norm": 0.0,
  "fft_phase_num_at_max": 0,
  "fft_phase_num_at_min": 0,
  "fft_phase_num_clamped": 0,
  "fft_spatial_delta_mse": 0.0,
  "foldover_fraction": 0.0,
  "fraction_clamped_total": 0.030303030303030304,
  "identity_angle_degrees": 19.79176139831543,
  "identity_angle_radians": 0.345431387424469,
  "identity_cosine_distance": 0.05907052755355835,
  "identity_cosine_similarity_raw": 0.9409294724464417,
  "identity_l2_embedding_distance": 0.343716561794281,
  "identity_similarity_score_pct": 94.09294891357422,
  "iter": 4950,
  "jacobian_det_min": 0.4765785336494446,
  "l2_to_original": 0.058897778391838074,
  "learning_rate": 0.05,
  "legacy_fft_strength_equivalent": 0.0,
  "loss": -0.05907052755355835,
  "mse_to_original": 0.003468948183581233,
  "num_at_max_total": 1,
  "num_at_min_total": 3,
  "num_clamped_total": 4,
  "num_total_params": 132,
  "original_embedding_norm": 1.0,
  "peak_vram_gb": 0.4965987205505371,
  "perturbed_embedding_norm": 0.9999999403953552,
  "prompt": "add black sunglasses",
  "psnr_to_original": 24.598021872587793,
  "rolling_enabled": 1,
  "rolling_grad_norm": 0.003221757709980011,
  "rolling_max_disp": 0.9822124242782593,
  "rolling_mean_disp": 0.47068506479263306,
  "rolling_num_at_max": 0,
  "rolling_num_at_min": 0,
  "rolling_p95_disp": 0.8018834590911865,
  "rolling_param_max": 1.3149334192276,
  "rolling_param_mean_abs": 1.3341649770736694,
  "rolling_param_min": -1.3533965349197388,
  "seconds_elapsed": 415.88262709602714,
  "seconds_iter": 0.07164381630718708,
  "seed": 250852,
  "smoothness_tv": 0.05835152417421341,
  "ssim_to_original": 0.9735442399978638,
  "total_geometry_grad_norm": 0.017515012994408607,
  "total_grad_norm": 0.017515012994408607,
  "tps_enabled": 1,
  "tps_grad_norm": 0.0033540374133735895,
  "tps_max_disp": 5.521038055419922,
  "tps_mean_disp": 2.1278910636901855,
  "tps_num_at_max": 1,
  "tps_num_at_min": 3,
  "tps_p95_disp": 4.680446624755859,
  "tps_param_max": 4.0960001945495605,
  "tps_param_mean_abs": 0.8908939957618713,
  "tps_param_min": -4.0960001945495605
}
