{
  "Z": 0.059165894985198975,
  "best_Z_so_far": 0.05923348665237427,
  "best_iter_so_far": 3375,
  "case_id": "face_002__add_black_sunglasses",
  "combined_max_disp_px": 6.330679893493652,
  "combined_mean_disp_px": 2.702446460723877,
  "combined_p95_disp_px": 4.718757629394531,
  "components_at_boundary": "tps",
  "dct_enabled": 1,
  "dct_grad_norm": 0.015477349981665611,
  "dct_max_disp": 6.5696492195129395,
  "dct_mean_disp": 2.9345316886901855,
  "dct_num_at_max": 0,
  "dct_num_at_min": 0,
  "dct_p95_disp": 5.869953632354736,
  "dct_param_max": 1.504734754562378,
  "dct_param_mean_abs": 0.5119674205780029,
  "dct_param_min": -1.9260053634643555,
  "delaunay_enabled": 1,
  "delaunay_grad_norm": 0.0021917729172855616,
  "delaunay_max_disp": 8.689803123474121,
  "delaunay_mean_disp": 2.727548122406006,
  "delaunay_num_at_max": 0,
  "delaunay_num_at_min": 0,
  "delaunay_p95_disp": 6.6741623878479,
  "delaunay_param_max": 5.994217872619629,
  "delaunay_param_mean_abs": 1.3525581359863281,
  "delaunay_param_min": -6.813551902770996,
  "face_id": "face_002",
  "fft_phase_enabled": 0,
  "fft_phase_grad_norm": 0.0,
  "fft_phase_max_abs": 0.0,
  "fft_phase_mean_abs": 0.0,
  "fft_phase_norm": 0.0,
  "fft_phase_num_at_max": 0,
  "fft_phase_num_at_min": 0,
  "fft_phase_num_clamped": 0,
  "fft_spatial_delta_mse": 0.0,
  "foldover_fraction": 0.0,
  "fraction_clamped_total": 0.015151515151515152,
  "identity_angle_degrees": 19.807891845703125,
  "identity_angle_radians": 0.34571292996406555,
  "identity_cosine_distance": 0.059165894985198975,
  "identity_cosine_similarity_raw": 0.940834105014801,
  "identity_l2_embedding_distance": 0.3439941704273224,
  "identity_similarity_score_pct": 94.08341217041016,
  "iter": 3475,
  "jacobian_det_min": 0.4808047115802765,
  "l2_to_original": 0.05870227888226509,
  "learning_rate": 0.05,
  "legacy_fft_strength_equivalent": 0.0,
  "loss": -0.059165894985198975,
  "mse_to_original": 0.0034459575545042753,
  "num_at_max_total": 1,
  "num_at_min_total": 1,
  "num_clamped_total": 2,
  "num_total_params": 132,
  "original_embedding_norm": 1.0,
  "peak_vram_gb": 0.4965987205505371,
  "perturbed_embedding_norm": 0.9999999403953552,
  "prompt": "add black sunglasses",
  "psnr_to_original": 24.6269007626643,
  "rolling_enabled": 1,
  "rolling_grad_norm": 0.0005450149765238166,
  "rolling_max_disp": 0.8917467594146729,
  "rolling_mean_disp": 0.5022827982902527,
  "rolling_num_at_max": 0,
  "rolling_num_at_min": 0,
  "rolling_p95_disp": 0.8404183387756348,
  "rolling_param_max": 1.230873465538025,
  "rolling_param_mean_abs": 1.3172543048858643,
  "rolling_param_min": -1.4036351442337036,
  "seconds_elapsed": 286.6090804040432,
  "seconds_iter": 0.0781764518469572,
  "seed": 250852,
  "smoothness_tv": 0.057992760092020035,
  "ssim_to_original": 0.97371906042099,
  "total_geometry_grad_norm": 0.015831544995307922,
  "total_grad_norm": 0.015831544995307922,
  "tps_enabled": 1,
  "tps_grad_norm": 0.002447145991027355,
  "tps_max_disp": 5.39036226272583,
  "tps_mean_disp": 2.02752947807312,
  "tps_num_at_max": 1,
  "tps_num_at_min": 1,
  "tps_p95_disp": 4.576892852783203,
  "tps_param_max": 4.0960001945495605,
  "tps_param_mean_abs": 0.8449575901031494,
  "tps_param_min": -4.0960001945495605
}
