{
  "Z": 0.06754279136657715,
  "best_Z_so_far": 0.06773942708969116,
  "best_iter_so_far": 2394,
  "case_id": "face_002__add_headphones",
  "combined_max_disp_px": 7.131356716156006,
  "combined_mean_disp_px": 3.0158286094665527,
  "combined_p95_disp_px": 5.849137306213379,
  "components_at_boundary": "tps",
  "dct_enabled": 1,
  "dct_grad_norm": 0.01585625298321247,
  "dct_max_disp": 7.131589889526367,
  "dct_mean_disp": 2.72709059715271,
  "dct_num_at_max": 0,
  "dct_num_at_min": 0,
  "dct_p95_disp": 5.320356369018555,
  "dct_param_max": 1.1167508363723755,
  "dct_param_mean_abs": 0.48452556133270264,
  "dct_param_min": -1.356399416923523,
  "delaunay_enabled": 1,
  "delaunay_grad_norm": 0.00265388167463243,
  "delaunay_max_disp": 8.264690399169922,
  "delaunay_mean_disp": 2.100372791290283,
  "delaunay_num_at_max": 0,
  "delaunay_num_at_min": 0,
  "delaunay_p95_disp": 5.509942531585693,
  "delaunay_param_max": 5.4061360359191895,
  "delaunay_param_mean_abs": 1.13548743724823,
  "delaunay_param_min": -6.505925178527832,
  "face_id": "face_002",
  "fft_phase_enabled": 0,
  "fft_phase_grad_norm": 0.0,
  "fft_phase_max_abs": 0.0,
  "fft_phase_mean_abs": 0.0,
  "fft_phase_norm": 0.0,
  "fft_phase_num_at_max": 0,
  "fft_phase_num_at_min": 0,
  "fft_phase_num_clamped": 0,
  "fft_spatial_delta_mse": 0.0,
  "foldover_fraction": 0.0,
  "fraction_clamped_total": 0.022727272727272728,
  "identity_angle_degrees": 21.178852081298828,
  "identity_angle_radians": 0.3696407079696655,
  "identity_cosine_distance": 0.06754279136657715,
  "identity_cosine_similarity_raw": 0.9324572086334229,
  "identity_l2_embedding_distance": 0.3675399422645569,
  "identity_similarity_score_pct": 93.24571990966797,
  "iter": 2850,
  "jacobian_det_min": 0.3476100265979767,
  "l2_to_original": 0.05924474447965622,
  "learning_rate": 0.05,
  "legacy_fft_strength_equivalent": 0.0,
  "loss": -0.06754279136657715,
  "mse_to_original": 0.0035099396482110023,
  "num_at_max_total": 1,
  "num_at_min_total": 2,
  "num_clamped_total": 3,
  "num_total_params": 132,
  "original_embedding_norm": 1.0,
  "peak_vram_gb": 2.987697124481201,
  "perturbed_embedding_norm": 0.9999999403953552,
  "prompt": "add headphones",
  "psnr_to_original": 24.54700350962743,
  "rolling_enabled": 1,
  "rolling_grad_norm": 0.0034332324285060167,
  "rolling_max_disp": 0.9128485918045044,
  "rolling_mean_disp": 0.5349858999252319,
  "rolling_num_at_max": 0,
  "rolling_num_at_min": 0,
  "rolling_p95_disp": 0.9004420042037964,
  "rolling_param_max": 1.2636008262634277,
  "rolling_param_mean_abs": 1.3752238750457764,
  "rolling_param_min": -1.486846923828125,
  "seconds_elapsed": 258.40527282468975,
  "seconds_iter": 0.07553093507885933,
  "seed": 438717,
  "smoothness_tv": 0.061584532260894775,
  "ssim_to_original": 0.9732593894004822,
  "total_geometry_grad_norm": 0.01672305166721344,
  "total_grad_norm": 0.01672305166721344,
  "tps_enabled": 1,
  "tps_grad_norm": 0.003067498095333576,
  "tps_max_disp": 5.369846820831299,
  "tps_mean_disp": 1.742447853088379,
  "tps_num_at_max": 1,
  "tps_num_at_min": 2,
  "tps_p95_disp": 4.110599994659424,
  "tps_param_max": 4.0960001945495605,
  "tps_param_mean_abs": 0.7435797452926636,
  "tps_param_min": -4.0960001945495605
}
