{
  "Z": 0.06758713722229004,
  "best_Z_so_far": 0.06760507822036743,
  "best_iter_so_far": 1940,
  "case_id": "face_002__add_headphones",
  "combined_max_disp_px": 7.166834354400635,
  "combined_mean_disp_px": 3.0226049423217773,
  "combined_p95_disp_px": 5.8835062980651855,
  "components_at_boundary": "tps",
  "dct_enabled": 1,
  "dct_grad_norm": 0.01041977945715189,
  "dct_max_disp": 6.854922294616699,
  "dct_mean_disp": 2.665792465209961,
  "dct_num_at_max": 0,
  "dct_num_at_min": 0,
  "dct_p95_disp": 5.301863193511963,
  "dct_param_max": 1.0558173656463623,
  "dct_param_mean_abs": 0.48036450147628784,
  "dct_param_min": -1.300406813621521,
  "delaunay_enabled": 1,
  "delaunay_grad_norm": 0.0020383016671985388,
  "delaunay_max_disp": 8.393351554870605,
  "delaunay_mean_disp": 2.0582988262176514,
  "delaunay_num_at_max": 0,
  "delaunay_num_at_min": 0,
  "delaunay_p95_disp": 5.448651313781738,
  "delaunay_param_max": 5.350530624389648,
  "delaunay_param_mean_abs": 1.1222792863845825,
  "delaunay_param_min": -6.58389949798584,
  "face_id": "face_002",
  "fft_phase_enabled": 0,
  "fft_phase_grad_norm": 0.0,
  "fft_phase_max_abs": 0.0,
  "fft_phase_mean_abs": 0.0,
  "fft_phase_norm": 0.0,
  "fft_phase_num_at_max": 0,
  "fft_phase_num_at_min": 0,
  "fft_phase_num_clamped": 0,
  "fft_spatial_delta_mse": 0.0,
  "foldover_fraction": 0.0,
  "fraction_clamped_total": 0.015151515151515152,
  "identity_angle_degrees": 21.18588638305664,
  "identity_angle_radians": 0.36976346373558044,
  "identity_cosine_distance": 0.06758713722229004,
  "identity_cosine_similarity_raw": 0.93241286277771,
  "identity_l2_embedding_distance": 0.3676604628562927,
  "identity_similarity_score_pct": 93.24128723144531,
  "iter": 1950,
  "jacobian_det_min": 0.36405348777770996,
  "l2_to_original": 0.059300895780324936,
  "learning_rate": 0.05,
  "legacy_fft_strength_equivalent": 0.0,
  "loss": -0.06758713722229004,
  "mse_to_original": 0.0035165962763130665,
  "num_at_max_total": 0,
  "num_at_min_total": 2,
  "num_clamped_total": 2,
  "num_total_params": 132,
  "original_embedding_norm": 1.0,
  "peak_vram_gb": 2.987697124481201,
  "perturbed_embedding_norm": 1.0,
  "prompt": "add headphones",
  "psnr_to_original": 24.538774881043683,
  "rolling_enabled": 1,
  "rolling_grad_norm": 0.0006580788758583367,
  "rolling_max_disp": 1.117969274520874,
  "rolling_mean_disp": 0.6413735747337341,
  "rolling_num_at_max": 0,
  "rolling_num_at_min": 0,
  "rolling_p95_disp": 1.1122846603393555,
  "rolling_param_max": 1.2667195796966553,
  "rolling_param_mean_abs": 1.4858835935592651,
  "rolling_param_min": -1.705047607421875,
  "seconds_elapsed": 178.23028887994587,
  "seconds_iter": 0.0682966448366642,
  "seed": 438717,
  "smoothness_tv": 0.061810001730918884,
  "ssim_to_original": 0.9732098579406738,
  "total_geometry_grad_norm": 0.010898212902247906,
  "total_grad_norm": 0.010898212902247906,
  "tps_enabled": 1,
  "tps_grad_norm": 0.002368864370509982,
  "tps_max_disp": 5.0428571701049805,
  "tps_mean_disp": 1.7072038650512695,
  "tps_num_at_max": 0,
  "tps_num_at_min": 2,
  "tps_p95_disp": 4.036872386932373,
  "tps_param_max": 4.0950541496276855,
  "tps_param_mean_abs": 0.7258047461509705,
  "tps_param_min": -4.0960001945495605
}
