{
  "Z": 0.09901607036590576,
  "best_Z_so_far": 0.09909451007843018,
  "best_iter_so_far": 3171,
  "case_id": "face_005__add_headphones",
  "combined_max_disp_px": 11.917383193969727,
  "combined_mean_disp_px": 4.179816246032715,
  "combined_p95_disp_px": 8.850736618041992,
  "components_at_boundary": "tps",
  "dct_enabled": 1,
  "dct_grad_norm": 0.013883777894079685,
  "dct_max_disp": 8.997238159179688,
  "dct_mean_disp": 3.433500289916992,
  "dct_num_at_max": 0,
  "dct_num_at_min": 0,
  "dct_p95_disp": 6.91429328918457,
  "dct_param_max": 1.0986851453781128,
  "dct_param_mean_abs": 0.6270686388015747,
  "dct_param_min": -1.6498534679412842,
  "delaunay_enabled": 1,
  "delaunay_grad_norm": 0.002485891105607152,
  "delaunay_max_disp": 8.480189323425293,
  "delaunay_mean_disp": 1.5149964094161987,
  "delaunay_num_at_max": 0,
  "delaunay_num_at_min": 0,
  "delaunay_p95_disp": 5.23335075378418,
  "delaunay_param_max": 6.8600077629089355,
  "delaunay_param_mean_abs": 0.7603617906570435,
  "delaunay_param_min": -1.276106357574463,
  "face_id": "face_005",
  "fft_phase_enabled": 0,
  "fft_phase_grad_norm": 0.0,
  "fft_phase_max_abs": 0.0,
  "fft_phase_mean_abs": 0.0,
  "fft_phase_norm": 0.0,
  "fft_phase_num_at_max": 0,
  "fft_phase_num_at_min": 0,
  "fft_phase_num_clamped": 0,
  "fft_spatial_delta_mse": 0.0,
  "foldover_fraction": 0.0,
  "fraction_clamped_total": 0.045454545454545456,
  "identity_angle_degrees": 25.712297439575195,
  "identity_angle_radians": 0.44876423478126526,
  "identity_cosine_distance": 0.09901607036590576,
  "identity_cosine_similarity_raw": 0.9009839296340942,
  "identity_l2_embedding_distance": 0.4450082778930664,
  "identity_similarity_score_pct": 90.09839630126953,
  "iter": 4025,
  "jacobian_det_min": 0.47593697905540466,
  "l2_to_original": 0.07153907418251038,
  "learning_rate": 0.05,
  "legacy_fft_strength_equivalent": 0.0,
  "loss": -0.09901607036590576,
  "mse_to_original": 0.005117839202284813,
  "num_at_max_total": 2,
  "num_at_min_total": 4,
  "num_clamped_total": 6,
  "num_total_params": 132,
  "original_embedding_norm": 0.9999999403953552,
  "peak_vram_gb": 2.993251323699951,
  "perturbed_embedding_norm": 1.0,
  "prompt": "add headphones",
  "psnr_to_original": 22.9091336336041,
  "rolling_enabled": 1,
  "rolling_grad_norm": 0.002940802602097392,
  "rolling_max_disp": 2.067655324935913,
  "rolling_mean_disp": 1.1943848133087158,
  "rolling_num_at_max": 0,
  "rolling_num_at_min": 0,
  "rolling_p95_disp": 2.021261215209961,
  "rolling_param_max": 2.1277964115142822,
  "rolling_param_mean_abs": 1.2514848709106445,
  "rolling_param_min": 0.37517330050468445,
  "seconds_elapsed": 371.5636973492801,
  "seconds_iter": 0.0704643614590168,
  "seed": 405993,
  "smoothness_tv": 0.08646450191736221,
  "ssim_to_original": 0.9613244533538818,
  "total_geometry_grad_norm": 0.014672903344035149,
  "total_grad_norm": 0.014672903344035149,
  "tps_enabled": 1,
  "tps_grad_norm": 0.0027761198580265045,
  "tps_max_disp": 6.882480144500732,
  "tps_mean_disp": 2.6278202533721924,
  "tps_num_at_max": 2,
  "tps_num_at_min": 4,
  "tps_p95_disp": 5.64846658706665,
  "tps_param_max": 4.0960001945495605,
  "tps_param_mean_abs": 1.116138219833374,
  "tps_param_min": -4.0960001945495605
}
