{
  "Z": 0.06764787435531616,
  "best_Z_so_far": 0.06780946254730225,
  "best_iter_so_far": 4709,
  "case_id": "face_002__add_headphones",
  "combined_max_disp_px": 7.172242641448975,
  "combined_mean_disp_px": 3.035273551940918,
  "combined_p95_disp_px": 5.889430046081543,
  "components_at_boundary": "tps",
  "dct_enabled": 1,
  "dct_grad_norm": 0.017681701108813286,
  "dct_max_disp": 7.36760950088501,
  "dct_mean_disp": 2.786271572113037,
  "dct_num_at_max": 0,
  "dct_num_at_min": 0,
  "dct_p95_disp": 5.448353290557861,
  "dct_param_max": 1.195481777191162,
  "dct_param_mean_abs": 0.48610541224479675,
  "dct_param_min": -1.4806684255599976,
  "delaunay_enabled": 1,
  "delaunay_grad_norm": 0.0038000575732439756,
  "delaunay_max_disp": 7.986582279205322,
  "delaunay_mean_disp": 2.125481605529785,
  "delaunay_num_at_max": 0,
  "delaunay_num_at_min": 0,
  "delaunay_p95_disp": 5.460022926330566,
  "delaunay_param_max": 5.497617244720459,
  "delaunay_param_mean_abs": 1.1635913848876953,
  "delaunay_param_min": -6.3351969718933105,
  "face_id": "face_002",
  "fft_phase_enabled": 0,
  "fft_phase_grad_norm": 0.0,
  "fft_phase_max_abs": 0.0,
  "fft_phase_mean_abs": 0.0,
  "fft_phase_norm": 0.0,
  "fft_phase_num_at_max": 0,
  "fft_phase_num_at_min": 0,
  "fft_phase_num_clamped": 0,
  "fft_spatial_delta_mse": 0.0,
  "foldover_fraction": 0.0,
  "fraction_clamped_total": 0.015151515151515152,
  "identity_angle_degrees": 21.195512771606445,
  "identity_angle_radians": 0.36993148922920227,
  "identity_cosine_distance": 0.06764787435531616,
  "identity_cosine_similarity_raw": 0.9323521256446838,
  "identity_l2_embedding_distance": 0.36782559752464294,
  "identity_similarity_score_pct": 93.23521423339844,
  "iter": 4775,
  "jacobian_det_min": 0.33623015880584717,
  "l2_to_original": 0.05936950817704201,
  "learning_rate": 0.05,
  "legacy_fft_strength_equivalent": 0.0,
  "loss": -0.06764787435531616,
  "mse_to_original": 0.0035247383639216423,
  "num_at_max_total": 1,
  "num_at_min_total": 1,
  "num_clamped_total": 2,
  "num_total_params": 132,
  "original_embedding_norm": 1.0,
  "peak_vram_gb": 2.987697124481201,
  "perturbed_embedding_norm": 1.0,
  "prompt": "add headphones",
  "psnr_to_original": 24.528731145086617,
  "rolling_enabled": 1,
  "rolling_grad_norm": 0.005557126831263304,
  "rolling_max_disp": 1.062364935874939,
  "rolling_mean_disp": 0.46773067116737366,
  "rolling_num_at_max": 0,
  "rolling_num_at_min": 0,
  "rolling_p95_disp": 0.879082977771759,
  "rolling_param_max": 1.4011236429214478,
  "rolling_param_mean_abs": 1.3804442882537842,
  "rolling_param_min": -1.3597649335861206,
  "seconds_elapsed": 425.9803021606058,
  "seconds_iter": 0.07174158468842506,
  "seed": 438717,
  "smoothness_tv": 0.06189236044883728,
  "ssim_to_original": 0.9731478095054626,
  "total_geometry_grad_norm": 0.019338838756084442,
  "total_grad_norm": 0.019338838756084442,
  "tps_enabled": 1,
  "tps_grad_norm": 0.004003253299742937,
  "tps_max_disp": 5.687716007232666,
  "tps_mean_disp": 1.7929999828338623,
  "tps_num_at_max": 1,
  "tps_num_at_min": 1,
  "tps_p95_disp": 4.29697322845459,
  "tps_param_max": 4.0960001945495605,
  "tps_param_mean_abs": 0.7920840978622437,
  "tps_param_min": -4.0960001945495605
}
