{
  "Z": 0.06316977739334106,
  "best_Z_so_far": 0.0632028579711914,
  "best_iter_so_far": 1280,
  "case_id": "face_002__add_headphones",
  "combined_max_disp_px": 7.151136875152588,
  "combined_mean_disp_px": 2.9385476112365723,
  "combined_p95_disp_px": 5.713320255279541,
  "components_at_boundary": "",
  "dct_enabled": 1,
  "dct_grad_norm": 0.017626915127038956,
  "dct_max_disp": 6.285051345825195,
  "dct_mean_disp": 2.577396869659424,
  "dct_num_at_max": 0,
  "dct_num_at_min": 0,
  "dct_p95_disp": 5.103839874267578,
  "dct_param_max": 1.0354602336883545,
  "dct_param_mean_abs": 0.4797484278678894,
  "dct_param_min": -0.9001864790916443,
  "delaunay_enabled": 1,
  "delaunay_grad_norm": 0.002790559083223343,
  "delaunay_max_disp": 7.989387035369873,
  "delaunay_mean_disp": 1.7608473300933838,
  "delaunay_num_at_max": 0,
  "delaunay_num_at_min": 0,
  "delaunay_p95_disp": 5.372773170471191,
  "delaunay_param_max": 5.139743804931641,
  "delaunay_param_mean_abs": 0.8743873238563538,
  "delaunay_param_min": -7.652821063995361,
  "face_id": "face_002",
  "fft_phase_enabled": 0,
  "fft_phase_grad_norm": 0.0,
  "fft_phase_max_abs": 0.0,
  "fft_phase_mean_abs": 0.0,
  "fft_phase_norm": 0.0,
  "fft_phase_num_at_max": 0,
  "fft_phase_num_at_min": 0,
  "fft_phase_num_clamped": 0,
  "fft_spatial_delta_mse": 0.0,
  "foldover_fraction": 0.0,
  "fraction_clamped_total": 0.0,
  "identity_angle_degrees": 20.47412872314453,
  "identity_angle_radians": 0.3573409616947174,
  "identity_cosine_distance": 0.06316977739334106,
  "identity_cosine_similarity_raw": 0.9368302226066589,
  "identity_l2_embedding_distance": 0.3554428815841675,
  "identity_similarity_score_pct": 93.68302154541016,
  "iter": 1300,
  "jacobian_det_min": 0.4141131639480591,
  "l2_to_original": 0.05922321602702141,
  "learning_rate": 0.05,
  "legacy_fft_strength_equivalent": 0.0,
  "loss": -0.06316977739334106,
  "mse_to_original": 0.003507389221340418,
  "num_at_max_total": 0,
  "num_at_min_total": 0,
  "num_clamped_total": 0,
  "num_total_params": 132,
  "original_embedding_norm": 1.0,
  "peak_vram_gb": 2.987697124481201,
  "perturbed_embedding_norm": 1.0,
  "prompt": "add headphones",
  "psnr_to_original": 24.550160369982002,
  "rolling_enabled": 1,
  "rolling_grad_norm": 0.008321872912347317,
  "rolling_max_disp": 1.1329765319824219,
  "rolling_mean_disp": 0.6464713215827942,
  "rolling_num_at_max": 0,
  "rolling_num_at_min": 0,
  "rolling_p95_disp": 1.1276403665542603,
  "rolling_param_max": 1.2372803688049316,
  "rolling_param_mean_abs": 1.464470386505127,
  "rolling_param_min": -1.6916605234146118,
  "seconds_elapsed": 118.83424403332174,
  "seconds_iter": 0.07296356000006199,
  "seed": 438717,
  "smoothness_tv": 0.058877721428871155,
  "ssim_to_original": 0.9732746481895447,
  "total_geometry_grad_norm": 0.02003355324268341,
  "total_grad_norm": 0.02003355324268341,
  "tps_enabled": 1,
  "tps_grad_norm": 0.003687037853524089,
  "tps_max_disp": 5.472377300262451,
  "tps_mean_disp": 1.4332740306854248,
  "tps_num_at_max": 0,
  "tps_num_at_min": 0,
  "tps_p95_disp": 3.756054639816284,
  "tps_param_max": 3.0817344188690186,
  "tps_param_mean_abs": 0.6090184450149536,
  "tps_param_min": -4.020507335662842
}
