{
  "Z": 0.06767678260803223,
  "best_Z_so_far": 0.06773942708969116,
  "best_iter_so_far": 2394,
  "case_id": "face_002__add_headphones",
  "combined_max_disp_px": 7.129969596862793,
  "combined_mean_disp_px": 3.0263466835021973,
  "combined_p95_disp_px": 5.851983070373535,
  "components_at_boundary": "tps",
  "dct_enabled": 1,
  "dct_grad_norm": 0.011782880872488022,
  "dct_max_disp": 7.0814409255981445,
  "dct_mean_disp": 2.717632293701172,
  "dct_num_at_max": 0,
  "dct_num_at_min": 0,
  "dct_p95_disp": 5.277638912200928,
  "dct_param_max": 1.1206932067871094,
  "dct_param_mean_abs": 0.48339712619781494,
  "dct_param_min": -1.352637767791748,
  "delaunay_enabled": 1,
  "delaunay_grad_norm": 0.0020603023003786802,
  "delaunay_max_disp": 8.296845436096191,
  "delaunay_mean_disp": 2.0959062576293945,
  "delaunay_num_at_max": 0,
  "delaunay_num_at_min": 0,
  "delaunay_p95_disp": 5.4943461418151855,
  "delaunay_param_max": 5.4079203605651855,
  "delaunay_param_mean_abs": 1.1322174072265625,
  "delaunay_param_min": -6.519356727600098,
  "face_id": "face_002",
  "fft_phase_enabled": 0,
  "fft_phase_grad_norm": 0.0,
  "fft_phase_max_abs": 0.0,
  "fft_phase_mean_abs": 0.0,
  "fft_phase_norm": 0.0,
  "fft_phase_num_at_max": 0,
  "fft_phase_num_at_min": 0,
  "fft_phase_num_clamped": 0,
  "fft_spatial_delta_mse": 0.0,
  "foldover_fraction": 0.0,
  "fraction_clamped_total": 0.022727272727272728,
  "identity_angle_degrees": 21.200092315673828,
  "identity_angle_radians": 0.37001141905784607,
  "identity_cosine_distance": 0.06767678260803223,
  "identity_cosine_similarity_raw": 0.9323232173919678,
  "identity_l2_embedding_distance": 0.3679044842720032,
  "identity_similarity_score_pct": 93.2323226928711,
  "iter": 2675,
  "jacobian_det_min": 0.3505571186542511,
  "l2_to_original": 0.059267930686473846,
  "learning_rate": 0.05,
  "legacy_fft_strength_equivalent": 0.0,
  "loss": -0.06767678260803223,
  "mse_to_original": 0.0035126875154674053,
  "num_at_max_total": 1,
  "num_at_min_total": 2,
  "num_clamped_total": 3,
  "num_total_params": 132,
  "original_embedding_norm": 1.0,
  "peak_vram_gb": 2.987697124481201,
  "perturbed_embedding_norm": 1.0,
  "prompt": "add headphones",
  "psnr_to_original": 24.543604828138157,
  "rolling_enabled": 1,
  "rolling_grad_norm": 0.002583383582532406,
  "rolling_max_disp": 0.9230209589004517,
  "rolling_mean_disp": 0.5423986911773682,
  "rolling_num_at_max": 0,
  "rolling_num_at_min": 0,
  "rolling_p95_disp": 0.9182307720184326,
  "rolling_param_max": 1.2422382831573486,
  "rolling_param_mean_abs": 1.370530605316162,
  "rolling_param_min": -1.4988230466842651,
  "seconds_elapsed": 242.72281776182353,
  "seconds_iter": 0.07547691091895103,
  "seed": 438717,
  "smoothness_tv": 0.06155521422624588,
  "ssim_to_original": 0.9732389450073242,
  "total_geometry_grad_norm": 0.0124589242041111,
  "total_grad_norm": 0.0124589242041111,
  "tps_enabled": 1,
  "tps_grad_norm": 0.0023387607652693987,
  "tps_max_disp": 5.319618225097656,
  "tps_mean_disp": 1.7461154460906982,
  "tps_num_at_max": 1,
  "tps_num_at_min": 2,
  "tps_p95_disp": 4.107941150665283,
  "tps_param_max": 4.0960001945495605,
  "tps_param_mean_abs": 0.742600679397583,
  "tps_param_min": -4.0960001945495605
}
