{
  "Z": 0.0616719126701355,
  "best_Z_so_far": 0.06180262565612793,
  "best_iter_so_far": 469,
  "case_id": "face_002__add_headphones",
  "combined_max_disp_px": 7.22356653213501,
  "combined_mean_disp_px": 2.9858944416046143,
  "combined_p95_disp_px": 5.704269886016846,
  "components_at_boundary": "",
  "dct_enabled": 1,
  "dct_grad_norm": 0.013742058537900448,
  "dct_max_disp": 6.013136386871338,
  "dct_mean_disp": 2.7221999168395996,
  "dct_num_at_max": 0,
  "dct_num_at_min": 0,
  "dct_p95_disp": 5.075247287750244,
  "dct_param_max": 0.9321284294128418,
  "dct_param_mean_abs": 0.4953821897506714,
  "dct_param_min": -1.323738932609558,
  "delaunay_enabled": 1,
  "delaunay_grad_norm": 0.0021754023618996143,
  "delaunay_max_disp": 6.63985538482666,
  "delaunay_mean_disp": 1.2392189502716064,
  "delaunay_num_at_max": 0,
  "delaunay_num_at_min": 0,
  "delaunay_p95_disp": 4.23788595199585,
  "delaunay_param_max": 4.817413330078125,
  "delaunay_param_mean_abs": 0.6620191931724548,
  "delaunay_param_min": -5.719064712524414,
  "face_id": "face_002",
  "fft_phase_enabled": 0,
  "fft_phase_grad_norm": 0.0,
  "fft_phase_max_abs": 0.0,
  "fft_phase_mean_abs": 0.0,
  "fft_phase_norm": 0.0,
  "fft_phase_num_at_max": 0,
  "fft_phase_num_at_min": 0,
  "fft_phase_num_clamped": 0,
  "fft_spatial_delta_mse": 0.0,
  "foldover_fraction": 0.0,
  "fraction_clamped_total": 0.0,
  "identity_angle_degrees": 20.22735023498535,
  "identity_angle_radians": 0.3530338704586029,
  "identity_cosine_distance": 0.0616719126701355,
  "identity_cosine_similarity_raw": 0.9383280873298645,
  "identity_l2_embedding_distance": 0.3512033224105835,
  "identity_similarity_score_pct": 93.83280944824219,
  "iter": 500,
  "jacobian_det_min": 0.4651097357273102,
  "l2_to_original": 0.06004277616739273,
  "learning_rate": 0.05,
  "legacy_fft_strength_equivalent": 0.0,
  "loss": -0.0616719126701355,
  "mse_to_original": 0.0036051347851753235,
  "num_at_max_total": 0,
  "num_at_min_total": 0,
  "num_clamped_total": 0,
  "num_total_params": 132,
  "original_embedding_norm": 1.0,
  "peak_vram_gb": 2.987697124481201,
  "perturbed_embedding_norm": 1.0,
  "prompt": "add headphones",
  "psnr_to_original": 24.430784936730902,
  "rolling_enabled": 1,
  "rolling_grad_norm": 0.0010943397646769881,
  "rolling_max_disp": 0.679040789604187,
  "rolling_mean_disp": 0.35106319189071655,
  "rolling_num_at_max": 0,
  "rolling_num_at_min": 0,
  "rolling_p95_disp": 0.5768835544586182,
  "rolling_param_max": 0.9282297492027283,
  "rolling_param_mean_abs": 0.960959255695343,
  "rolling_param_min": -0.9936887621879578,
  "seconds_elapsed": 44.05138294585049,
  "seconds_iter": 0.06853214092552662,
  "seed": 438717,
  "smoothness_tv": 0.0583636537194252,
  "ssim_to_original": 0.9725285172462463,
  "total_geometry_grad_norm": 0.014200281351804733,
  "total_grad_norm": 0.014200281351804733,
  "tps_enabled": 1,
  "tps_grad_norm": 0.002621806226670742,
  "tps_max_disp": 2.8490965366363525,
  "tps_mean_disp": 0.8861150741577148,
  "tps_num_at_max": 0,
  "tps_num_at_min": 0,
  "tps_p95_disp": 2.1318447589874268,
  "tps_param_max": 2.130530595779419,
  "tps_param_mean_abs": 0.4341455101966858,
  "tps_param_min": -2.16589093208313
}
