{
  "Z": 0.06757503747940063,
  "best_Z_so_far": 0.06776446104049683,
  "best_iter_so_far": 3179,
  "case_id": "face_002__add_headphones",
  "combined_max_disp_px": 7.170735836029053,
  "combined_mean_disp_px": 3.0170700550079346,
  "combined_p95_disp_px": 5.860185146331787,
  "components_at_boundary": "tps",
  "dct_enabled": 1,
  "dct_grad_norm": 0.018055910244584084,
  "dct_max_disp": 7.1623640060424805,
  "dct_mean_disp": 2.7443714141845703,
  "dct_num_at_max": 0,
  "dct_num_at_min": 0,
  "dct_p95_disp": 5.34036111831665,
  "dct_param_max": 1.132791519165039,
  "dct_param_mean_abs": 0.4835715889930725,
  "dct_param_min": -1.380379557609558,
  "delaunay_enabled": 1,
  "delaunay_grad_norm": 0.0024646061938256025,
  "delaunay_max_disp": 8.144829750061035,
  "delaunay_mean_disp": 2.1081180572509766,
  "delaunay_num_at_max": 0,
  "delaunay_num_at_min": 0,
  "delaunay_p95_disp": 5.541158676147461,
  "delaunay_param_max": 5.409294128417969,
  "delaunay_param_mean_abs": 1.138149380683899,
  "delaunay_param_min": -6.4515700340271,
  "face_id": "face_002",
  "fft_phase_enabled": 0,
  "fft_phase_grad_norm": 0.0,
  "fft_phase_max_abs": 0.0,
  "fft_phase_mean_abs": 0.0,
  "fft_phase_norm": 0.0,
  "fft_phase_num_at_max": 0,
  "fft_phase_num_at_min": 0,
  "fft_phase_num_clamped": 0,
  "fft_spatial_delta_mse": 0.0,
  "foldover_fraction": 0.0,
  "fraction_clamped_total": 0.022727272727272728,
  "identity_angle_degrees": 21.18396759033203,
  "identity_angle_radians": 0.3697299659252167,
  "identity_cosine_distance": 0.06757503747940063,
  "identity_cosine_similarity_raw": 0.9324249625205994,
  "identity_l2_embedding_distance": 0.36762768030166626,
  "identity_similarity_score_pct": 93.24249267578125,
  "iter": 3575,
  "jacobian_det_min": 0.34660667181015015,
  "l2_to_original": 0.05923471227288246,
  "learning_rate": 0.05,
  "legacy_fft_strength_equivalent": 0.0,
  "loss": -0.06757503747940063,
  "mse_to_original": 0.003508751280605793,
  "num_at_max_total": 1,
  "num_at_min_total": 2,
  "num_clamped_total": 3,
  "num_total_params": 132,
  "original_embedding_norm": 1.0,
  "peak_vram_gb": 2.987697124481201,
  "perturbed_embedding_norm": 1.0,
  "prompt": "add headphones",
  "psnr_to_original": 24.548474158509343,
  "rolling_enabled": 1,
  "rolling_grad_norm": 0.002643746789544821,
  "rolling_max_disp": 0.9597371816635132,
  "rolling_mean_disp": 0.5188090205192566,
  "rolling_num_at_max": 0,
  "rolling_num_at_min": 0,
  "rolling_p95_disp": 0.8613879084587097,
  "rolling_param_max": 1.3106225728988647,
  "rolling_param_mean_abs": 1.385512351989746,
  "rolling_param_min": -1.4604021310806274,
  "seconds_elapsed": 320.85829103179276,
  "seconds_iter": 0.053347984328866005,
  "seed": 438717,
  "smoothness_tv": 0.06159130856394768,
  "ssim_to_original": 0.9732679128646851,
  "total_geometry_grad_norm": 0.018635034561157227,
  "total_grad_norm": 0.018635034561157227,
  "tps_enabled": 1,
  "tps_grad_norm": 0.002860924694687128,
  "tps_max_disp": 5.5204758644104,
  "tps_mean_disp": 1.7580289840698242,
  "tps_num_at_max": 1,
  "tps_num_at_min": 2,
  "tps_p95_disp": 4.151917934417725,
  "tps_param_max": 4.0960001945495605,
  "tps_param_mean_abs": 0.7528305053710938,
  "tps_param_min": -4.0960001945495605
}
