{
  "Z": 0.0988764762878418,
  "best_Z_so_far": 0.09906446933746338,
  "best_iter_so_far": 2714,
  "case_id": "face_005__add_headphones",
  "combined_max_disp_px": 11.924362182617188,
  "combined_mean_disp_px": 4.188828945159912,
  "combined_p95_disp_px": 8.889991760253906,
  "components_at_boundary": "tps",
  "dct_enabled": 1,
  "dct_grad_norm": 0.015666304156184196,
  "dct_max_disp": 9.125739097595215,
  "dct_mean_disp": 3.4298384189605713,
  "dct_num_at_max": 0,
  "dct_num_at_min": 0,
  "dct_p95_disp": 6.86901330947876,
  "dct_param_max": 1.104615569114685,
  "dct_param_mean_abs": 0.6260669827461243,
  "dct_param_min": -1.6602509021759033,
  "delaunay_enabled": 1,
  "delaunay_grad_norm": 0.002864393638446927,
  "delaunay_max_disp": 8.323055267333984,
  "delaunay_mean_disp": 1.4878233671188354,
  "delaunay_num_at_max": 0,
  "delaunay_num_at_min": 0,
  "delaunay_p95_disp": 5.168830394744873,
  "delaunay_param_max": 6.824762344360352,
  "delaunay_param_mean_abs": 0.7542785406112671,
  "delaunay_param_min": -1.2821460962295532,
  "face_id": "face_005",
  "fft_phase_enabled": 0,
  "fft_phase_grad_norm": 0.0,
  "fft_phase_max_abs": 0.0,
  "fft_phase_mean_abs": 0.0,
  "fft_phase_norm": 0.0,
  "fft_phase_num_at_max": 0,
  "fft_phase_num_at_min": 0,
  "fft_phase_num_clamped": 0,
  "fft_spatial_delta_mse": 0.0,
  "foldover_fraction": 0.0,
  "fraction_clamped_total": 0.045454545454545456,
  "identity_angle_degrees": 25.69385528564453,
  "identity_angle_radians": 0.44844236969947815,
  "identity_cosine_distance": 0.0988764762878418,
  "identity_cosine_similarity_raw": 0.9011235237121582,
  "identity_l2_embedding_distance": 0.4446943700313568,
  "identity_similarity_score_pct": 90.11235046386719,
  "iter": 2825,
  "jacobian_det_min": 0.48610830307006836,
  "l2_to_original": 0.07161305099725723,
  "learning_rate": 0.05,
  "legacy_fft_strength_equivalent": 0.0,
  "loss": -0.0988764762878418,
  "mse_to_original": 0.005128428805619478,
  "num_at_max_total": 2,
  "num_at_min_total": 4,
  "num_clamped_total": 6,
  "num_total_params": 132,
  "original_embedding_norm": 0.9999999403953552,
  "peak_vram_gb": 2.993251323699951,
  "perturbed_embedding_norm": 1.0,
  "prompt": "add headphones",
  "psnr_to_original": 22.900156691115964,
  "rolling_enabled": 1,
  "rolling_grad_norm": 0.0065288664773106575,
  "rolling_max_disp": 2.011039972305298,
  "rolling_mean_disp": 1.2072755098342896,
  "rolling_num_at_max": 0,
  "rolling_num_at_min": 0,
  "rolling_p95_disp": 1.9792805910110474,
  "rolling_param_max": 2.058370351791382,
  "rolling_param_mean_abs": 1.2595205307006836,
  "rolling_param_min": 0.46067070960998535,
  "seconds_elapsed": 259.121343864128,
  "seconds_iter": 0.0839623436331749,
  "seed": 405993,
  "smoothness_tv": 0.08652777969837189,
  "ssim_to_original": 0.9612444043159485,
  "total_geometry_grad_norm": 0.017517689615488052,
  "total_grad_norm": 0.017517689615488052,
  "tps_enabled": 1,
  "tps_grad_norm": 0.003256614552810788,
  "tps_max_disp": 6.841886043548584,
  "tps_mean_disp": 2.5993847846984863,
  "tps_num_at_max": 2,
  "tps_num_at_min": 4,
  "tps_p95_disp": 5.625329971313477,
  "tps_param_max": 4.0960001945495605,
  "tps_param_mean_abs": 1.1056419610977173,
  "tps_param_min": -4.0960001945495605
}
