{
  "elapsed_seconds": 39.73106626048684,
  "final_Z": 0.08215457201004028,
  "status": "done"
}
