{
  "Z": 0.09894806146621704,
  "best_Z_so_far": 0.09909451007843018,
  "best_iter_so_far": 3171,
  "case_id": "face_005__add_headphones",
  "combined_max_disp_px": 11.926924705505371,
  "combined_mean_disp_px": 4.183843612670898,
  "combined_p95_disp_px": 8.863320350646973,
  "components_at_boundary": "tps",
  "dct_enabled": 1,
  "dct_grad_norm": 0.014583801850676537,
  "dct_max_disp": 8.988088607788086,
  "dct_mean_disp": 3.425307273864746,
  "dct_num_at_max": 0,
  "dct_num_at_min": 0,
  "dct_p95_disp": 6.907584190368652,
  "dct_param_max": 1.0882594585418701,
  "dct_param_mean_abs": 0.6270379424095154,
  "dct_param_min": -1.6597936153411865,
  "delaunay_enabled": 1,
  "delaunay_grad_norm": 0.0026062168180942535,
  "delaunay_max_disp": 8.399478912353516,
  "delaunay_mean_disp": 1.4965652227401733,
  "delaunay_num_at_max": 0,
  "delaunay_num_at_min": 0,
  "delaunay_p95_disp": 5.215246677398682,
  "delaunay_param_max": 6.831252098083496,
  "delaunay_param_mean_abs": 0.7535017132759094,
  "delaunay_param_min": -1.2057644128799438,
  "face_id": "face_005",
  "fft_phase_enabled": 0,
  "fft_phase_grad_norm": 0.0,
  "fft_phase_max_abs": 0.0,
  "fft_phase_mean_abs": 0.0,
  "fft_phase_norm": 0.0,
  "fft_phase_num_at_max": 0,
  "fft_phase_num_at_min": 0,
  "fft_phase_num_clamped": 0,
  "fft_spatial_delta_mse": 0.0,
  "foldover_fraction": 0.0,
  "fraction_clamped_total": 0.045454545454545456,
  "identity_angle_degrees": 25.70331573486328,
  "identity_angle_radians": 0.448607474565506,
  "identity_cosine_distance": 0.09894806146621704,
  "identity_cosine_similarity_raw": 0.901051938533783,
  "identity_l2_embedding_distance": 0.4448552131652832,
  "identity_similarity_score_pct": 90.10519409179688,
  "iter": 3350,
  "jacobian_det_min": 0.4747316837310791,
  "l2_to_original": 0.0714942142367363,
  "learning_rate": 0.05,
  "legacy_fft_strength_equivalent": 0.0,
  "loss": -0.09894806146621704,
  "mse_to_original": 0.005111422389745712,
  "num_at_max_total": 2,
  "num_at_min_total": 4,
  "num_clamped_total": 6,
  "num_total_params": 132,
  "original_embedding_norm": 0.9999999403953552,
  "peak_vram_gb": 2.993251323699951,
  "perturbed_embedding_norm": 1.0,
  "prompt": "add headphones",
  "psnr_to_original": 22.914582290122667,
  "rolling_enabled": 1,
  "rolling_grad_norm": 0.0002838476502802223,
  "rolling_max_disp": 2.0490872859954834,
  "rolling_mean_disp": 1.2121164798736572,
  "rolling_num_at_max": 0,
  "rolling_num_at_min": 0,
  "rolling_p95_disp": 2.011451244354248,
  "rolling_param_max": 2.0934560298919678,
  "rolling_param_mean_abs": 1.2596657276153564,
  "rolling_param_min": 0.42587536573410034,
  "seconds_elapsed": 308.553336545825,
  "seconds_iter": 0.07578971795737743,
  "seed": 405993,
  "smoothness_tv": 0.08652035892009735,
  "ssim_to_original": 0.9613723754882812,
  "total_geometry_grad_norm": 0.015149757266044617,
  "total_grad_norm": 0.015149757266044617,
  "tps_enabled": 1,
  "tps_grad_norm": 0.0031551432330161333,
  "tps_max_disp": 6.877371311187744,
  "tps_mean_disp": 2.6283364295959473,
  "tps_num_at_max": 2,
  "tps_num_at_min": 4,
  "tps_p95_disp": 5.646416664123535,
  "tps_param_max": 4.0960001945495605,
  "tps_param_mean_abs": 1.1188786029815674,
  "tps_param_min": -4.0960001945495605
}
