{
  "Z": 0.06131100654602051,
  "best_Z_so_far": 0.06139051914215088,
  "best_iter_so_far": 321,
  "case_id": "face_002__add_headphones",
  "combined_max_disp_px": 7.2912397384643555,
  "combined_mean_disp_px": 2.9879326820373535,
  "combined_p95_disp_px": 5.678705215454102,
  "components_at_boundary": "",
  "dct_enabled": 1,
  "dct_grad_norm": 0.017812710255384445,
  "dct_max_disp": 6.141576766967773,
  "dct_mean_disp": 2.6863791942596436,
  "dct_num_at_max": 0,
  "dct_num_at_min": 0,
  "dct_p95_disp": 4.980469703674316,
  "dct_param_max": 0.8839934468269348,
  "dct_param_mean_abs": 0.4865276515483856,
  "dct_param_min": -1.2780948877334595,
  "delaunay_enabled": 1,
  "delaunay_grad_norm": 0.0027898475527763367,
  "delaunay_max_disp": 6.43182897567749,
  "delaunay_mean_disp": 1.065666675567627,
  "delaunay_num_at_max": 0,
  "delaunay_num_at_min": 0,
  "delaunay_p95_disp": 3.6368789672851562,
  "delaunay_param_max": 4.764006614685059,
  "delaunay_param_mean_abs": 0.6052285432815552,
  "delaunay_param_min": -4.625506401062012,
  "face_id": "face_002",
  "fft_phase_enabled": 0,
  "fft_phase_grad_norm": 0.0,
  "fft_phase_max_abs": 0.0,
  "fft_phase_mean_abs": 0.0,
  "fft_phase_norm": 0.0,
  "fft_phase_num_at_max": 0,
  "fft_phase_num_at_min": 0,
  "fft_phase_num_clamped": 0,
  "fft_spatial_delta_mse": 0.0,
  "foldover_fraction": 0.0,
  "fraction_clamped_total": 0.0,
  "identity_angle_degrees": 20.167457580566406,
  "identity_angle_radians": 0.3519885241985321,
  "identity_cosine_distance": 0.06131100654602051,
  "identity_cosine_similarity_raw": 0.9386889934539795,
  "identity_l2_embedding_distance": 0.3501744866371155,
  "identity_similarity_score_pct": 93.868896484375,
  "iter": 325,
  "jacobian_det_min": 0.4702337980270386,
  "l2_to_original": 0.06014296039938927,
  "learning_rate": 0.05,
  "legacy_fft_strength_equivalent": 0.0,
  "loss": -0.06131100654602051,
  "mse_to_original": 0.0036171756219118834,
  "num_at_max_total": 0,
  "num_at_min_total": 0,
  "num_clamped_total": 0,
  "num_total_params": 132,
  "original_embedding_norm": 1.0,
  "peak_vram_gb": 2.987697124481201,
  "perturbed_embedding_norm": 1.0000001192092896,
  "prompt": "add headphones",
  "psnr_to_original": 24.416304047646108,
  "rolling_enabled": 1,
  "rolling_grad_norm": 0.00085044139996171,
  "rolling_max_disp": 0.6221143007278442,
  "rolling_mean_disp": 0.25317221879959106,
  "rolling_num_at_max": 0,
  "rolling_num_at_min": 0,
  "rolling_p95_disp": 0.5206591486930847,
  "rolling_param_max": 0.8108691573143005,
  "rolling_param_mean_abs": 0.7766717672348022,
  "rolling_param_min": -0.742474377155304,
  "seconds_elapsed": 29.550133360549808,
  "seconds_iter": 0.08064867183566093,
  "seed": 438717,
  "smoothness_tv": 0.05805104970932007,
  "ssim_to_original": 0.9724375009536743,
  "total_geometry_grad_norm": 0.018427923321723938,
  "total_grad_norm": 0.018427923321723938,
  "tps_enabled": 1,
  "tps_grad_norm": 0.003713382873684168,
  "tps_max_disp": 2.413480520248413,
  "tps_mean_disp": 0.8370958566665649,
  "tps_num_at_max": 0,
  "tps_num_at_min": 0,
  "tps_p95_disp": 2.060561418533325,
  "tps_param_max": 2.0734312534332275,
  "tps_param_mean_abs": 0.41848358511924744,
  "tps_param_min": -1.8084734678268433
}
