{
  "Z": 0.0675133466720581,
  "best_Z_so_far": 0.06760507822036743,
  "best_iter_so_far": 1940,
  "case_id": "face_002__add_headphones",
  "combined_max_disp_px": 7.145252227783203,
  "combined_mean_disp_px": 3.0166938304901123,
  "combined_p95_disp_px": 5.861052989959717,
  "components_at_boundary": "tps",
  "dct_enabled": 1,
  "dct_grad_norm": 0.02070506475865841,
  "dct_max_disp": 6.890451908111572,
  "dct_mean_disp": 2.673773765563965,
  "dct_num_at_max": 0,
  "dct_num_at_min": 0,
  "dct_p95_disp": 5.281988143920898,
  "dct_param_max": 1.084488868713379,
  "dct_param_mean_abs": 0.48033422231674194,
  "dct_param_min": -1.304711103439331,
  "delaunay_enabled": 1,
  "delaunay_grad_norm": 0.003198093269020319,
  "delaunay_max_disp": 8.38075065612793,
  "delaunay_mean_disp": 2.0663342475891113,
  "delaunay_num_at_max": 0,
  "delaunay_num_at_min": 0,
  "delaunay_p95_disp": 5.43973970413208,
  "delaunay_param_max": 5.360380172729492,
  "delaunay_param_mean_abs": 1.1240907907485962,
  "delaunay_param_min": -6.565024375915527,
  "face_id": "face_002",
  "fft_phase_enabled": 0,
  "fft_phase_grad_norm": 0.0,
  "fft_phase_max_abs": 0.0,
  "fft_phase_mean_abs": 0.0,
  "fft_phase_norm": 0.0,
  "fft_phase_num_at_max": 0,
  "fft_phase_num_at_min": 0,
  "fft_phase_num_clamped": 0,
  "fft_spatial_delta_mse": 0.0,
  "foldover_fraction": 0.0,
  "fraction_clamped_total": 0.022727272727272728,
  "identity_angle_degrees": 21.174182891845703,
  "identity_angle_radians": 0.3695591986179352,
  "identity_cosine_distance": 0.0675133466720581,
  "identity_cosine_similarity_raw": 0.9324866533279419,
  "identity_l2_embedding_distance": 0.36745989322662354,
  "identity_similarity_score_pct": 93.24866485595703,
  "iter": 2025,
  "jacobian_det_min": 0.3618945777416229,
  "l2_to_original": 0.05930431932210922,
  "learning_rate": 0.05,
  "legacy_fft_strength_equivalent": 0.0,
  "loss": -0.0675133466720581,
  "mse_to_original": 0.003517002332955599,
  "num_at_max_total": 1,
  "num_at_min_total": 2,
  "num_clamped_total": 3,
  "num_total_params": 132,
  "original_embedding_norm": 1.0,
  "peak_vram_gb": 2.987697124481201,
  "perturbed_embedding_norm": 1.0,
  "prompt": "add headphones",
  "psnr_to_original": 24.538273435996317,
  "rolling_enabled": 1,
  "rolling_grad_norm": 0.0044502923265099525,
  "rolling_max_disp": 1.0877084732055664,
  "rolling_mean_disp": 0.6257619857788086,
  "rolling_num_at_max": 0,
  "rolling_num_at_min": 0,
  "rolling_p95_disp": 1.082418441772461,
  "rolling_param_max": 1.2698854207992554,
  "rolling_param_mean_abs": 1.4681388139724731,
  "rolling_param_min": -1.666392207145691,
  "seconds_elapsed": 185.36473737470806,
  "seconds_iter": 0.09408152289688587,
  "seed": 438717,
  "smoothness_tv": 0.06154012680053711,
  "ssim_to_original": 0.9732064008712769,
  "total_geometry_grad_norm": 0.021783094853162766,
  "total_grad_norm": 0.021783094853162766,
  "tps_enabled": 1,
  "tps_grad_norm": 0.0039712172001600266,
  "tps_max_disp": 5.072053909301758,
  "tps_mean_disp": 1.7174838781356812,
  "tps_num_at_max": 1,
  "tps_num_at_min": 2,
  "tps_p95_disp": 4.0424981117248535,
  "tps_param_max": 4.0960001945495605,
  "tps_param_mean_abs": 0.7301521301269531,
  "tps_param_min": -4.0960001945495605
}
