{
  "Z": 0.09825152158737183,
  "best_Z_so_far": 0.0984189510345459,
  "best_iter_so_far": 1312,
  "case_id": "face_005__add_headphones",
  "combined_max_disp_px": 11.769536018371582,
  "combined_mean_disp_px": 4.182416915893555,
  "combined_p95_disp_px": 9.005080223083496,
  "components_at_boundary": "tps",
  "dct_enabled": 1,
  "dct_grad_norm": 0.014516581781208515,
  "dct_max_disp": 9.637934684753418,
  "dct_mean_disp": 3.395247459411621,
  "dct_num_at_max": 0,
  "dct_num_at_min": 0,
  "dct_p95_disp": 6.8631415367126465,
  "dct_param_max": 1.1031466722488403,
  "dct_param_mean_abs": 0.6245407462120056,
  "dct_param_min": -1.5465394258499146,
  "delaunay_enabled": 1,
  "delaunay_grad_norm": 0.002774160588160157,
  "delaunay_max_disp": 8.259635925292969,
  "delaunay_mean_disp": 1.3615087270736694,
  "delaunay_num_at_max": 0,
  "delaunay_num_at_min": 0,
  "delaunay_p95_disp": 4.667261123657227,
  "delaunay_param_max": 7.06390905380249,
  "delaunay_param_mean_abs": 0.7401606440544128,
  "delaunay_param_min": -1.5578595399856567,
  "face_id": "face_005",
  "fft_phase_enabled": 0,
  "fft_phase_grad_norm": 0.0,
  "fft_phase_max_abs": 0.0,
  "fft_phase_mean_abs": 0.0,
  "fft_phase_norm": 0.0,
  "fft_phase_num_at_max": 0,
  "fft_phase_num_at_min": 0,
  "fft_phase_num_clamped": 0,
  "fft_spatial_delta_mse": 0.0,
  "foldover_fraction": 0.0,
  "fraction_clamped_total": 0.015151515151515152,
  "identity_angle_degrees": 25.611141204833984,
  "identity_angle_radians": 0.4469987452030182,
  "identity_cosine_distance": 0.09825152158737183,
  "identity_cosine_similarity_raw": 0.9017484784126282,
  "identity_l2_embedding_distance": 0.44328683614730835,
  "identity_similarity_score_pct": 90.17485046386719,
  "iter": 1350,
  "jacobian_det_min": 0.4802769124507904,
  "l2_to_original": 0.07173478603363037,
  "learning_rate": 0.05,
  "legacy_fft_strength_equivalent": 0.0,
  "loss": -0.09825152158737183,
  "mse_to_original": 0.005145879462361336,
  "num_at_max_total": 1,
  "num_at_min_total": 1,
  "num_clamped_total": 2,
  "num_total_params": 132,
  "original_embedding_norm": 0.9999999403953552,
  "peak_vram_gb": 2.993251323699951,
  "perturbed_embedding_norm": 1.0,
  "prompt": "add headphones",
  "psnr_to_original": 22.885403909675766,
  "rolling_enabled": 1,
  "rolling_grad_norm": 0.0013956645270809531,
  "rolling_max_disp": 1.9335018396377563,
  "rolling_mean_disp": 1.0002505779266357,
  "rolling_num_at_max": 0,
  "rolling_num_at_min": 0,
  "rolling_p95_disp": 1.8624238967895508,
  "rolling_param_max": 2.032364845275879,
  "rolling_param_mean_abs": 1.078234076499939,
  "rolling_param_min": 0.12410333752632141,
  "seconds_elapsed": 126.44944665767252,
  "seconds_iter": 0.06926969438791275,
  "seed": 405993,
  "smoothness_tv": 0.08604156970977783,
  "ssim_to_original": 0.9611299633979797,
  "total_geometry_grad_norm": 0.015185443684458733,
  "total_grad_norm": 0.015185443684458733,
  "tps_enabled": 1,
  "tps_grad_norm": 0.0031973004806786776,
  "tps_max_disp": 6.372368335723877,
  "tps_mean_disp": 2.301614284515381,
  "tps_num_at_max": 1,
  "tps_num_at_min": 1,
  "tps_p95_disp": 5.460507869720459,
  "tps_param_max": 4.0960001945495605,
  "tps_param_mean_abs": 0.9943878054618835,
  "tps_param_min": -4.0960001945495605
}
