{
  "Z": 0.0844498872756958,
  "best_Z_so_far": 0.0844498872756958,
  "best_iter_so_far": 75,
  "case_id": "face_005__add_headphones",
  "combined_max_disp_px": 10.886194229125977,
  "combined_mean_disp_px": 4.036929130554199,
  "combined_p95_disp_px": 8.260558128356934,
  "components_at_boundary": "",
  "dct_enabled": 1,
  "dct_grad_norm": 0.012894808314740658,
  "dct_max_disp": 9.14923095703125,
  "dct_mean_disp": 3.1545584201812744,
  "dct_num_at_max": 0,
  "dct_num_at_min": 0,
  "dct_p95_disp": 6.355006217956543,
  "dct_param_max": 1.1821542978286743,
  "dct_param_mean_abs": 0.5990990996360779,
  "dct_param_min": -1.394684910774231,
  "delaunay_enabled": 1,
  "delaunay_grad_norm": 0.0025880998000502586,
  "delaunay_max_disp": 2.990037441253662,
  "delaunay_mean_disp": 0.6659071445465088,
  "delaunay_num_at_max": 0,
  "delaunay_num_at_min": 0,
  "delaunay_p95_disp": 1.7066688537597656,
  "delaunay_param_max": 2.2603023052215576,
  "delaunay_param_mean_abs": 0.3822808265686035,
  "delaunay_param_min": -1.8679304122924805,
  "face_id": "face_005",
  "fft_phase_enabled": 0,
  "fft_phase_grad_norm": 0.0,
  "fft_phase_max_abs": 0.0,
  "fft_phase_mean_abs": 0.0,
  "fft_phase_norm": 0.0,
  "fft_phase_num_at_max": 0,
  "fft_phase_num_at_min": 0,
  "fft_phase_num_clamped": 0,
  "fft_spatial_delta_mse": 0.0,
  "foldover_fraction": 0.0,
  "fraction_clamped_total": 0.0,
  "identity_angle_degrees": 23.716028213500977,
  "identity_angle_radians": 0.4139227867126465,
  "identity_cosine_distance": 0.0844498872756958,
  "identity_cosine_similarity_raw": 0.9155501127243042,
  "identity_l2_embedding_distance": 0.4109743535518646,
  "identity_similarity_score_pct": 91.55500793457031,
  "iter": 75,
  "jacobian_det_min": 0.46523573994636536,
  "l2_to_original": 0.0703573003411293,
  "learning_rate": 0.05,
  "legacy_fft_strength_equivalent": 0.0,
  "loss": -0.0844498872756958,
  "mse_to_original": 0.004950149916112423,
  "num_at_max_total": 0,
  "num_at_min_total": 0,
  "num_clamped_total": 0,
  "num_total_params": 132,
  "original_embedding_norm": 0.9999999403953552,
  "peak_vram_gb": 2.993251323699951,
  "perturbed_embedding_norm": 1.0,
  "prompt": "add headphones",
  "psnr_to_original": 23.053816481867415,
  "rolling_enabled": 1,
  "rolling_grad_norm": 0.0008052900666370988,
  "rolling_max_disp": 1.1818658113479614,
  "rolling_mean_disp": 0.5352332592010498,
  "rolling_num_at_max": 0,
  "rolling_num_at_min": 0,
  "rolling_p95_disp": 1.117916226387024,
  "rolling_param_max": 1.2807682752609253,
  "rolling_param_mean_abs": 0.6791609525680542,
  "rolling_param_min": -0.07755359262228012,
  "seconds_elapsed": 7.7375580705702305,
  "seconds_iter": 0.07834700308740139,
  "seed": 405993,
  "smoothness_tv": 0.07913684844970703,
  "ssim_to_original": 0.9625855088233948,
  "total_geometry_grad_norm": 0.013414853252470493,
  "total_grad_norm": 0.013414853252470493,
  "tps_enabled": 1,
  "tps_grad_norm": 0.0025170317385345697,
  "tps_max_disp": 1.9762598276138306,
  "tps_mean_disp": 0.7464125156402588,
  "tps_num_at_max": 0,
  "tps_num_at_min": 0,
  "tps_p95_disp": 1.5854172706604004,
  "tps_param_max": 1.972956657409668,
  "tps_param_mean_abs": 0.29761046171188354,
  "tps_param_min": -1.5127289295196533
}
