{
  "Z": 0.10286426544189453,
  "best_Z_so_far": 0.10295063257217407,
  "best_iter_so_far": 2764,
  "case_id": "face_005__add_black_sunglasses",
  "combined_max_disp_px": 17.928997039794922,
  "combined_mean_disp_px": 4.557231903076172,
  "combined_p95_disp_px": 9.277645111083984,
  "components_at_boundary": "delaunay,tps",
  "dct_enabled": 1,
  "dct_grad_norm": 0.01242877822369337,
  "dct_max_disp": 18.306018829345703,
  "dct_mean_disp": 4.111739158630371,
  "dct_num_at_max": 0,
  "dct_num_at_min": 0,
  "dct_p95_disp": 8.081512451171875,
  "dct_param_max": 1.7447574138641357,
  "dct_param_mean_abs": 0.8039004802703857,
  "dct_param_min": -1.9043424129486084,
  "delaunay_enabled": 1,
  "delaunay_grad_norm": 0.002134458627551794,
  "delaunay_max_disp": 9.759481430053711,
  "delaunay_mean_disp": 1.7009965181350708,
  "delaunay_num_at_max": 1,
  "delaunay_num_at_min": 0,
  "delaunay_p95_disp": 5.59697151184082,
  "delaunay_param_max": 7.679999828338623,
  "delaunay_param_mean_abs": 0.959091067314148,
  "delaunay_param_min": -3.1630661487579346,
  "face_id": "face_005",
  "fft_phase_enabled": 0,
  "fft_phase_grad_norm": 0.0,
  "fft_phase_max_abs": 0.0,
  "fft_phase_mean_abs": 0.0,
  "fft_phase_norm": 0.0,
  "fft_phase_num_at_max": 0,
  "fft_phase_num_at_min": 0,
  "fft_phase_num_clamped": 0,
  "fft_spatial_delta_mse": 0.0,
  "foldover_fraction": 0.0027618408203125,
  "fraction_clamped_total": 0.06060606060606061,
  "identity_angle_degrees": 26.215909957885742,
  "identity_angle_radians": 0.4575539529323578,
  "identity_cosine_distance": 0.10286426544189453,
  "identity_cosine_similarity_raw": 0.8971357345581055,
  "identity_l2_embedding_distance": 0.4535733461380005,
  "identity_similarity_score_pct": 89.71357727050781,
  "iter": 2775,
  "jacobian_det_min": -0.6676842570304871,
  "l2_to_original": 0.07077095657587051,
  "learning_rate": 0.05,
  "legacy_fft_strength_equivalent": 0.0,
  "loss": -0.10286426544189453,
  "mse_to_original": 0.005008528009057045,
  "num_at_max_total": 4,
  "num_at_min_total": 4,
  "num_clamped_total": 8,
  "num_total_params": 132,
  "original_embedding_norm": 0.9999999403953552,
  "peak_vram_gb": 2.991054058074951,
  "perturbed_embedding_norm": 1.0,
  "prompt": "add black sunglasses",
  "psnr_to_original": 23.00289893189757,
  "rolling_enabled": 1,
  "rolling_grad_norm": 0.001029335311613977,
  "rolling_max_disp": 0.6341909766197205,
  "rolling_mean_disp": 0.3869885802268982,
  "rolling_num_at_max": 0,
  "rolling_num_at_min": 0,
  "rolling_p95_disp": 0.6260128617286682,
  "rolling_param_max": 0.6410338282585144,
  "rolling_param_mean_abs": 0.3970699906349182,
  "rolling_param_min": 0.15310613811016083,
  "seconds_elapsed": 257.3845740389079,
  "seconds_iter": 0.08201765455305576,
  "seed": 67119,
  "smoothness_tv": 0.10400141030550003,
  "ssim_to_original": 0.9621076583862305,
  "total_geometry_grad_norm": 0.01297510415315628,
  "total_grad_norm": 0.01297510415315628,
  "tps_enabled": 1,
  "tps_grad_norm": 0.002874605590477586,
  "tps_max_disp": 5.861098766326904,
  "tps_mean_disp": 2.3809330463409424,
  "tps_num_at_max": 3,
  "tps_num_at_min": 4,
  "tps_p95_disp": 5.024537086486816,
  "tps_param_max": 4.0960001945495605,
  "tps_param_mean_abs": 1.0814944505691528,
  "tps_param_min": -4.0960001945495605
}
