{
  "Z": 0.09901416301727295,
  "best_Z_so_far": 0.09909451007843018,
  "best_iter_so_far": 3171,
  "case_id": "face_005__add_headphones",
  "combined_max_disp_px": 11.901118278503418,
  "combined_mean_disp_px": 4.179521560668945,
  "combined_p95_disp_px": 8.855584144592285,
  "components_at_boundary": "tps",
  "dct_enabled": 1,
  "dct_grad_norm": 0.016997192054986954,
  "dct_max_disp": 8.982254981994629,
  "dct_mean_disp": 3.4344048500061035,
  "dct_num_at_max": 0,
  "dct_num_at_min": 0,
  "dct_p95_disp": 6.897187232971191,
  "dct_param_max": 1.1077126264572144,
  "dct_param_mean_abs": 0.6284541487693787,
  "dct_param_min": -1.6480447053909302,
  "delaunay_enabled": 1,
  "delaunay_grad_norm": 0.0030027718748897314,
  "delaunay_max_disp": 8.490117073059082,
  "delaunay_mean_disp": 1.5161855220794678,
  "delaunay_num_at_max": 0,
  "delaunay_num_at_min": 0,
  "delaunay_p95_disp": 5.232609272003174,
  "delaunay_param_max": 6.86394739151001,
  "delaunay_param_mean_abs": 0.7619010806083679,
  "delaunay_param_min": -1.32127046585083,
  "face_id": "face_005",
  "fft_phase_enabled": 0,
  "fft_phase_grad_norm": 0.0,
  "fft_phase_max_abs": 0.0,
  "fft_phase_mean_abs": 0.0,
  "fft_phase_norm": 0.0,
  "fft_phase_num_at_max": 0,
  "fft_phase_num_at_min": 0,
  "fft_phase_num_clamped": 0,
  "fft_spatial_delta_mse": 0.0,
  "foldover_fraction": 0.0,
  "fraction_clamped_total": 0.045454545454545456,
  "identity_angle_degrees": 25.71204376220703,
  "identity_angle_radians": 0.4487598240375519,
  "identity_cosine_distance": 0.09901416301727295,
  "identity_cosine_similarity_raw": 0.900985836982727,
  "identity_l2_embedding_distance": 0.445003867149353,
  "identity_similarity_score_pct": 90.09858703613281,
  "iter": 4400,
  "jacobian_det_min": 0.47187966108322144,
  "l2_to_original": 0.0715663805603981,
  "learning_rate": 0.05,
  "legacy_fft_strength_equivalent": 0.0,
  "loss": -0.09901416301727295,
  "mse_to_original": 0.0051217470318078995,
  "num_at_max_total": 2,
  "num_at_min_total": 4,
  "num_clamped_total": 6,
  "num_total_params": 132,
  "original_embedding_norm": 0.9999999403953552,
  "peak_vram_gb": 2.993251323699951,
  "perturbed_embedding_norm": 1.0,
  "prompt": "add headphones",
  "psnr_to_original": 22.905818755753195,
  "rolling_enabled": 1,
  "rolling_grad_norm": 0.0019491622224450111,
  "rolling_max_disp": 2.082019090652466,
  "rolling_mean_disp": 1.1804680824279785,
  "rolling_num_at_max": 0,
  "rolling_num_at_min": 0,
  "rolling_p95_disp": 2.0287914276123047,
  "rolling_param_max": 2.1563336849212646,
  "rolling_param_mean_abs": 1.2477643489837646,
  "rolling_param_min": 0.33919501304626465,
  "seconds_elapsed": 407.06016095913947,
  "seconds_iter": 0.068754767999053,
  "seed": 405993,
  "smoothness_tv": 0.08651996403932571,
  "ssim_to_original": 0.961293637752533,
  "total_geometry_grad_norm": 0.01771210879087448,
  "total_grad_norm": 0.01771210879087448,
  "tps_enabled": 1,
  "tps_grad_norm": 0.0034638643264770508,
  "tps_max_disp": 6.875106334686279,
  "tps_mean_disp": 2.626683235168457,
  "tps_num_at_max": 2,
  "tps_num_at_min": 4,
  "tps_p95_disp": 5.646252155303955,
  "tps_param_max": 4.0960001945495605,
  "tps_param_mean_abs": 1.1136139631271362,
  "tps_param_min": -4.0960001945495605
}
