{
  "Z": 0.057131052017211914,
  "best_Z_so_far": 0.05724835395812988,
  "best_iter_so_far": 548,
  "case_id": "face_002__add_black_sunglasses",
  "combined_max_disp_px": 7.026208400726318,
  "combined_mean_disp_px": 2.6697938442230225,
  "combined_p95_disp_px": 4.815404891967773,
  "components_at_boundary": "",
  "dct_enabled": 1,
  "dct_grad_norm": 0.018268415704369545,
  "dct_max_disp": 6.448760986328125,
  "dct_mean_disp": 2.810272216796875,
  "dct_num_at_max": 0,
  "dct_num_at_min": 0,
  "dct_p95_disp": 5.716516971588135,
  "dct_param_max": 1.562322974205017,
  "dct_param_mean_abs": 0.5001499652862549,
  "dct_param_min": -1.8366806507110596,
  "delaunay_enabled": 1,
  "delaunay_grad_norm": 0.0030192129779607058,
  "delaunay_max_disp": 6.406041145324707,
  "delaunay_mean_disp": 1.9442827701568604,
  "delaunay_num_at_max": 0,
  "delaunay_num_at_min": 0,
  "delaunay_p95_disp": 4.656219482421875,
  "delaunay_param_max": 4.031558990478516,
  "delaunay_param_mean_abs": 0.9578460454940796,
  "delaunay_param_min": -5.836607456207275,
  "face_id": "face_002",
  "fft_phase_enabled": 0,
  "fft_phase_grad_norm": 0.0,
  "fft_phase_max_abs": 0.0,
  "fft_phase_mean_abs": 0.0,
  "fft_phase_norm": 0.0,
  "fft_phase_num_at_max": 0,
  "fft_phase_num_at_min": 0,
  "fft_phase_num_clamped": 0,
  "fft_spatial_delta_mse": 0.0,
  "foldover_fraction": 0.0,
  "fraction_clamped_total": 0.0,
  "identity_angle_degrees": 19.460920333862305,
  "identity_angle_radians": 0.33965712785720825,
  "identity_cosine_distance": 0.057131052017211914,
  "identity_cosine_similarity_raw": 0.9428689479827881,
  "identity_l2_embedding_distance": 0.3380272388458252,
  "identity_similarity_score_pct": 94.28689575195312,
  "iter": 550,
  "jacobian_det_min": 0.5001642107963562,
  "l2_to_original": 0.05808859318494797,
  "learning_rate": 0.05,
  "legacy_fft_strength_equivalent": 0.0,
  "loss": -0.057131052017211914,
  "mse_to_original": 0.0033742848318070173,
  "num_at_max_total": 0,
  "num_at_min_total": 0,
  "num_clamped_total": 0,
  "num_total_params": 132,
  "original_embedding_norm": 1.0,
  "peak_vram_gb": 0.4965987205505371,
  "perturbed_embedding_norm": 1.0,
  "prompt": "add black sunglasses",
  "psnr_to_original": 24.718182603180374,
  "rolling_enabled": 1,
  "rolling_grad_norm": 0.0009058621362783015,
  "rolling_max_disp": 0.7876372933387756,
  "rolling_mean_disp": 0.19890573620796204,
  "rolling_num_at_max": 0,
  "rolling_num_at_min": 0,
  "rolling_p95_disp": 0.6971880793571472,
  "rolling_param_max": 0.9315720796585083,
  "rolling_param_mean_abs": 0.6921725869178772,
  "rolling_param_min": -0.4527731239795685,
  "seconds_elapsed": 46.78611950390041,
  "seconds_iter": 0.0716956090182066,
  "seed": 250852,
  "smoothness_tv": 0.05270805209875107,
  "ssim_to_original": 0.9742634892463684,
  "total_geometry_grad_norm": 0.018887102603912354,
  "total_grad_norm": 0.018887102603912354,
  "tps_enabled": 1,
  "tps_grad_norm": 0.0036126754712313414,
  "tps_max_disp": 4.110299587249756,
  "tps_mean_disp": 1.2476282119750977,
  "tps_num_at_max": 0,
  "tps_num_at_min": 0,
  "tps_p95_disp": 2.9142377376556396,
  "tps_param_max": 3.9973058700561523,
  "tps_param_mean_abs": 0.5817309617996216,
  "tps_param_min": -2.5774030685424805
}
