{
  "Z": 0.027667224407196045,
  "best_Z_so_far": 0.027667224407196045,
  "best_iter_so_far": 125,
  "case_id": "face_005__add_black_sunglasses",
  "combined_max_disp_px": 8.904878616333008,
  "combined_mean_disp_px": 3.9259843826293945,
  "combined_p95_disp_px": 7.006784915924072,
  "components_at_boundary": "",
  "dct_enabled": 1,
  "dct_grad_norm": 0.004208416678011417,
  "dct_max_disp": 8.771132469177246,
  "dct_mean_disp": 3.2903201580047607,
  "dct_num_at_max": 0,
  "dct_num_at_min": 0,
  "dct_p95_disp": 6.471721649169922,
  "dct_param_max": 1.5773091316223145,
  "dct_param_mean_abs": 0.5835891962051392,
  "dct_param_min": -1.7436796426773071,
  "delaunay_enabled": 1,
  "delaunay_grad_norm": 0.0009360446128994226,
  "delaunay_max_disp": 2.4211909770965576,
  "delaunay_mean_disp": 0.5540510416030884,
  "delaunay_num_at_max": 0,
  "delaunay_num_at_min": 0,
  "delaunay_p95_disp": 1.5202876329421997,
  "delaunay_param_max": 2.40816593170166,
  "delaunay_param_mean_abs": 0.27945131063461304,
  "delaunay_param_min": -1.6159532070159912,
  "face_id": "face_005",
  "fft_phase_enabled": 0,
  "fft_phase_grad_norm": 0.0,
  "fft_phase_max_abs": 0.0,
  "fft_phase_mean_abs": 0.0,
  "fft_phase_norm": 0.0,
  "fft_phase_num_at_max": 0,
  "fft_phase_num_at_min": 0,
  "fft_phase_num_clamped": 0,
  "fft_spatial_delta_mse": 0.0,
  "foldover_fraction": 0.0,
  "fraction_clamped_total": 0.0,
  "identity_angle_degrees": 13.509113311767578,
  "identity_angle_radians": 0.23577851057052612,
  "identity_cosine_distance": 0.027667224407196045,
  "identity_cosine_similarity_raw": 0.972332775592804,
  "identity_l2_embedding_distance": 0.23523291945457458,
  "identity_similarity_score_pct": 97.2332763671875,
  "iter": 125,
  "jacobian_det_min": 0.19854037463665009,
  "l2_to_original": 0.0674639493227005,
  "learning_rate": 0.05,
  "legacy_fft_strength_equivalent": 0.0,
  "loss": -0.027667224407196045,
  "mse_to_original": 0.004551384598016739,
  "num_at_max_total": 0,
  "num_at_min_total": 0,
  "num_clamped_total": 0,
  "num_total_params": 132,
  "original_embedding_norm": 0.9999999403953552,
  "peak_vram_gb": 2.995509624481201,
  "perturbed_embedding_norm": 1.0,
  "prompt": "add black sunglasses",
  "psnr_to_original": 23.418564644850054,
  "rolling_enabled": 1,
  "rolling_grad_norm": 0.00029970143805257976,
  "rolling_max_disp": 0.2530432939529419,
  "rolling_mean_disp": 0.15046966075897217,
  "rolling_num_at_max": 0,
  "rolling_num_at_min": 0,
  "rolling_p95_disp": 0.2521231472492218,
  "rolling_param_max": 0.03740309923887253,
  "rolling_param_mean_abs": 0.1540762335062027,
  "rolling_param_min": -0.27074936032295227,
  "seconds_elapsed": 12.113388389348984,
  "seconds_iter": 0.07629026472568512,
  "seed": 67119,
  "smoothness_tv": 0.0781586691737175,
  "ssim_to_original": 0.9655556082725525,
  "total_geometry_grad_norm": 0.00444486690685153,
  "total_grad_norm": 0.00444486690685153,
  "tps_enabled": 1,
  "tps_grad_norm": 0.0010392647236585617,
  "tps_max_disp": 2.7213926315307617,
  "tps_mean_disp": 0.8965767025947571,
  "tps_num_at_max": 0,
  "tps_num_at_min": 0,
  "tps_p95_disp": 1.9548910856246948,
  "tps_param_max": 2.436708927154541,
  "tps_param_mean_abs": 0.396427720785141,
  "tps_param_min": -2.2897043228149414
}
