{
  "Z": 0.06756693124771118,
  "best_Z_so_far": 0.06776446104049683,
  "best_iter_so_far": 3179,
  "case_id": "face_002__add_headphones",
  "combined_max_disp_px": 7.168000221252441,
  "combined_mean_disp_px": 3.026557445526123,
  "combined_p95_disp_px": 5.872381210327148,
  "components_at_boundary": "tps",
  "dct_enabled": 1,
  "dct_grad_norm": 0.020916126668453217,
  "dct_max_disp": 7.182822227478027,
  "dct_mean_disp": 2.752223014831543,
  "dct_num_at_max": 0,
  "dct_num_at_min": 0,
  "dct_p95_disp": 5.344046115875244,
  "dct_param_max": 1.1374791860580444,
  "dct_param_mean_abs": 0.4853438138961792,
  "dct_param_min": -1.3883531093597412,
  "delaunay_enabled": 1,
  "delaunay_grad_norm": 0.0035684877075254917,
  "delaunay_max_disp": 8.211836814880371,
  "delaunay_mean_disp": 2.1070282459259033,
  "delaunay_num_at_max": 0,
  "delaunay_num_at_min": 0,
  "delaunay_p95_disp": 5.546897888183594,
  "delaunay_param_max": 5.410961151123047,
  "delaunay_param_mean_abs": 1.1374388933181763,
  "delaunay_param_min": -6.494754791259766,
  "face_id": "face_002",
  "fft_phase_enabled": 0,
  "fft_phase_grad_norm": 0.0,
  "fft_phase_max_abs": 0.0,
  "fft_phase_mean_abs": 0.0,
  "fft_phase_norm": 0.0,
  "fft_phase_num_at_max": 0,
  "fft_phase_num_at_min": 0,
  "fft_phase_num_clamped": 0,
  "fft_spatial_delta_mse": 0.0,
  "foldover_fraction": 0.0,
  "fraction_clamped_total": 0.022727272727272728,
  "identity_angle_degrees": 21.182680130004883,
  "identity_angle_radians": 0.36970752477645874,
  "identity_cosine_distance": 0.06756693124771118,
  "identity_cosine_similarity_raw": 0.9324330687522888,
  "identity_l2_embedding_distance": 0.36760565638542175,
  "identity_similarity_score_pct": 93.2433090209961,
  "iter": 3500,
  "jacobian_det_min": 0.34475448727607727,
  "l2_to_original": 0.05924651771783829,
  "learning_rate": 0.05,
  "legacy_fft_strength_equivalent": 0.0,
  "loss": -0.06756693124771118,
  "mse_to_original": 0.003510149894282222,
  "num_at_max_total": 1,
  "num_at_min_total": 2,
  "num_clamped_total": 3,
  "num_total_params": 132,
  "original_embedding_norm": 1.0,
  "peak_vram_gb": 2.987697124481201,
  "perturbed_embedding_norm": 1.0,
  "prompt": "add headphones",
  "psnr_to_original": 24.54674337417461,
  "rolling_enabled": 1,
  "rolling_grad_norm": 0.0056815664283931255,
  "rolling_max_disp": 0.9525281190872192,
  "rolling_mean_disp": 0.52020263671875,
  "rolling_num_at_max": 0,
  "rolling_num_at_min": 0,
  "rolling_p95_disp": 0.8656713366508484,
  "rolling_param_max": 1.3130037784576416,
  "rolling_param_mean_abs": 1.3833885192871094,
  "rolling_param_min": -1.4537731409072876,
  "seconds_elapsed": 314.56213517673314,
  "seconds_iter": 0.05569612421095371,
  "seed": 438717,
  "smoothness_tv": 0.06172722578048706,
  "ssim_to_original": 0.973257839679718,
  "total_geometry_grad_norm": 0.022321298718452454,
  "total_grad_norm": 0.022321298718452454,
  "tps_enabled": 1,
  "tps_grad_norm": 0.003967590630054474,
  "tps_max_disp": 5.501980781555176,
  "tps_mean_disp": 1.7527306079864502,
  "tps_num_at_max": 1,
  "tps_num_at_min": 2,
  "tps_p95_disp": 4.146696090698242,
  "tps_param_max": 4.0960001945495605,
  "tps_param_mean_abs": 0.7519477009773254,
  "tps_param_min": -4.0960001945495605
}
