{
  "Z": 0.030448198318481445,
  "best_Z_so_far": 0.030481338500976562,
  "best_iter_so_far": 224,
  "case_id": "face_005__add_black_sunglasses",
  "combined_max_disp_px": 12.371211051940918,
  "combined_mean_disp_px": 4.269260406494141,
  "combined_p95_disp_px": 7.474534034729004,
  "components_at_boundary": "tps",
  "dct_enabled": 1,
  "dct_grad_norm": 0.005879650358110666,
  "dct_max_disp": 12.537542343139648,
  "dct_mean_disp": 3.7183375358581543,
  "dct_num_at_max": 0,
  "dct_num_at_min": 0,
  "dct_p95_disp": 7.20548677444458,
  "dct_param_max": 1.954451084136963,
  "dct_param_mean_abs": 0.6602723002433777,
  "dct_param_min": -1.8920292854309082,
  "delaunay_enabled": 1,
  "delaunay_grad_norm": 0.0011321662459522486,
  "delaunay_max_disp": 3.8339879512786865,
  "delaunay_mean_disp": 0.8203700184822083,
  "delaunay_num_at_max": 0,
  "delaunay_num_at_min": 0,
  "delaunay_p95_disp": 2.229572057723999,
  "delaunay_param_max": 3.7720515727996826,
  "delaunay_param_mean_abs": 0.4788065552711487,
  "delaunay_param_min": -1.7683862447738647,
  "face_id": "face_005",
  "fft_phase_enabled": 0,
  "fft_phase_grad_norm": 0.0,
  "fft_phase_max_abs": 0.0,
  "fft_phase_mean_abs": 0.0,
  "fft_phase_norm": 0.0,
  "fft_phase_num_at_max": 0,
  "fft_phase_num_at_min": 0,
  "fft_phase_num_clamped": 0,
  "fft_spatial_delta_mse": 0.0,
  "foldover_fraction": 0.000576019287109375,
  "fraction_clamped_total": 0.007575757575757576,
  "identity_angle_degrees": 14.175115585327148,
  "identity_angle_radians": 0.24740242958068848,
  "identity_cosine_distance": 0.030448198318481445,
  "identity_cosine_similarity_raw": 0.9695518016815186,
  "identity_l2_embedding_distance": 0.24677200615406036,
  "identity_similarity_score_pct": 96.9551773071289,
  "iter": 225,
  "jacobian_det_min": -0.15430180728435516,
  "l2_to_original": 0.06950334459543228,
  "learning_rate": 0.05,
  "legacy_fft_strength_equivalent": 0.0,
  "loss": -0.030448198318481445,
  "mse_to_original": 0.004830715246498585,
  "num_at_max_total": 1,
  "num_at_min_total": 0,
  "num_clamped_total": 1,
  "num_total_params": 132,
  "original_embedding_norm": 0.9999999403953552,
  "peak_vram_gb": 2.995509624481201,
  "perturbed_embedding_norm": 0.9999999403953552,
  "prompt": "add black sunglasses",
  "psnr_to_original": 23.159885618757563,
  "rolling_enabled": 1,
  "rolling_grad_norm": 0.001494425581768155,
  "rolling_max_disp": 0.26693853735923767,
  "rolling_mean_disp": 0.0907636359333992,
  "rolling_num_at_max": 0,
  "rolling_num_at_min": 0,
  "rolling_p95_disp": 0.2248607575893402,
  "rolling_param_max": 0.33507299423217773,
  "rolling_param_mean_abs": 0.2999056279659271,
  "rolling_param_min": -0.2647382616996765,
  "seconds_elapsed": 21.596250845119357,
  "seconds_iter": 0.07060598954558372,
  "seed": 67119,
  "smoothness_tv": 0.08485173434019089,
  "ssim_to_original": 0.9634777307510376,
  "total_geometry_grad_norm": 0.006324519403278828,
  "total_grad_norm": 0.006324519403278828,
  "tps_enabled": 1,
  "tps_grad_norm": 0.0013835262507200241,
  "tps_max_disp": 4.3780999183654785,
  "tps_mean_disp": 1.194090485572815,
  "tps_num_at_max": 1,
  "tps_num_at_min": 0,
  "tps_p95_disp": 2.7112512588500977,
  "tps_param_max": 4.0960001945495605,
  "tps_param_mean_abs": 0.5565719604492188,
  "tps_param_min": -3.639537811279297
}
