{
  "Z": 0.059176087379455566,
  "best_Z_so_far": 0.05927330255508423,
  "best_iter_so_far": 3599,
  "case_id": "face_002__add_black_sunglasses",
  "combined_max_disp_px": 6.362664222717285,
  "combined_mean_disp_px": 2.7049474716186523,
  "combined_p95_disp_px": 4.706374168395996,
  "components_at_boundary": "tps",
  "dct_enabled": 1,
  "dct_grad_norm": 0.014059269800782204,
  "dct_max_disp": 6.384082794189453,
  "dct_mean_disp": 2.9205095767974854,
  "dct_num_at_max": 0,
  "dct_num_at_min": 0,
  "dct_p95_disp": 5.761155605316162,
  "dct_param_max": 1.4803682565689087,
  "dct_param_mean_abs": 0.5091485977172852,
  "dct_param_min": -1.9037196636199951,
  "delaunay_enabled": 1,
  "delaunay_grad_norm": 0.0019448734819889069,
  "delaunay_max_disp": 8.66991901397705,
  "delaunay_mean_disp": 2.7482664585113525,
  "delaunay_num_at_max": 0,
  "delaunay_num_at_min": 0,
  "delaunay_p95_disp": 6.680516242980957,
  "delaunay_param_max": 5.970698356628418,
  "delaunay_param_mean_abs": 1.360200047492981,
  "delaunay_param_min": -6.869147300720215,
  "face_id": "face_002",
  "fft_phase_enabled": 0,
  "fft_phase_grad_norm": 0.0,
  "fft_phase_max_abs": 0.0,
  "fft_phase_mean_abs": 0.0,
  "fft_phase_norm": 0.0,
  "fft_phase_num_at_max": 0,
  "fft_phase_num_at_min": 0,
  "fft_phase_num_clamped": 0,
  "fft_spatial_delta_mse": 0.0,
  "foldover_fraction": 0.0,
  "fraction_clamped_total": 0.015151515151515152,
  "identity_angle_degrees": 19.809614181518555,
  "identity_angle_radians": 0.34574300050735474,
  "identity_cosine_distance": 0.059176087379455566,
  "identity_cosine_similarity_raw": 0.9408239126205444,
  "identity_l2_embedding_distance": 0.344023734331131,
  "identity_similarity_score_pct": 94.08238983154297,
  "iter": 3925,
  "jacobian_det_min": 0.46945101022720337,
  "l2_to_original": 0.05873893201351166,
  "learning_rate": 0.05,
  "legacy_fft_strength_equivalent": 0.0,
  "loss": -0.059176087379455566,
  "mse_to_original": 0.003450262127444148,
  "num_at_max_total": 1,
  "num_at_min_total": 1,
  "num_clamped_total": 2,
  "num_total_params": 132,
  "original_embedding_norm": 1.0,
  "peak_vram_gb": 0.4965987205505371,
  "perturbed_embedding_norm": 1.0,
  "prompt": "add black sunglasses",
  "psnr_to_original": 24.621479089330954,
  "rolling_enabled": 1,
  "rolling_grad_norm": 0.0011722141643986106,
  "rolling_max_disp": 0.9311959743499756,
  "rolling_mean_disp": 0.516322910785675,
  "rolling_num_at_max": 0,
  "rolling_num_at_min": 0,
  "rolling_p95_disp": 0.8612067103385925,
  "rolling_param_max": 1.2841025590896606,
  "rolling_param_mean_abs": 1.3646330833435059,
  "rolling_param_min": -1.4451637268066406,
  "seconds_elapsed": 326.25837177969515,
  "seconds_iter": 0.06976178288459778,
  "seed": 250852,
  "smoothness_tv": 0.05813691020011902,
  "ssim_to_original": 0.9736867547035217,
  "total_geometry_grad_norm": 0.014413230121135712,
  "total_grad_norm": 0.014413230121135712,
  "tps_enabled": 1,
  "tps_grad_norm": 0.002218452049419284,
  "tps_max_disp": 5.464896202087402,
  "tps_mean_disp": 2.100337505340576,
  "tps_num_at_max": 1,
  "tps_num_at_min": 1,
  "tps_p95_disp": 4.670356273651123,
  "tps_param_max": 4.0960001945495605,
  "tps_param_mean_abs": 0.877245306968689,
  "tps_param_min": -4.0960001945495605
}
