{
  "Z": 0.10060954093933105,
  "best_Z_so_far": 0.10074257850646973,
  "best_iter_so_far": 1072,
  "case_id": "face_005__add_black_sunglasses",
  "combined_max_disp_px": 12.927214622497559,
  "combined_mean_disp_px": 4.3857550621032715,
  "combined_p95_disp_px": 8.758077621459961,
  "components_at_boundary": "tps",
  "dct_enabled": 1,
  "dct_grad_norm": 0.016491655260324478,
  "dct_max_disp": 13.454693794250488,
  "dct_mean_disp": 3.6453588008880615,
  "dct_num_at_max": 0,
  "dct_num_at_min": 0,
  "dct_p95_disp": 7.295032978057861,
  "dct_param_max": 1.3745912313461304,
  "dct_param_mean_abs": 0.7082986831665039,
  "dct_param_min": -1.727263331413269,
  "delaunay_enabled": 1,
  "delaunay_grad_norm": 0.0029332295525819063,
  "delaunay_max_disp": 7.70196008682251,
  "delaunay_mean_disp": 1.415369987487793,
  "delaunay_num_at_max": 0,
  "delaunay_num_at_min": 0,
  "delaunay_p95_disp": 4.181722164154053,
  "delaunay_param_max": 5.7482686042785645,
  "delaunay_param_mean_abs": 0.7955935597419739,
  "delaunay_param_min": -3.58530592918396,
  "face_id": "face_005",
  "fft_phase_enabled": 0,
  "fft_phase_grad_norm": 0.0,
  "fft_phase_max_abs": 0.0,
  "fft_phase_mean_abs": 0.0,
  "fft_phase_norm": 0.0,
  "fft_phase_num_at_max": 0,
  "fft_phase_num_at_min": 0,
  "fft_phase_num_clamped": 0,
  "fft_spatial_delta_mse": 0.0,
  "foldover_fraction": 0.0006866455078125,
  "fraction_clamped_total": 0.030303030303030304,
  "identity_angle_degrees": 25.921939849853516,
  "identity_angle_radians": 0.45242318511009216,
  "identity_cosine_distance": 0.10060954093933105,
  "identity_cosine_similarity_raw": 0.899390459060669,
  "identity_l2_embedding_distance": 0.44857481122016907,
  "identity_similarity_score_pct": 89.93904876708984,
  "iter": 1075,
  "jacobian_det_min": -0.13755559921264648,
  "l2_to_original": 0.07022134959697723,
  "learning_rate": 0.05,
  "legacy_fft_strength_equivalent": 0.0,
  "loss": -0.10060954093933105,
  "mse_to_original": 0.004931038245558739,
  "num_at_max_total": 3,
  "num_at_min_total": 1,
  "num_clamped_total": 4,
  "num_total_params": 132,
  "original_embedding_norm": 0.9999999403953552,
  "peak_vram_gb": 2.991054058074951,
  "perturbed_embedding_norm": 0.9999999403953552,
  "prompt": "add black sunglasses",
  "psnr_to_original": 23.070616290302688,
  "rolling_enabled": 1,
  "rolling_grad_norm": 0.0027684466913342476,
  "rolling_max_disp": 1.0636931657791138,
  "rolling_mean_disp": 0.2955363094806671,
  "rolling_num_at_max": 0,
  "rolling_num_at_min": 0,
  "rolling_p95_disp": 0.9649341702461243,
  "rolling_param_max": 1.2169872522354126,
  "rolling_param_mean_abs": 0.8236481547355652,
  "rolling_param_min": -0.43030908703804016,
  "seconds_elapsed": 100.02020864933729,
  "seconds_iter": 0.06558536551892757,
  "seed": 67119,
  "smoothness_tv": 0.1004149317741394,
  "ssim_to_original": 0.9626966118812561,
  "total_geometry_grad_norm": 0.017373496666550636,
  "total_grad_norm": 0.017373496666550636,
  "tps_enabled": 1,
  "tps_grad_norm": 0.0036872136406600475,
  "tps_max_disp": 5.867978096008301,
  "tps_mean_disp": 2.0317797660827637,
  "tps_num_at_max": 3,
  "tps_num_at_min": 1,
  "tps_p95_disp": 4.512945652008057,
  "tps_param_max": 4.0960001945495605,
  "tps_param_mean_abs": 0.9392673969268799,
  "tps_param_min": -4.0960001945495605
}
