{
  "Z": 0.0976252555847168,
  "best_Z_so_far": 0.09762805700302124,
  "best_iter_so_far": 273,
  "case_id": "face_005__add_black_sunglasses",
  "combined_max_disp_px": 11.163555145263672,
  "combined_mean_disp_px": 4.241978645324707,
  "combined_p95_disp_px": 8.35081958770752,
  "components_at_boundary": "tps",
  "dct_enabled": 1,
  "dct_grad_norm": 0.014581876806914806,
  "dct_max_disp": 11.763262748718262,
  "dct_mean_disp": 3.452942132949829,
  "dct_num_at_max": 0,
  "dct_num_at_min": 0,
  "dct_p95_disp": 7.260417938232422,
  "dct_param_max": 1.3182915449142456,
  "dct_param_mean_abs": 0.6717799305915833,
  "dct_param_min": -1.6586185693740845,
  "delaunay_enabled": 1,
  "delaunay_grad_norm": 0.0025034486316144466,
  "delaunay_max_disp": 5.067235946655273,
  "delaunay_mean_disp": 0.9056546688079834,
  "delaunay_num_at_max": 0,
  "delaunay_num_at_min": 0,
  "delaunay_p95_disp": 2.4083077907562256,
  "delaunay_param_max": 4.242866516113281,
  "delaunay_param_mean_abs": 0.5210069417953491,
  "delaunay_param_min": -1.8165091276168823,
  "face_id": "face_005",
  "fft_phase_enabled": 0,
  "fft_phase_grad_norm": 0.0,
  "fft_phase_max_abs": 0.0,
  "fft_phase_mean_abs": 0.0,
  "fft_phase_norm": 0.0,
  "fft_phase_num_at_max": 0,
  "fft_phase_num_at_min": 0,
  "fft_phase_num_clamped": 0,
  "fft_spatial_delta_mse": 0.0,
  "foldover_fraction": 0.0,
  "fraction_clamped_total": 0.007575757575757576,
  "identity_angle_degrees": 25.528005599975586,
  "identity_angle_radians": 0.44554775953292847,
  "identity_cosine_distance": 0.0976252555847168,
  "identity_cosine_similarity_raw": 0.9023747444152832,
  "identity_l2_embedding_distance": 0.4418719410896301,
  "identity_similarity_score_pct": 90.23747253417969,
  "iter": 275,
  "jacobian_det_min": 0.07084615528583527,
  "l2_to_original": 0.06954861432313919,
  "learning_rate": 0.05,
  "legacy_fft_strength_equivalent": 0.0,
  "loss": -0.0976252555847168,
  "mse_to_original": 0.004837010055780411,
  "num_at_max_total": 1,
  "num_at_min_total": 0,
  "num_clamped_total": 1,
  "num_total_params": 132,
  "original_embedding_norm": 0.9999999403953552,
  "peak_vram_gb": 2.991054058074951,
  "perturbed_embedding_norm": 0.9999999403953552,
  "prompt": "add black sunglasses",
  "psnr_to_original": 23.15423009745015,
  "rolling_enabled": 1,
  "rolling_grad_norm": 0.001398284686729312,
  "rolling_max_disp": 1.2145811319351196,
  "rolling_mean_disp": 0.3285598158836365,
  "rolling_num_at_max": 0,
  "rolling_num_at_min": 0,
  "rolling_p95_disp": 1.0636241436004639,
  "rolling_param_max": 1.479904294013977,
  "rolling_param_mean_abs": 1.1888527870178223,
  "rolling_param_min": -0.8978012204170227,
  "seconds_elapsed": 25.533687876537442,
  "seconds_iter": 0.07056903652846813,
  "seed": 67119,
  "smoothness_tv": 0.09550301730632782,
  "ssim_to_original": 0.9634488224983215,
  "total_geometry_grad_norm": 0.015147793106734753,
  "total_grad_norm": 0.015147793106734753,
  "tps_enabled": 1,
  "tps_grad_norm": 0.002932929201051593,
  "tps_max_disp": 4.582747936248779,
  "tps_mean_disp": 1.3759219646453857,
  "tps_num_at_max": 1,
  "tps_num_at_min": 0,
  "tps_p95_disp": 3.416022300720215,
  "tps_param_max": 4.0960001945495605,
  "tps_param_mean_abs": 0.5818894505500793,
  "tps_param_min": -1.996297001838684
}
