{
  "Z": 0.06765758991241455,
  "best_Z_so_far": 0.06776446104049683,
  "best_iter_so_far": 3179,
  "case_id": "face_002__add_headphones",
  "combined_max_disp_px": 7.1244635581970215,
  "combined_mean_disp_px": 3.024890899658203,
  "combined_p95_disp_px": 5.849434852600098,
  "components_at_boundary": "tps",
  "dct_enabled": 1,
  "dct_grad_norm": 0.011338197626173496,
  "dct_max_disp": 7.1916985511779785,
  "dct_mean_disp": 2.7485857009887695,
  "dct_num_at_max": 0,
  "dct_num_at_min": 0,
  "dct_p95_disp": 5.338456630706787,
  "dct_param_max": 1.134753942489624,
  "dct_param_mean_abs": 0.4840930104255676,
  "dct_param_min": -1.3911288976669312,
  "delaunay_enabled": 1,
  "delaunay_grad_norm": 0.0017019923543557525,
  "delaunay_max_disp": 8.208416938781738,
  "delaunay_mean_disp": 2.111328601837158,
  "delaunay_num_at_max": 0,
  "delaunay_num_at_min": 0,
  "delaunay_p95_disp": 5.551915168762207,
  "delaunay_param_max": 5.433508396148682,
  "delaunay_param_mean_abs": 1.141594648361206,
  "delaunay_param_min": -6.488926410675049,
  "face_id": "face_002",
  "fft_phase_enabled": 0,
  "fft_phase_grad_norm": 0.0,
  "fft_phase_max_abs": 0.0,
  "fft_phase_mean_abs": 0.0,
  "fft_phase_norm": 0.0,
  "fft_phase_num_at_max": 0,
  "fft_phase_num_at_min": 0,
  "fft_phase_num_clamped": 0,
  "fft_spatial_delta_mse": 0.0,
  "foldover_fraction": 0.0,
  "fraction_clamped_total": 0.022727272727272728,
  "identity_angle_degrees": 21.197052001953125,
  "identity_angle_radians": 0.3699583411216736,
  "identity_cosine_distance": 0.06765758991241455,
  "identity_cosine_similarity_raw": 0.9323424100875854,
  "identity_l2_embedding_distance": 0.36785221099853516,
  "identity_similarity_score_pct": 93.23423767089844,
  "iter": 3875,
  "jacobian_det_min": 0.3447500765323639,
  "l2_to_original": 0.059301745146512985,
  "learning_rate": 0.05,
  "legacy_fft_strength_equivalent": 0.0,
  "loss": -0.06765758991241455,
  "mse_to_original": 0.0035166970919817686,
  "num_at_max_total": 1,
  "num_at_min_total": 2,
  "num_clamped_total": 3,
  "num_total_params": 132,
  "original_embedding_norm": 1.0,
  "peak_vram_gb": 2.987697124481201,
  "perturbed_embedding_norm": 1.0,
  "prompt": "add headphones",
  "psnr_to_original": 24.538650376956287,
  "rolling_enabled": 1,
  "rolling_grad_norm": 0.0031380774453282356,
  "rolling_max_disp": 0.9837785959243774,
  "rolling_mean_disp": 0.506831169128418,
  "rolling_num_at_max": 0,
  "rolling_num_at_min": 0,
  "rolling_p95_disp": 0.8321341872215271,
  "rolling_param_max": 1.3359339237213135,
  "rolling_param_mean_abs": 1.3871188163757324,
  "rolling_param_min": -1.4383037090301514,
  "seconds_elapsed": 346.37058566883206,
  "seconds_iter": 0.07853863574564457,
  "seed": 438717,
  "smoothness_tv": 0.06164517253637314,
  "ssim_to_original": 0.9732080101966858,
  "total_geometry_grad_norm": 0.012079250998795033,
  "total_grad_norm": 0.012079250998795033,
  "tps_enabled": 1,
  "tps_grad_norm": 0.0021469180937856436,
  "tps_max_disp": 5.533186435699463,
  "tps_mean_disp": 1.7556447982788086,
  "tps_num_at_max": 1,
  "tps_num_at_min": 2,
  "tps_p95_disp": 4.139723300933838,
  "tps_param_max": 4.0960001945495605,
  "tps_param_mean_abs": 0.7519916296005249,
  "tps_param_min": -4.0960001945495605
}
