{
  "Z": 0.027034878730773926,
  "best_Z_so_far": 0.027034878730773926,
  "best_iter_so_far": 150,
  "case_id": "face_002__add_headphones",
  "combined_max_disp_px": 7.044389724731445,
  "combined_mean_disp_px": 2.8918280601501465,
  "combined_p95_disp_px": 5.478701591491699,
  "components_at_boundary": "",
  "dct_enabled": 1,
  "dct_grad_norm": 0.007039065007120371,
  "dct_max_disp": 7.076860427856445,
  "dct_mean_disp": 2.207702875137329,
  "dct_num_at_max": 0,
  "dct_num_at_min": 0,
  "dct_p95_disp": 4.374237060546875,
  "dct_param_max": 1.2785916328430176,
  "dct_param_mean_abs": 0.3941005766391754,
  "dct_param_min": -0.8772311210632324,
  "delaunay_enabled": 1,
  "delaunay_grad_norm": 0.001036378787830472,
  "delaunay_max_disp": 3.899930953979492,
  "delaunay_mean_disp": 0.7634408473968506,
  "delaunay_num_at_max": 0,
  "delaunay_num_at_min": 0,
  "delaunay_p95_disp": 2.0604469776153564,
  "delaunay_param_max": 3.7897257804870605,
  "delaunay_param_mean_abs": 0.42043593525886536,
  "delaunay_param_min": -2.802351951599121,
  "face_id": "face_002",
  "fft_phase_enabled": 0,
  "fft_phase_grad_norm": 0.0,
  "fft_phase_max_abs": 0.0,
  "fft_phase_mean_abs": 0.0,
  "fft_phase_norm": 0.0,
  "fft_phase_num_at_max": 0,
  "fft_phase_num_at_min": 0,
  "fft_phase_num_clamped": 0,
  "fft_spatial_delta_mse": 0.0,
  "foldover_fraction": 0.0,
  "fraction_clamped_total": 0.0,
  "identity_angle_degrees": 13.353132247924805,
  "identity_angle_radians": 0.23305612802505493,
  "identity_cosine_distance": 0.027034878730773926,
  "identity_cosine_similarity_raw": 0.9729651212692261,
  "identity_l2_embedding_distance": 0.2325296849012375,
  "identity_similarity_score_pct": 97.2965087890625,
  "iter": 150,
  "jacobian_det_min": 0.3470962345600128,
  "l2_to_original": 0.06366518139839172,
  "learning_rate": 0.05,
  "legacy_fft_strength_equivalent": 0.0,
  "loss": -0.027034878730773926,
  "mse_to_original": 0.004053255543112755,
  "num_at_max_total": 0,
  "num_at_min_total": 0,
  "num_clamped_total": 0,
  "num_total_params": 132,
  "original_embedding_norm": 0.9999999403953552,
  "peak_vram_gb": 2.993556499481201,
  "perturbed_embedding_norm": 0.9999999403953552,
  "prompt": "add headphones",
  "psnr_to_original": 23.92196014697683,
  "rolling_enabled": 1,
  "rolling_grad_norm": 0.0003558949683792889,
  "rolling_max_disp": 0.010477891191840172,
  "rolling_mean_disp": 0.006487784907221794,
  "rolling_num_at_max": 0,
  "rolling_num_at_min": 0,
  "rolling_p95_disp": 0.010368441231548786,
  "rolling_param_max": -0.0036707678809762,
  "rolling_param_mean_abs": 0.007719817571341991,
  "rolling_param_min": -0.011768867261707783,
  "seconds_elapsed": 14.710884883999825,
  "seconds_iter": 0.07124081626534462,
  "seed": 438717,
  "smoothness_tv": 0.0572102852165699,
  "ssim_to_original": 0.9691038131713867,
  "total_geometry_grad_norm": 0.007235744968056679,
  "total_grad_norm": 0.007235744968056679,
  "tps_enabled": 1,
  "tps_grad_norm": 0.0012676079059019685,
  "tps_max_disp": 3.23868989944458,
  "tps_mean_disp": 0.9365482926368713,
  "tps_num_at_max": 0,
  "tps_num_at_min": 0,
  "tps_p95_disp": 2.242189645767212,
  "tps_param_max": 2.6529762744903564,
  "tps_param_mean_abs": 0.42583519220352173,
  "tps_param_min": -2.7023966312408447
}
