{
  "Z": 0.06760120391845703,
  "best_Z_so_far": 0.06776446104049683,
  "best_iter_so_far": 3179,
  "case_id": "face_002__add_headphones",
  "combined_max_disp_px": 7.182124137878418,
  "combined_mean_disp_px": 3.027885913848877,
  "combined_p95_disp_px": 5.885613441467285,
  "components_at_boundary": "tps",
  "dct_enabled": 1,
  "dct_grad_norm": 0.016898263245821,
  "dct_max_disp": 7.203294277191162,
  "dct_mean_disp": 2.7577438354492188,
  "dct_num_at_max": 0,
  "dct_num_at_min": 0,
  "dct_p95_disp": 5.354837417602539,
  "dct_param_max": 1.1398050785064697,
  "dct_param_mean_abs": 0.48567846417427063,
  "dct_param_min": -1.3874926567077637,
  "delaunay_enabled": 1,
  "delaunay_grad_norm": 0.0031785606406629086,
  "delaunay_max_disp": 8.19131088256836,
  "delaunay_mean_disp": 2.1075239181518555,
  "delaunay_num_at_max": 0,
  "delaunay_num_at_min": 0,
  "delaunay_p95_disp": 5.544267177581787,
  "delaunay_param_max": 5.408707141876221,
  "delaunay_param_mean_abs": 1.1396750211715698,
  "delaunay_param_min": -6.493114471435547,
  "face_id": "face_002",
  "fft_phase_enabled": 0,
  "fft_phase_grad_norm": 0.0,
  "fft_phase_max_abs": 0.0,
  "fft_phase_mean_abs": 0.0,
  "fft_phase_norm": 0.0,
  "fft_phase_num_at_max": 0,
  "fft_phase_num_at_min": 0,
  "fft_phase_num_clamped": 0,
  "fft_spatial_delta_mse": 0.0,
  "foldover_fraction": 0.0,
  "fraction_clamped_total": 0.022727272727272728,
  "identity_angle_degrees": 21.188114166259766,
  "identity_angle_radians": 0.3698023557662964,
  "identity_cosine_distance": 0.06760120391845703,
  "identity_cosine_similarity_raw": 0.932398796081543,
  "identity_l2_embedding_distance": 0.36769911646842957,
  "identity_similarity_score_pct": 93.23988342285156,
  "iter": 4025,
  "jacobian_det_min": 0.34358447790145874,
  "l2_to_original": 0.059305429458618164,
  "learning_rate": 0.05,
  "legacy_fft_strength_equivalent": 0.0,
  "loss": -0.06760120391845703,
  "mse_to_original": 0.003517134115099907,
  "num_at_max_total": 1,
  "num_at_min_total": 2,
  "num_clamped_total": 3,
  "num_total_params": 132,
  "original_embedding_norm": 1.0,
  "peak_vram_gb": 2.987697124481201,
  "perturbed_embedding_norm": 0.9999999403953552,
  "prompt": "add headphones",
  "psnr_to_original": 24.538110708820025,
  "rolling_enabled": 1,
  "rolling_grad_norm": 0.00040753697976469994,
  "rolling_max_disp": 0.9801049828529358,
  "rolling_mean_disp": 0.5039738416671753,
  "rolling_num_at_max": 0,
  "rolling_num_at_min": 0,
  "rolling_p95_disp": 0.8270203471183777,
  "rolling_param_max": 1.3387658596038818,
  "rolling_param_mean_abs": 1.3819012641906738,
  "rolling_param_min": -1.4250365495681763,
  "seconds_elapsed": 360.2418986596167,
  "seconds_iter": 0.05564487911760807,
  "seed": 438717,
  "smoothness_tv": 0.06160436570644379,
  "ssim_to_original": 0.9732047915458679,
  "total_geometry_grad_norm": 0.017557403072714806,
  "total_grad_norm": 0.017557403072714806,
  "tps_enabled": 1,
  "tps_grad_norm": 0.003527292050421238,
  "tps_max_disp": 5.528448104858398,
  "tps_mean_disp": 1.7583199739456177,
  "tps_num_at_max": 1,
  "tps_num_at_min": 2,
  "tps_p95_disp": 4.150656700134277,
  "tps_param_max": 4.0960001945495605,
  "tps_param_mean_abs": 0.7532534599304199,
  "tps_param_min": -4.0960001945495605
}
