{
  "Z": 0.03002077341079712,
  "best_Z_so_far": 0.03002077341079712,
  "best_iter_so_far": 200,
  "case_id": "face_005__add_black_sunglasses",
  "combined_max_disp_px": 11.907532691955566,
  "combined_mean_disp_px": 4.194512367248535,
  "combined_p95_disp_px": 7.364266872406006,
  "components_at_boundary": "tps",
  "dct_enabled": 1,
  "dct_grad_norm": 0.003497522324323654,
  "dct_max_disp": 12.072206497192383,
  "dct_mean_disp": 3.6311087608337402,
  "dct_num_at_max": 0,
  "dct_num_at_min": 0,
  "dct_p95_disp": 7.106112003326416,
  "dct_param_max": 1.8776487112045288,
  "dct_param_mean_abs": 0.6546241044998169,
  "dct_param_min": -1.8079358339309692,
  "delaunay_enabled": 1,
  "delaunay_grad_norm": 0.0005893642664887011,
  "delaunay_max_disp": 3.401233196258545,
  "delaunay_mean_disp": 0.7615072727203369,
  "delaunay_num_at_max": 0,
  "delaunay_num_at_min": 0,
  "delaunay_p95_disp": 2.0590524673461914,
  "delaunay_param_max": 3.4003548622131348,
  "delaunay_param_mean_abs": 0.4338316321372986,
  "delaunay_param_min": -1.7026792764663696,
  "face_id": "face_005",
  "fft_phase_enabled": 0,
  "fft_phase_grad_norm": 0.0,
  "fft_phase_max_abs": 0.0,
  "fft_phase_mean_abs": 0.0,
  "fft_phase_norm": 0.0,
  "fft_phase_num_at_max": 0,
  "fft_phase_num_at_min": 0,
  "fft_phase_num_clamped": 0,
  "fft_spatial_delta_mse": 0.0,
  "foldover_fraction": 0.000431060791015625,
  "fraction_clamped_total": 0.007575757575757576,
  "identity_angle_degrees": 14.074763298034668,
  "identity_angle_radians": 0.24565096199512482,
  "identity_cosine_distance": 0.03002077341079712,
  "identity_cosine_similarity_raw": 0.9699792265892029,
  "identity_l2_embedding_distance": 0.24503406882286072,
  "identity_similarity_score_pct": 96.9979248046875,
  "iter": 200,
  "jacobian_det_min": -0.10972239822149277,
  "l2_to_original": 0.06948709487915039,
  "learning_rate": 0.05,
  "legacy_fft_strength_equivalent": 0.0,
  "loss": -0.03002077341079712,
  "mse_to_original": 0.004828455857932568,
  "num_at_max_total": 1,
  "num_at_min_total": 0,
  "num_clamped_total": 1,
  "num_total_params": 132,
  "original_embedding_norm": 0.9999999403953552,
  "peak_vram_gb": 2.995509624481201,
  "perturbed_embedding_norm": 0.9999999403953552,
  "prompt": "add black sunglasses",
  "psnr_to_original": 23.161917345898505,
  "rolling_enabled": 1,
  "rolling_grad_norm": 0.0011154237436130643,
  "rolling_max_disp": 0.3397834300994873,
  "rolling_mean_disp": 0.107736736536026,
  "rolling_num_at_max": 0,
  "rolling_num_at_min": 0,
  "rolling_p95_disp": 0.28941255807876587,
  "rolling_param_max": 0.42248064279556274,
  "rolling_param_mean_abs": 0.37258845567703247,
  "rolling_param_min": -0.3226962387561798,
  "seconds_elapsed": 19.242265198379755,
  "seconds_iter": 0.08691767230629921,
  "seed": 67119,
  "smoothness_tv": 0.08326855301856995,
  "ssim_to_original": 0.963485598564148,
  "total_geometry_grad_norm": 0.0037934386637061834,
  "total_grad_norm": 0.0037934386637061834,
  "tps_enabled": 1,
  "tps_grad_norm": 0.000752325460780412,
  "tps_max_disp": 4.3630900382995605,
  "tps_mean_disp": 1.1461975574493408,
  "tps_num_at_max": 1,
  "tps_num_at_min": 0,
  "tps_p95_disp": 2.596069097518921,
  "tps_param_max": 4.0960001945495605,
  "tps_param_mean_abs": 0.5322353839874268,
  "tps_param_min": -3.2126009464263916
}
