{
  "Z": 0.10281980037689209,
  "best_Z_so_far": 0.1032065749168396,
  "best_iter_so_far": 4231,
  "case_id": "face_005__add_black_sunglasses",
  "combined_max_disp_px": 18.132823944091797,
  "combined_mean_disp_px": 4.568979263305664,
  "combined_p95_disp_px": 9.306220054626465,
  "components_at_boundary": "delaunay,tps",
  "dct_enabled": 1,
  "dct_grad_norm": 0.021984435617923737,
  "dct_max_disp": 18.481035232543945,
  "dct_mean_disp": 4.236741065979004,
  "dct_num_at_max": 0,
  "dct_num_at_min": 0,
  "dct_p95_disp": 8.07873249053955,
  "dct_param_max": 1.7826908826828003,
  "dct_param_mean_abs": 0.8199625611305237,
  "dct_param_min": -1.9220207929611206,
  "delaunay_enabled": 1,
  "delaunay_grad_norm": 0.0032240799628198147,
  "delaunay_max_disp": 10.087952613830566,
  "delaunay_mean_disp": 1.7737984657287598,
  "delaunay_num_at_max": 1,
  "delaunay_num_at_min": 0,
  "delaunay_p95_disp": 5.954574108123779,
  "delaunay_param_max": 7.679999828338623,
  "delaunay_param_mean_abs": 1.0317378044128418,
  "delaunay_param_min": -2.9723236560821533,
  "face_id": "face_005",
  "fft_phase_enabled": 0,
  "fft_phase_grad_norm": 0.0,
  "fft_phase_max_abs": 0.0,
  "fft_phase_mean_abs": 0.0,
  "fft_phase_norm": 0.0,
  "fft_phase_num_at_max": 0,
  "fft_phase_num_at_min": 0,
  "fft_phase_num_clamped": 0,
  "fft_spatial_delta_mse": 0.0,
  "foldover_fraction": 0.0027923583984375,
  "fraction_clamped_total": 0.045454545454545456,
  "identity_angle_degrees": 26.210142135620117,
  "identity_angle_radians": 0.45745328068733215,
  "identity_cosine_distance": 0.10281980037689209,
  "identity_cosine_similarity_raw": 0.8971801996231079,
  "identity_l2_embedding_distance": 0.4534751772880554,
  "identity_similarity_score_pct": 89.718017578125,
  "iter": 4625,
  "jacobian_det_min": -0.683706521987915,
  "l2_to_original": 0.0711158737540245,
  "learning_rate": 0.05,
  "legacy_fft_strength_equivalent": 0.0,
  "loss": -0.10281980037689209,
  "mse_to_original": 0.0050574676133692265,
  "num_at_max_total": 3,
  "num_at_min_total": 3,
  "num_clamped_total": 6,
  "num_total_params": 132,
  "original_embedding_norm": 0.9999999403953552,
  "peak_vram_gb": 2.991054058074951,
  "perturbed_embedding_norm": 0.9999999403953552,
  "prompt": "add black sunglasses",
  "psnr_to_original": 22.960668896505965,
  "rolling_enabled": 1,
  "rolling_grad_norm": 0.002387595595791936,
  "rolling_max_disp": 0.4770231246948242,
  "rolling_mean_disp": 0.13276183605194092,
  "rolling_num_at_max": 0,
  "rolling_num_at_min": 0,
  "rolling_p95_disp": 0.41539129614830017,
  "rolling_param_max": 0.5920017957687378,
  "rolling_param_mean_abs": 0.4780803322792053,
  "rolling_param_min": -0.36415886878967285,
  "seconds_elapsed": 423.95912153832614,
  "seconds_iter": 0.05106888338923454,
  "seed": 67119,
  "smoothness_tv": 0.1042293980717659,
  "ssim_to_original": 0.9617302417755127,
  "total_geometry_grad_norm": 0.02267824113368988,
  "total_grad_norm": 0.02267824113368988,
  "tps_enabled": 1,
  "tps_grad_norm": 0.003859003772959113,
  "tps_max_disp": 5.910752773284912,
  "tps_mean_disp": 2.384662389755249,
  "tps_num_at_max": 2,
  "tps_num_at_min": 3,
  "tps_p95_disp": 5.034463882446289,
  "tps_param_max": 4.0960001945495605,
  "tps_param_mean_abs": 1.0990532636642456,
  "tps_param_min": -4.0960001945495605
}
