{
  "Z": 0.058675169944763184,
  "best_Z_so_far": 0.058804333209991455,
  "best_iter_so_far": 1755,
  "case_id": "face_002__add_black_sunglasses",
  "combined_max_disp_px": 6.189232349395752,
  "combined_mean_disp_px": 2.6909306049346924,
  "combined_p95_disp_px": 4.775981426239014,
  "components_at_boundary": "tps",
  "dct_enabled": 1,
  "dct_grad_norm": 0.015101048164069653,
  "dct_max_disp": 7.148838043212891,
  "dct_mean_disp": 2.96195387840271,
  "dct_num_at_max": 0,
  "dct_num_at_min": 0,
  "dct_p95_disp": 6.307851314544678,
  "dct_param_max": 1.6541348695755005,
  "dct_param_mean_abs": 0.5073065161705017,
  "dct_param_min": -2.095684051513672,
  "delaunay_enabled": 1,
  "delaunay_grad_norm": 0.0017141236457973719,
  "delaunay_max_disp": 8.669744491577148,
  "delaunay_mean_disp": 2.6121809482574463,
  "delaunay_num_at_max": 0,
  "delaunay_num_at_min": 0,
  "delaunay_p95_disp": 6.55875301361084,
  "delaunay_param_max": 5.296288967132568,
  "delaunay_param_mean_abs": 1.2983406782150269,
  "delaunay_param_min": -6.9780683517456055,
  "face_id": "face_002",
  "fft_phase_enabled": 0,
  "fft_phase_grad_norm": 0.0,
  "fft_phase_max_abs": 0.0,
  "fft_phase_mean_abs": 0.0,
  "fft_phase_norm": 0.0,
  "fft_phase_num_at_max": 0,
  "fft_phase_num_at_min": 0,
  "fft_phase_num_clamped": 0,
  "fft_spatial_delta_mse": 0.0,
  "foldover_fraction": 0.0,
  "fraction_clamped_total": 0.015151515151515152,
  "identity_angle_degrees": 19.72475242614746,
  "identity_angle_radians": 0.34426185488700867,
  "identity_cosine_distance": 0.058675169944763184,
  "identity_cosine_similarity_raw": 0.9413248300552368,
  "identity_l2_embedding_distance": 0.3425646126270294,
  "identity_similarity_score_pct": 94.13248443603516,
  "iter": 1775,
  "jacobian_det_min": 0.5000988245010376,
  "l2_to_original": 0.05815575644373894,
  "learning_rate": 0.05,
  "legacy_fft_strength_equivalent": 0.0,
  "loss": -0.058675169944763184,
  "mse_to_original": 0.0033820918761193752,
  "num_at_max_total": 1,
  "num_at_min_total": 1,
  "num_clamped_total": 2,
  "num_total_params": 132,
  "original_embedding_norm": 1.0,
  "peak_vram_gb": 0.4965987205505371,
  "perturbed_embedding_norm": 0.9999999403953552,
  "prompt": "add black sunglasses",
  "psnr_to_original": 24.708145987637977,
  "rolling_enabled": 1,
  "rolling_grad_norm": 0.0008329595439136028,
  "rolling_max_disp": 0.839133620262146,
  "rolling_mean_disp": 0.3181416392326355,
  "rolling_num_at_max": 0,
  "rolling_num_at_min": 0,
  "rolling_p95_disp": 0.6997693181037903,
  "rolling_param_max": 1.0806251764297485,
  "rolling_param_mean_abs": 1.0099003314971924,
  "rolling_param_min": -0.9391753673553467,
  "seconds_elapsed": 146.05589794367552,
  "seconds_iter": 0.07578219659626484,
  "seed": 250852,
  "smoothness_tv": 0.05660400539636612,
  "ssim_to_original": 0.974206268787384,
  "total_geometry_grad_norm": 0.015360930934548378,
  "total_grad_norm": 0.015360930934548378,
  "tps_enabled": 1,
  "tps_grad_norm": 0.0020698995795100927,
  "tps_max_disp": 4.757401943206787,
  "tps_mean_disp": 1.6295315027236938,
  "tps_num_at_max": 1,
  "tps_num_at_min": 1,
  "tps_p95_disp": 4.064048767089844,
  "tps_param_max": 4.0960001945495605,
  "tps_param_mean_abs": 0.713374674320221,
  "tps_param_min": -4.0960001945495605
}
