{
  "Z": 0.06755107641220093,
  "best_Z_so_far": 0.06778240203857422,
  "best_iter_so_far": 4380,
  "case_id": "face_002__add_headphones",
  "combined_max_disp_px": 7.158498764038086,
  "combined_mean_disp_px": 3.0399932861328125,
  "combined_p95_disp_px": 5.880208969116211,
  "components_at_boundary": "tps",
  "dct_enabled": 1,
  "dct_grad_norm": 0.01715523935854435,
  "dct_max_disp": 7.254856586456299,
  "dct_mean_disp": 2.772352457046509,
  "dct_num_at_max": 0,
  "dct_num_at_min": 0,
  "dct_p95_disp": 5.390606880187988,
  "dct_param_max": 1.1645959615707397,
  "dct_param_mean_abs": 0.4853668808937073,
  "dct_param_min": -1.436787724494934,
  "delaunay_enabled": 1,
  "delaunay_grad_norm": 0.0027862575370818377,
  "delaunay_max_disp": 8.073554992675781,
  "delaunay_mean_disp": 2.1138508319854736,
  "delaunay_num_at_max": 0,
  "delaunay_num_at_min": 0,
  "delaunay_p95_disp": 5.496901035308838,
  "delaunay_param_max": 5.4577507972717285,
  "delaunay_param_mean_abs": 1.1545671224594116,
  "delaunay_param_min": -6.37749719619751,
  "face_id": "face_002",
  "fft_phase_enabled": 0,
  "fft_phase_grad_norm": 0.0,
  "fft_phase_max_abs": 0.0,
  "fft_phase_mean_abs": 0.0,
  "fft_phase_norm": 0.0,
  "fft_phase_num_at_max": 0,
  "fft_phase_num_at_min": 0,
  "fft_phase_num_clamped": 0,
  "fft_spatial_delta_mse": 0.0,
  "foldover_fraction": 0.0,
  "fraction_clamped_total": 0.022727272727272728,
  "identity_angle_degrees": 21.18016815185547,
  "identity_angle_radians": 0.36966365575790405,
  "identity_cosine_distance": 0.06755107641220093,
  "identity_cosine_similarity_raw": 0.9324489235877991,
  "identity_l2_embedding_distance": 0.36756274104118347,
  "identity_similarity_score_pct": 93.2448959350586,
  "iter": 4675,
  "jacobian_det_min": 0.3426345884799957,
  "l2_to_original": 0.05943275988101959,
  "learning_rate": 0.05,
  "legacy_fft_strength_equivalent": 0.0,
  "loss": -0.06755107641220093,
  "mse_to_original": 0.0035322527401149273,
  "num_at_max_total": 1,
  "num_at_min_total": 2,
  "num_clamped_total": 3,
  "num_total_params": 132,
  "original_embedding_norm": 1.0,
  "peak_vram_gb": 2.987697124481201,
  "perturbed_embedding_norm": 0.9999999403953552,
  "prompt": "add headphones",
  "psnr_to_original": 24.51948229298811,
  "rolling_enabled": 1,
  "rolling_grad_norm": 0.0015169825637713075,
  "rolling_max_disp": 1.0414787530899048,
  "rolling_mean_disp": 0.4859166145324707,
  "rolling_num_at_max": 0,
  "rolling_num_at_min": 0,
  "rolling_p95_disp": 0.8539618849754333,
  "rolling_param_max": 1.394172191619873,
  "rolling_param_mean_abs": 1.3964687585830688,
  "rolling_param_min": -1.3987653255462646,
  "seconds_elapsed": 416.6395798753947,
  "seconds_iter": 0.07477488927543163,
  "seed": 438717,
  "smoothness_tv": 0.061923548579216,
  "ssim_to_original": 0.973090648651123,
  "total_geometry_grad_norm": 0.017743397504091263,
  "total_grad_norm": 0.017743397504091263,
  "tps_enabled": 1,
  "tps_grad_norm": 0.003234419971704483,
  "tps_max_disp": 5.60991907119751,
  "tps_mean_disp": 1.7794950008392334,
  "tps_num_at_max": 1,
  "tps_num_at_min": 2,
  "tps_p95_disp": 4.214479923248291,
  "tps_param_max": 4.0960001945495605,
  "tps_param_mean_abs": 0.7766484618186951,
  "tps_param_min": -4.0960001945495605
}
