{
  "Z": 0.10010462999343872,
  "best_Z_so_far": 0.10010659694671631,
  "best_iter_so_far": 544,
  "case_id": "face_005__add_black_sunglasses",
  "combined_max_disp_px": 12.85257339477539,
  "combined_mean_disp_px": 4.386395454406738,
  "combined_p95_disp_px": 8.727537155151367,
  "components_at_boundary": "tps",
  "dct_enabled": 1,
  "dct_grad_norm": 0.012070205062627792,
  "dct_max_disp": 13.504207611083984,
  "dct_mean_disp": 3.613802671432495,
  "dct_num_at_max": 0,
  "dct_num_at_min": 0,
  "dct_p95_disp": 7.334835052490234,
  "dct_param_max": 1.3343029022216797,
  "dct_param_mean_abs": 0.7074663043022156,
  "dct_param_min": -1.7234022617340088,
  "delaunay_enabled": 1,
  "delaunay_grad_norm": 0.0024682439398020506,
  "delaunay_max_disp": 7.075033664703369,
  "delaunay_mean_disp": 1.1942452192306519,
  "delaunay_num_at_max": 0,
  "delaunay_num_at_min": 0,
  "delaunay_p95_disp": 3.586820125579834,
  "delaunay_param_max": 5.076141357421875,
  "delaunay_param_mean_abs": 0.6922141313552856,
  "delaunay_param_min": -2.0848796367645264,
  "face_id": "face_005",
  "fft_phase_enabled": 0,
  "fft_phase_grad_norm": 0.0,
  "fft_phase_max_abs": 0.0,
  "fft_phase_mean_abs": 0.0,
  "fft_phase_norm": 0.0,
  "fft_phase_num_at_max": 0,
  "fft_phase_num_at_min": 0,
  "fft_phase_num_clamped": 0,
  "fft_spatial_delta_mse": 0.0,
  "foldover_fraction": 0.000629425048828125,
  "fraction_clamped_total": 0.015151515151515152,
  "identity_angle_degrees": 25.855680465698242,
  "identity_angle_radians": 0.4512667655944824,
  "identity_cosine_distance": 0.10010462999343872,
  "identity_cosine_similarity_raw": 0.8998953700065613,
  "identity_l2_embedding_distance": 0.44744768738746643,
  "identity_similarity_score_pct": 89.98954010009766,
  "iter": 550,
  "jacobian_det_min": -0.12611958384513855,
  "l2_to_original": 0.07015437632799149,
  "learning_rate": 0.05,
  "legacy_fft_strength_equivalent": 0.0,
  "loss": -0.10010462999343872,
  "mse_to_original": 0.0049216365441679955,
  "num_at_max_total": 2,
  "num_at_min_total": 0,
  "num_clamped_total": 2,
  "num_total_params": 132,
  "original_embedding_norm": 0.9999999403953552,
  "peak_vram_gb": 2.991054058074951,
  "perturbed_embedding_norm": 1.0,
  "prompt": "add black sunglasses",
  "psnr_to_original": 23.0789046147647,
  "rolling_enabled": 1,
  "rolling_grad_norm": 0.0006260951631702483,
  "rolling_max_disp": 1.2789332866668701,
  "rolling_mean_disp": 0.3342829942703247,
  "rolling_num_at_max": 0,
  "rolling_num_at_min": 0,
  "rolling_p95_disp": 1.1289958953857422,
  "rolling_param_max": 1.5387649536132812,
  "rolling_param_mean_abs": 1.2059208154678345,
  "rolling_param_min": -0.8730767369270325,
  "seconds_elapsed": 51.74085575155914,
  "seconds_iter": 0.0659283734858036,
  "seed": 67119,
  "smoothness_tv": 0.0997747927904129,
  "ssim_to_original": 0.9627764821052551,
  "total_geometry_grad_norm": 0.012660495936870575,
  "total_grad_norm": 0.012660495936870575,
  "tps_enabled": 1,
  "tps_grad_norm": 0.0028485218062996864,
  "tps_max_disp": 5.59608268737793,
  "tps_mean_disp": 1.7818026542663574,
  "tps_num_at_max": 2,
  "tps_num_at_min": 0,
  "tps_p95_disp": 4.197161674499512,
  "tps_param_max": 4.0960001945495605,
  "tps_param_mean_abs": 0.8139867782592773,
  "tps_param_min": -3.698887586593628
}
