{
  "Z": 0.06281375885009766,
  "best_Z_so_far": 0.06289243698120117,
  "best_iter_so_far": 1217,
  "case_id": "face_002__add_headphones",
  "combined_max_disp_px": 7.131629467010498,
  "combined_mean_disp_px": 2.9444689750671387,
  "combined_p95_disp_px": 5.644128322601318,
  "components_at_boundary": "delaunay",
  "dct_enabled": 1,
  "dct_grad_norm": 0.015726543962955475,
  "dct_max_disp": 6.0766730308532715,
  "dct_mean_disp": 2.5790441036224365,
  "dct_num_at_max": 0,
  "dct_num_at_min": 0,
  "dct_p95_disp": 5.1112494468688965,
  "dct_param_max": 1.0015132427215576,
  "dct_param_mean_abs": 0.48441261053085327,
  "dct_param_min": -0.9093641638755798,
  "delaunay_enabled": 1,
  "delaunay_grad_norm": 0.0017980103148147464,
  "delaunay_max_disp": 7.995328903198242,
  "delaunay_mean_disp": 1.7389569282531738,
  "delaunay_num_at_max": 0,
  "delaunay_num_at_min": 1,
  "delaunay_p95_disp": 5.351668357849121,
  "delaunay_param_max": 5.004966735839844,
  "delaunay_param_mean_abs": 0.8587192893028259,
  "delaunay_param_min": -7.679999828338623,
  "face_id": "face_002",
  "fft_phase_enabled": 0,
  "fft_phase_grad_norm": 0.0,
  "fft_phase_max_abs": 0.0,
  "fft_phase_mean_abs": 0.0,
  "fft_phase_norm": 0.0,
  "fft_phase_num_at_max": 0,
  "fft_phase_num_at_min": 0,
  "fft_phase_num_clamped": 0,
  "fft_spatial_delta_mse": 0.0,
  "foldover_fraction": 0.0,
  "fraction_clamped_total": 0.007575757575757576,
  "identity_angle_degrees": 20.41573143005371,
  "identity_angle_radians": 0.3563217222690582,
  "identity_cosine_distance": 0.06281375885009766,
  "identity_cosine_similarity_raw": 0.9371862411499023,
  "identity_l2_embedding_distance": 0.3544398546218872,
  "identity_similarity_score_pct": 93.7186279296875,
  "iter": 1250,
  "jacobian_det_min": 0.44600096344947815,
  "l2_to_original": 0.059392720460891724,
  "learning_rate": 0.05,
  "legacy_fft_strength_equivalent": 0.0,
  "loss": -0.06281375885009766,
  "mse_to_original": 0.003527495078742504,
  "num_at_max_total": 0,
  "num_at_min_total": 1,
  "num_clamped_total": 1,
  "num_total_params": 132,
  "original_embedding_norm": 1.0,
  "peak_vram_gb": 2.987697124481201,
  "perturbed_embedding_norm": 1.0,
  "prompt": "add headphones",
  "psnr_to_original": 24.525335834634703,
  "rolling_enabled": 1,
  "rolling_grad_norm": 0.000901558028999716,
  "rolling_max_disp": 1.0678720474243164,
  "rolling_mean_disp": 0.6129083633422852,
  "rolling_num_at_max": 0,
  "rolling_num_at_min": 0,
  "rolling_p95_disp": 1.0625275373458862,
  "rolling_param_max": 1.2242515087127686,
  "rolling_param_mean_abs": 1.427747368812561,
  "rolling_param_min": -1.6312432289123535,
  "seconds_elapsed": 113.76061243005097,
  "seconds_iter": 0.09435806423425674,
  "seed": 438717,
  "smoothness_tv": 0.059007398784160614,
  "ssim_to_original": 0.9731181263923645,
  "total_geometry_grad_norm": 0.016044627875089645,
  "total_grad_norm": 0.016044627875089645,
  "tps_enabled": 1,
  "tps_grad_norm": 0.0024617521557956934,
  "tps_max_disp": 5.409817218780518,
  "tps_mean_disp": 1.4010040760040283,
  "tps_num_at_max": 0,
  "tps_num_at_min": 0,
  "tps_p95_disp": 3.664849281311035,
  "tps_param_max": 2.8366281986236572,
  "tps_param_mean_abs": 0.6038818955421448,
  "tps_param_min": -3.9874744415283203
}
