{
  "Z": 0.09889674186706543,
  "best_Z_so_far": 0.09909451007843018,
  "best_iter_so_far": 3171,
  "case_id": "face_005__add_headphones",
  "combined_max_disp_px": 11.873756408691406,
  "combined_mean_disp_px": 4.1776556968688965,
  "combined_p95_disp_px": 8.835436820983887,
  "components_at_boundary": "tps",
  "dct_enabled": 1,
  "dct_grad_norm": 0.017274145036935806,
  "dct_max_disp": 8.949091911315918,
  "dct_mean_disp": 3.419466257095337,
  "dct_num_at_max": 0,
  "dct_num_at_min": 0,
  "dct_p95_disp": 6.875270843505859,
  "dct_param_max": 1.0979937314987183,
  "dct_param_mean_abs": 0.6250219941139221,
  "dct_param_min": -1.6571589708328247,
  "delaunay_enabled": 1,
  "delaunay_grad_norm": 0.0037134666927158833,
  "delaunay_max_disp": 8.414877891540527,
  "delaunay_mean_disp": 1.5088433027267456,
  "delaunay_num_at_max": 0,
  "delaunay_num_at_min": 0,
  "delaunay_p95_disp": 5.231944561004639,
  "delaunay_param_max": 6.834796905517578,
  "delaunay_param_mean_abs": 0.757287859916687,
  "delaunay_param_min": -1.2291641235351562,
  "face_id": "face_005",
  "fft_phase_enabled": 0,
  "fft_phase_grad_norm": 0.0,
  "fft_phase_max_abs": 0.0,
  "fft_phase_mean_abs": 0.0,
  "fft_phase_norm": 0.0,
  "fft_phase_num_at_max": 0,
  "fft_phase_num_at_min": 0,
  "fft_phase_num_clamped": 0,
  "fft_spatial_delta_mse": 0.0,
  "foldover_fraction": 0.0,
  "fraction_clamped_total": 0.045454545454545456,
  "identity_angle_degrees": 25.696533203125,
  "identity_angle_radians": 0.44848909974098206,
  "identity_cosine_distance": 0.09889674186706543,
  "identity_cosine_similarity_raw": 0.9011032581329346,
  "identity_l2_embedding_distance": 0.44473978877067566,
  "identity_similarity_score_pct": 90.1103286743164,
  "iter": 3525,
  "jacobian_det_min": 0.4730357229709625,
  "l2_to_original": 0.07142388075590134,
  "learning_rate": 0.05,
  "legacy_fft_strength_equivalent": 0.0,
  "loss": -0.09889674186706543,
  "mse_to_original": 0.005101370625197887,
  "num_at_max_total": 2,
  "num_at_min_total": 4,
  "num_clamped_total": 6,
  "num_total_params": 132,
  "original_embedding_norm": 0.9999999403953552,
  "peak_vram_gb": 2.993251323699951,
  "perturbed_embedding_norm": 0.9999999403953552,
  "prompt": "add headphones",
  "psnr_to_original": 22.92313122924195,
  "rolling_enabled": 1,
  "rolling_grad_norm": 0.00022742693545296788,
  "rolling_max_disp": 2.049886703491211,
  "rolling_mean_disp": 1.2109907865524292,
  "rolling_num_at_max": 0,
  "rolling_num_at_min": 0,
  "rolling_p95_disp": 2.0117671489715576,
  "rolling_param_max": 2.0971145629882812,
  "rolling_param_mean_abs": 1.2606087923049927,
  "rolling_param_min": 0.4241030514240265,
  "seconds_elapsed": 323.8967707566917,
  "seconds_iter": 0.07109938189387321,
  "seed": 405993,
  "smoothness_tv": 0.0863911360502243,
  "ssim_to_original": 0.961448073387146,
  "total_geometry_grad_norm": 0.0181973185390234,
  "total_grad_norm": 0.0181973185390234,
  "tps_enabled": 1,
  "tps_grad_norm": 0.004347956273704767,
  "tps_max_disp": 6.873053073883057,
  "tps_mean_disp": 2.6257376670837402,
  "tps_num_at_max": 2,
  "tps_num_at_min": 4,
  "tps_p95_disp": 5.644503116607666,
  "tps_param_max": 4.0960001945495605,
  "tps_param_mean_abs": 1.1169623136520386,
  "tps_param_min": -4.0960001945495605
}
