{
  "Z": 0.09897327423095703,
  "best_Z_so_far": 0.0990496277809143,
  "best_iter_so_far": 2316,
  "case_id": "face_005__add_headphones",
  "combined_max_disp_px": 11.91516399383545,
  "combined_mean_disp_px": 4.191338539123535,
  "combined_p95_disp_px": 8.896408081054688,
  "components_at_boundary": "tps",
  "dct_enabled": 1,
  "dct_grad_norm": 0.014676444232463837,
  "dct_max_disp": 9.212455749511719,
  "dct_mean_disp": 3.4331674575805664,
  "dct_num_at_max": 0,
  "dct_num_at_min": 0,
  "dct_p95_disp": 6.877712726593018,
  "dct_param_max": 1.107527732849121,
  "dct_param_mean_abs": 0.6279231309890747,
  "dct_param_min": -1.6526151895523071,
  "delaunay_enabled": 1,
  "delaunay_grad_norm": 0.0029742580372840166,
  "delaunay_max_disp": 8.335238456726074,
  "delaunay_mean_disp": 1.471410870552063,
  "delaunay_num_at_max": 0,
  "delaunay_num_at_min": 0,
  "delaunay_p95_disp": 5.137848377227783,
  "delaunay_param_max": 6.848408222198486,
  "delaunay_param_mean_abs": 0.7540066242218018,
  "delaunay_param_min": -1.3307204246520996,
  "face_id": "face_005",
  "fft_phase_enabled": 0,
  "fft_phase_grad_norm": 0.0,
  "fft_phase_max_abs": 0.0,
  "fft_phase_mean_abs": 0.0,
  "fft_phase_norm": 0.0,
  "fft_phase_num_at_max": 0,
  "fft_phase_num_at_min": 0,
  "fft_phase_num_clamped": 0,
  "fft_spatial_delta_mse": 0.0,
  "foldover_fraction": 0.0,
  "fraction_clamped_total": 0.045454545454545456,
  "identity_angle_degrees": 25.70664405822754,
  "identity_angle_radians": 0.448665589094162,
  "identity_cosine_distance": 0.09897327423095703,
  "identity_cosine_similarity_raw": 0.901026725769043,
  "identity_l2_embedding_distance": 0.44491204619407654,
  "identity_similarity_score_pct": 90.10267639160156,
  "iter": 2425,
  "jacobian_det_min": 0.4774186611175537,
  "l2_to_original": 0.07161302119493484,
  "learning_rate": 0.05,
  "legacy_fft_strength_equivalent": 0.0,
  "loss": -0.09897327423095703,
  "mse_to_original": 0.00512842508032918,
  "num_at_max_total": 2,
  "num_at_min_total": 4,
  "num_clamped_total": 6,
  "num_total_params": 132,
  "original_embedding_norm": 0.9999999403953552,
  "peak_vram_gb": 2.993251323699951,
  "perturbed_embedding_norm": 0.9999999403953552,
  "prompt": "add headphones",
  "psnr_to_original": 22.900159845831894,
  "rolling_enabled": 1,
  "rolling_grad_norm": 0.0030356913339346647,
  "rolling_max_disp": 2.0314996242523193,
  "rolling_mean_disp": 1.1685442924499512,
  "rolling_num_at_max": 0,
  "rolling_num_at_min": 0,
  "rolling_p95_disp": 1.984464406967163,
  "rolling_param_max": 2.088425397872925,
  "rolling_param_mean_abs": 1.223237156867981,
  "rolling_param_min": 0.3580489158630371,
  "seconds_elapsed": 222.08629073388875,
  "seconds_iter": 0.07282985560595989,
  "seed": 405993,
  "smoothness_tv": 0.08645546436309814,
  "ssim_to_original": 0.9612451195716858,
  "total_geometry_grad_norm": 0.01563212275505066,
  "total_grad_norm": 0.01563212275505066,
  "tps_enabled": 1,
  "tps_grad_norm": 0.0033020589035004377,
  "tps_max_disp": 6.8445611000061035,
  "tps_mean_disp": 2.568969488143921,
  "tps_num_at_max": 2,
  "tps_num_at_min": 4,
  "tps_p95_disp": 5.616971492767334,
  "tps_param_max": 4.0960001945495605,
  "tps_param_mean_abs": 1.0926588773727417,
  "tps_param_min": -4.0960001945495605
}
