{
  "Z": 0.09865248203277588,
  "best_Z_so_far": 0.09876573085784912,
  "best_iter_so_far": 1774,
  "case_id": "face_005__add_headphones",
  "combined_max_disp_px": 11.775757789611816,
  "combined_mean_disp_px": 4.181280136108398,
  "combined_p95_disp_px": 8.929970741271973,
  "components_at_boundary": "tps",
  "dct_enabled": 1,
  "dct_grad_norm": 0.015705684199929237,
  "dct_max_disp": 9.58705997467041,
  "dct_mean_disp": 3.4399380683898926,
  "dct_num_at_max": 0,
  "dct_num_at_min": 0,
  "dct_p95_disp": 6.941110610961914,
  "dct_param_max": 1.1490795612335205,
  "dct_param_mean_abs": 0.6270909905433655,
  "dct_param_min": -1.607452630996704,
  "delaunay_enabled": 1,
  "delaunay_grad_norm": 0.002298355335369706,
  "delaunay_max_disp": 8.275629997253418,
  "delaunay_mean_disp": 1.3905364274978638,
  "delaunay_num_at_max": 0,
  "delaunay_num_at_min": 0,
  "delaunay_p95_disp": 4.988836765289307,
  "delaunay_param_max": 6.962928771972656,
  "delaunay_param_mean_abs": 0.7286776304244995,
  "delaunay_param_min": -1.3408784866333008,
  "face_id": "face_005",
  "fft_phase_enabled": 0,
  "fft_phase_grad_norm": 0.0,
  "fft_phase_max_abs": 0.0,
  "fft_phase_mean_abs": 0.0,
  "fft_phase_norm": 0.0,
  "fft_phase_num_at_max": 0,
  "fft_phase_num_at_min": 0,
  "fft_phase_num_clamped": 0,
  "fft_spatial_delta_mse": 0.0,
  "foldover_fraction": 0.0,
  "fraction_clamped_total": 0.022727272727272728,
  "identity_angle_degrees": 25.66423797607422,
  "identity_angle_radians": 0.4479254484176636,
  "identity_cosine_distance": 0.09865248203277588,
  "identity_cosine_similarity_raw": 0.9013475179672241,
  "identity_l2_embedding_distance": 0.44419044256210327,
  "identity_similarity_score_pct": 90.13475036621094,
  "iter": 1775,
  "jacobian_det_min": 0.47584083676338196,
  "l2_to_original": 0.07159820199012756,
  "learning_rate": 0.05,
  "legacy_fft_strength_equivalent": 0.0,
  "loss": -0.09865248203277588,
  "mse_to_original": 0.005126302130520344,
  "num_at_max_total": 1,
  "num_at_min_total": 2,
  "num_clamped_total": 3,
  "num_total_params": 132,
  "original_embedding_norm": 0.9999999403953552,
  "peak_vram_gb": 2.993251323699951,
  "perturbed_embedding_norm": 1.0,
  "prompt": "add headphones",
  "psnr_to_original": 22.901958012436523,
  "rolling_enabled": 1,
  "rolling_grad_norm": 0.005072557367384434,
  "rolling_max_disp": 2.0218889713287354,
  "rolling_mean_disp": 1.0373730659484863,
  "rolling_num_at_max": 0,
  "rolling_num_at_min": 0,
  "rolling_p95_disp": 1.9452463388442993,
  "rolling_param_max": 2.1293745040893555,
  "rolling_param_mean_abs": 1.1211838722229004,
  "rolling_param_min": 0.11299332976341248,
  "seconds_elapsed": 164.75944242998958,
  "seconds_iter": 0.07899574562907219,
  "seed": 405993,
  "smoothness_tv": 0.0860111266374588,
  "ssim_to_original": 0.9612643718719482,
  "total_geometry_grad_norm": 0.016935693100094795,
  "total_grad_norm": 0.016935693100094795,
  "tps_enabled": 1,
  "tps_grad_norm": 0.0030225683003664017,
  "tps_max_disp": 6.728879928588867,
  "tps_mean_disp": 2.4383444786071777,
  "tps_num_at_max": 1,
  "tps_num_at_min": 2,
  "tps_p95_disp": 5.568593502044678,
  "tps_param_max": 4.0960001945495605,
  "tps_param_mean_abs": 1.043195366859436,
  "tps_param_min": -4.0960001945495605
}
