{
  "Z": 0.030606746673583984,
  "best_Z_so_far": 0.030606746673583984,
  "best_iter_so_far": 325,
  "case_id": "face_005__add_headphones",
  "combined_max_disp_px": 14.469637870788574,
  "combined_mean_disp_px": 4.487027168273926,
  "combined_p95_disp_px": 8.722169876098633,
  "components_at_boundary": "",
  "dct_enabled": 1,
  "dct_grad_norm": 0.0050048562698066235,
  "dct_max_disp": 14.309280395507812,
  "dct_mean_disp": 4.092473983764648,
  "dct_num_at_max": 0,
  "dct_num_at_min": 0,
  "dct_p95_disp": 8.138733863830566,
  "dct_param_max": 2.0717577934265137,
  "dct_param_mean_abs": 0.7655639052391052,
  "dct_param_min": -2.1770739555358887,
  "delaunay_enabled": 1,
  "delaunay_grad_norm": 0.0006481584860011935,
  "delaunay_max_disp": 4.07475471496582,
  "delaunay_mean_disp": 0.9347851872444153,
  "delaunay_num_at_max": 0,
  "delaunay_num_at_min": 0,
  "delaunay_p95_disp": 2.2829487323760986,
  "delaunay_param_max": 2.92132830619812,
  "delaunay_param_mean_abs": 0.626812756061554,
  "delaunay_param_min": -3.8345813751220703,
  "face_id": "face_005",
  "fft_phase_enabled": 0,
  "fft_phase_grad_norm": 0.0,
  "fft_phase_max_abs": 0.0,
  "fft_phase_mean_abs": 0.0,
  "fft_phase_norm": 0.0,
  "fft_phase_num_at_max": 0,
  "fft_phase_num_at_min": 0,
  "fft_phase_num_clamped": 0,
  "fft_spatial_delta_mse": 0.0,
  "foldover_fraction": 0.001220703125,
  "fraction_clamped_total": 0.0,
  "identity_angle_degrees": 14.212162971496582,
  "identity_angle_radians": 0.2480490356683731,
  "identity_cosine_distance": 0.030606746673583984,
  "identity_cosine_similarity_raw": 0.969393253326416,
  "identity_l2_embedding_distance": 0.24741388857364655,
  "identity_similarity_score_pct": 96.93932342529297,
  "iter": 325,
  "jacobian_det_min": -0.3501860499382019,
  "l2_to_original": 0.07150515913963318,
  "learning_rate": 0.05,
  "legacy_fft_strength_equivalent": 0.0,
  "loss": -0.030606746673583984,
  "mse_to_original": 0.005112987942993641,
  "num_at_max_total": 0,
  "num_at_min_total": 0,
  "num_clamped_total": 0,
  "num_total_params": 132,
  "original_embedding_norm": 0.9999999403953552,
  "peak_vram_gb": 2.995509624481201,
  "perturbed_embedding_norm": 1.0,
  "prompt": "add headphones",
  "psnr_to_original": 22.91325231387976,
  "rolling_enabled": 1,
  "rolling_grad_norm": 0.0006262315437197685,
  "rolling_max_disp": 0.5661903023719788,
  "rolling_mean_disp": 0.2932204008102417,
  "rolling_num_at_max": 0,
  "rolling_num_at_min": 0,
  "rolling_p95_disp": 0.48190978169441223,
  "rolling_param_max": 0.828653872013092,
  "rolling_param_mean_abs": 0.8026621341705322,
  "rolling_param_min": -0.7766704559326172,
  "seconds_elapsed": 31.856871457770467,
  "seconds_iter": 0.08252823911607265,
  "seed": 405993,
  "smoothness_tv": 0.10393835604190826,
  "ssim_to_original": 0.9612743258476257,
  "total_geometry_grad_norm": 0.005140029825270176,
  "total_grad_norm": 0.005140029825270176,
  "tps_enabled": 1,
  "tps_grad_norm": 0.0007476910250261426,
  "tps_max_disp": 3.7026853561401367,
  "tps_mean_disp": 1.1548271179199219,
  "tps_num_at_max": 0,
  "tps_num_at_min": 0,
  "tps_p95_disp": 2.825021982192993,
  "tps_param_max": 3.243757724761963,
  "tps_param_mean_abs": 0.5346041917800903,
  "tps_param_min": -1.305426836013794
}
