{
  "Z": 0.05768179893493652,
  "best_Z_so_far": 0.057848572731018066,
  "best_iter_so_far": 817,
  "case_id": "face_002__add_black_sunglasses",
  "combined_max_disp_px": 6.63406229019165,
  "combined_mean_disp_px": 2.6468560695648193,
  "combined_p95_disp_px": 4.766486167907715,
  "components_at_boundary": "",
  "dct_enabled": 1,
  "dct_grad_norm": 0.016794059425592422,
  "dct_max_disp": 6.383109092712402,
  "dct_mean_disp": 2.841139554977417,
  "dct_num_at_max": 0,
  "dct_num_at_min": 0,
  "dct_p95_disp": 5.823390483856201,
  "dct_param_max": 1.5701899528503418,
  "dct_param_mean_abs": 0.5099755525588989,
  "dct_param_min": -1.8503286838531494,
  "delaunay_enabled": 1,
  "delaunay_grad_norm": 0.002476229565218091,
  "delaunay_max_disp": 7.160672187805176,
  "delaunay_mean_disp": 2.1889524459838867,
  "delaunay_num_at_max": 0,
  "delaunay_num_at_min": 0,
  "delaunay_p95_disp": 5.361917972564697,
  "delaunay_param_max": 4.612302303314209,
  "delaunay_param_mean_abs": 1.0760921239852905,
  "delaunay_param_min": -6.199583053588867,
  "face_id": "face_002",
  "fft_phase_enabled": 0,
  "fft_phase_grad_norm": 0.0,
  "fft_phase_max_abs": 0.0,
  "fft_phase_mean_abs": 0.0,
  "fft_phase_norm": 0.0,
  "fft_phase_num_at_max": 0,
  "fft_phase_num_at_min": 0,
  "fft_phase_num_clamped": 0,
  "fft_spatial_delta_mse": 0.0,
  "foldover_fraction": 0.0,
  "fraction_clamped_total": 0.0,
  "identity_angle_degrees": 19.555416107177734,
  "identity_angle_radians": 0.3413063883781433,
  "identity_cosine_distance": 0.05768179893493652,
  "identity_cosine_similarity_raw": 0.9423182010650635,
  "identity_l2_embedding_distance": 0.3396523892879486,
  "identity_similarity_score_pct": 94.23181915283203,
  "iter": 875,
  "jacobian_det_min": 0.510654628276825,
  "l2_to_original": 0.05781577154994011,
  "learning_rate": 0.05,
  "legacy_fft_strength_equivalent": 0.0,
  "loss": -0.05768179893493652,
  "mse_to_original": 0.0033426634036004543,
  "num_at_max_total": 0,
  "num_at_min_total": 0,
  "num_clamped_total": 0,
  "num_total_params": 132,
  "original_embedding_norm": 1.0,
  "peak_vram_gb": 0.4965987205505371,
  "perturbed_embedding_norm": 1.0,
  "prompt": "add black sunglasses",
  "psnr_to_original": 24.75907353386119,
  "rolling_enabled": 1,
  "rolling_grad_norm": 0.003940245136618614,
  "rolling_max_disp": 0.7480632066726685,
  "rolling_mean_disp": 0.1946883201599121,
  "rolling_num_at_max": 0,
  "rolling_num_at_min": 0,
  "rolling_p95_disp": 0.6611436009407043,
  "rolling_param_max": 0.9012336730957031,
  "rolling_param_mean_abs": 0.702864408493042,
  "rolling_param_min": -0.5044950842857361,
  "seconds_elapsed": 72.5890072695911,
  "seconds_iter": 0.0688012856990099,
  "seed": 250852,
  "smoothness_tv": 0.05296734720468521,
  "ssim_to_original": 0.9745063781738281,
  "total_geometry_grad_norm": 0.01768379472196102,
  "total_grad_norm": 0.01768379472196102,
  "tps_enabled": 1,
  "tps_grad_norm": 0.003003145335242152,
  "tps_max_disp": 4.298439979553223,
  "tps_mean_disp": 1.3488507270812988,
  "tps_num_at_max": 0,
  "tps_num_at_min": 0,
  "tps_p95_disp": 3.1891727447509766,
  "tps_param_max": 4.079373359680176,
  "tps_param_mean_abs": 0.6342503428459167,
  "tps_param_min": -3.303305149078369
}
