{
  "Z": 0.09865307807922363,
  "best_Z_so_far": 0.09885472059249878,
  "best_iter_so_far": 1841,
  "case_id": "face_005__add_headphones",
  "combined_max_disp_px": 11.811532974243164,
  "combined_mean_disp_px": 4.183364391326904,
  "combined_p95_disp_px": 8.894179344177246,
  "components_at_boundary": "tps",
  "dct_enabled": 1,
  "dct_grad_norm": 0.022432055324316025,
  "dct_max_disp": 9.425901412963867,
  "dct_mean_disp": 3.4452385902404785,
  "dct_num_at_max": 0,
  "dct_num_at_min": 0,
  "dct_p95_disp": 6.904447555541992,
  "dct_param_max": 1.1271233558654785,
  "dct_param_mean_abs": 0.6289092302322388,
  "dct_param_min": -1.6369974613189697,
  "delaunay_enabled": 1,
  "delaunay_grad_norm": 0.003547514323145151,
  "delaunay_max_disp": 8.277325630187988,
  "delaunay_mean_disp": 1.4147610664367676,
  "delaunay_num_at_max": 0,
  "delaunay_num_at_min": 0,
  "delaunay_p95_disp": 5.074552059173584,
  "delaunay_param_max": 6.949928283691406,
  "delaunay_param_mean_abs": 0.7384719848632812,
  "delaunay_param_min": -1.3426076173782349,
  "face_id": "face_005",
  "fft_phase_enabled": 0,
  "fft_phase_grad_norm": 0.0,
  "fft_phase_max_abs": 0.0,
  "fft_phase_mean_abs": 0.0,
  "fft_phase_norm": 0.0,
  "fft_phase_num_at_max": 0,
  "fft_phase_num_at_min": 0,
  "fft_phase_num_clamped": 0,
  "fft_spatial_delta_mse": 0.0,
  "foldover_fraction": 0.0,
  "fraction_clamped_total": 0.030303030303030304,
  "identity_angle_degrees": 25.664318084716797,
  "identity_angle_radians": 0.4479268491268158,
  "identity_cosine_distance": 0.09865307807922363,
  "identity_cosine_similarity_raw": 0.9013469219207764,
  "identity_l2_embedding_distance": 0.44419175386428833,
  "identity_similarity_score_pct": 90.13468933105469,
  "iter": 1850,
  "jacobian_det_min": 0.4830482006072998,
  "l2_to_original": 0.0715864822268486,
  "learning_rate": 0.05,
  "legacy_fft_strength_equivalent": 0.0,
  "loss": -0.09865307807922363,
  "mse_to_original": 0.005124624818563461,
  "num_at_max_total": 1,
  "num_at_min_total": 3,
  "num_clamped_total": 4,
  "num_total_params": 132,
  "original_embedding_norm": 0.9999999403953552,
  "peak_vram_gb": 2.993251323699951,
  "perturbed_embedding_norm": 1.0,
  "prompt": "add headphones",
  "psnr_to_original": 22.903379244560064,
  "rolling_enabled": 1,
  "rolling_grad_norm": 0.00623093917965889,
  "rolling_max_disp": 2.054089069366455,
  "rolling_mean_disp": 1.0442874431610107,
  "rolling_num_at_max": 0,
  "rolling_num_at_min": 0,
  "rolling_p95_disp": 1.9736402034759521,
  "rolling_param_max": 2.175477981567383,
  "rolling_param_mean_abs": 1.1399810314178467,
  "rolling_param_min": 0.10448397696018219,
  "seconds_elapsed": 171.546257102862,
  "seconds_iter": 0.0783634390681982,
  "seed": 405993,
  "smoothness_tv": 0.08633095771074295,
  "ssim_to_original": 0.9612749814987183,
  "total_geometry_grad_norm": 0.023956364020705223,
  "total_grad_norm": 0.023956364020705223,
  "tps_enabled": 1,
  "tps_grad_norm": 0.004393269307911396,
  "tps_max_disp": 6.789545059204102,
  "tps_mean_disp": 2.4745283126831055,
  "tps_num_at_max": 1,
  "tps_num_at_min": 3,
  "tps_p95_disp": 5.5945658683776855,
  "tps_param_max": 4.0960001945495605,
  "tps_param_mean_abs": 1.0544880628585815,
  "tps_param_min": -4.0960001945495605
}
