{
  "Z": 0.06755602359771729,
  "best_Z_so_far": 0.06776446104049683,
  "best_iter_so_far": 3179,
  "case_id": "face_002__add_headphones",
  "combined_max_disp_px": 7.1849799156188965,
  "combined_mean_disp_px": 3.0263659954071045,
  "combined_p95_disp_px": 5.881442546844482,
  "components_at_boundary": "tps",
  "dct_enabled": 1,
  "dct_grad_norm": 0.01778866909444332,
  "dct_max_disp": 7.207601547241211,
  "dct_mean_disp": 2.758945941925049,
  "dct_num_at_max": 0,
  "dct_num_at_min": 0,
  "dct_p95_disp": 5.356086730957031,
  "dct_param_max": 1.128580093383789,
  "dct_param_mean_abs": 0.4844008982181549,
  "dct_param_min": -1.3951338529586792,
  "delaunay_enabled": 1,
  "delaunay_grad_norm": 0.003092128550633788,
  "delaunay_max_disp": 8.183769226074219,
  "delaunay_mean_disp": 2.110964775085449,
  "delaunay_num_at_max": 0,
  "delaunay_num_at_min": 0,
  "delaunay_p95_disp": 5.549736976623535,
  "delaunay_param_max": 5.435503005981445,
  "delaunay_param_mean_abs": 1.143323540687561,
  "delaunay_param_min": -6.494956016540527,
  "face_id": "face_002",
  "fft_phase_enabled": 0,
  "fft_phase_grad_norm": 0.0,
  "fft_phase_max_abs": 0.0,
  "fft_phase_mean_abs": 0.0,
  "fft_phase_norm": 0.0,
  "fft_phase_num_at_max": 0,
  "fft_phase_num_at_min": 0,
  "fft_phase_num_clamped": 0,
  "fft_spatial_delta_mse": 0.0,
  "foldover_fraction": 0.0,
  "fraction_clamped_total": 0.007575757575757576,
  "identity_angle_degrees": 21.180952072143555,
  "identity_angle_radians": 0.36967733502388,
  "identity_cosine_distance": 0.06755602359771729,
  "identity_cosine_similarity_raw": 0.9324439764022827,
  "identity_l2_embedding_distance": 0.3675759434700012,
  "identity_similarity_score_pct": 93.24440002441406,
  "iter": 4225,
  "jacobian_det_min": 0.3430064022541046,
  "l2_to_original": 0.05932965502142906,
  "learning_rate": 0.05,
  "legacy_fft_strength_equivalent": 0.0,
  "loss": -0.06755602359771729,
  "mse_to_original": 0.0035200081765651703,
  "num_at_max_total": 0,
  "num_at_min_total": 1,
  "num_clamped_total": 1,
  "num_total_params": 132,
  "original_embedding_norm": 1.0,
  "peak_vram_gb": 2.987697124481201,
  "perturbed_embedding_norm": 1.0,
  "prompt": "add headphones",
  "psnr_to_original": 24.53456327705673,
  "rolling_enabled": 1,
  "rolling_grad_norm": 0.007575294002890587,
  "rolling_max_disp": 0.9929409623146057,
  "rolling_mean_disp": 0.5048555135726929,
  "rolling_num_at_max": 0,
  "rolling_num_at_min": 0,
  "rolling_p95_disp": 0.825957179069519,
  "rolling_param_max": 1.3471031188964844,
  "rolling_param_mean_abs": 1.3888444900512695,
  "rolling_param_min": -1.4305859804153442,
  "seconds_elapsed": 377.43274212628603,
  "seconds_iter": 0.07729562185704708,
  "seed": 438717,
  "smoothness_tv": 0.06174739822745323,
  "ssim_to_original": 0.9731830954551697,
  "total_geometry_grad_norm": 0.019954098388552666,
  "total_grad_norm": 0.019954098388552666,
  "tps_enabled": 1,
  "tps_grad_norm": 0.003844855586066842,
  "tps_max_disp": 5.548303604125977,
  "tps_mean_disp": 1.7667236328125,
  "tps_num_at_max": 0,
  "tps_num_at_min": 1,
  "tps_p95_disp": 4.165968418121338,
  "tps_param_max": 4.094885349273682,
  "tps_param_mean_abs": 0.756693422794342,
  "tps_param_min": -4.0960001945495605
}
