{
  "Z": 0.09897220134735107,
  "best_Z_so_far": 0.09909451007843018,
  "best_iter_so_far": 3171,
  "case_id": "face_005__add_headphones",
  "combined_max_disp_px": 11.924398422241211,
  "combined_mean_disp_px": 4.18923282623291,
  "combined_p95_disp_px": 8.876665115356445,
  "components_at_boundary": "tps",
  "dct_enabled": 1,
  "dct_grad_norm": 0.014469579793512821,
  "dct_max_disp": 8.98574447631836,
  "dct_mean_disp": 3.425812244415283,
  "dct_num_at_max": 0,
  "dct_num_at_min": 0,
  "dct_p95_disp": 6.891735076904297,
  "dct_param_max": 1.0922752618789673,
  "dct_param_mean_abs": 0.6261893510818481,
  "dct_param_min": -1.6559431552886963,
  "delaunay_enabled": 1,
  "delaunay_grad_norm": 0.0023883564863353968,
  "delaunay_max_disp": 8.46532154083252,
  "delaunay_mean_disp": 1.5104384422302246,
  "delaunay_num_at_max": 0,
  "delaunay_num_at_min": 0,
  "delaunay_p95_disp": 5.234471797943115,
  "delaunay_param_max": 6.844729900360107,
  "delaunay_param_mean_abs": 0.758780300617218,
  "delaunay_param_min": -1.226899266242981,
  "face_id": "face_005",
  "fft_phase_enabled": 0,
  "fft_phase_grad_norm": 0.0,
  "fft_phase_max_abs": 0.0,
  "fft_phase_mean_abs": 0.0,
  "fft_phase_norm": 0.0,
  "fft_phase_num_at_max": 0,
  "fft_phase_num_at_min": 0,
  "fft_phase_num_clamped": 0,
  "fft_spatial_delta_mse": 0.0,
  "foldover_fraction": 0.0,
  "fraction_clamped_total": 0.045454545454545456,
  "identity_angle_degrees": 25.70650291442871,
  "identity_angle_radians": 0.4486631155014038,
  "identity_cosine_distance": 0.09897220134735107,
  "identity_cosine_similarity_raw": 0.9010277986526489,
  "identity_l2_embedding_distance": 0.4449097216129303,
  "identity_similarity_score_pct": 90.102783203125,
  "iter": 3675,
  "jacobian_det_min": 0.4680881202220917,
  "l2_to_original": 0.07156453281641006,
  "learning_rate": 0.05,
  "legacy_fft_strength_equivalent": 0.0,
  "loss": -0.09897220134735107,
  "mse_to_original": 0.005121482536196709,
  "num_at_max_total": 2,
  "num_at_min_total": 4,
  "num_clamped_total": 6,
  "num_total_params": 132,
  "original_embedding_norm": 0.9999999403953552,
  "peak_vram_gb": 2.993251323699951,
  "perturbed_embedding_norm": 1.0,
  "prompt": "add headphones",
  "psnr_to_original": 22.90604303850248,
  "rolling_enabled": 1,
  "rolling_grad_norm": 0.0008787365513853729,
  "rolling_max_disp": 2.054445505142212,
  "rolling_mean_disp": 1.204598069190979,
  "rolling_num_at_max": 0,
  "rolling_num_at_min": 0,
  "rolling_p95_disp": 2.013578176498413,
  "rolling_param_max": 2.1074321269989014,
  "rolling_param_mean_abs": 1.2575557231903076,
  "rolling_param_min": 0.40767931938171387,
  "seconds_elapsed": 338.48590493015945,
  "seconds_iter": 0.07959715463221073,
  "seed": 405993,
  "smoothness_tv": 0.08667951822280884,
  "ssim_to_original": 0.9612957835197449,
  "total_geometry_grad_norm": 0.014928021468222141,
  "total_grad_norm": 0.014928021468222141,
  "tps_enabled": 1,
  "tps_grad_norm": 0.0026458774227648973,
  "tps_max_disp": 6.872061729431152,
  "tps_mean_disp": 2.630919933319092,
  "tps_num_at_max": 2,
  "tps_num_at_min": 4,
  "tps_p95_disp": 5.645900726318359,
  "tps_param_max": 4.0960001945495605,
  "tps_param_mean_abs": 1.1186691522598267,
  "tps_param_min": -4.0960001945495605
}
