{
  "Z": 0.03032231330871582,
  "best_Z_so_far": 0.030362188816070557,
  "best_iter_so_far": 297,
  "case_id": "face_005__add_headphones",
  "combined_max_disp_px": 14.334501266479492,
  "combined_mean_disp_px": 4.481829643249512,
  "combined_p95_disp_px": 8.693366050720215,
  "components_at_boundary": "",
  "dct_enabled": 1,
  "dct_grad_norm": 0.0050960686057806015,
  "dct_max_disp": 14.139052391052246,
  "dct_mean_disp": 4.048883438110352,
  "dct_num_at_max": 0,
  "dct_num_at_min": 0,
  "dct_p95_disp": 8.137164115905762,
  "dct_param_max": 2.048675775527954,
  "dct_param_mean_abs": 0.7575129866600037,
  "dct_param_min": -2.2375242710113525,
  "delaunay_enabled": 1,
  "delaunay_grad_norm": 0.0009239123319275677,
  "delaunay_max_disp": 3.7446694374084473,
  "delaunay_mean_disp": 0.881706953048706,
  "delaunay_num_at_max": 0,
  "delaunay_num_at_min": 0,
  "delaunay_p95_disp": 2.1852850914001465,
  "delaunay_param_max": 2.812756299972534,
  "delaunay_param_mean_abs": 0.5859779715538025,
  "delaunay_param_min": -3.603397846221924,
  "face_id": "face_005",
  "fft_phase_enabled": 0,
  "fft_phase_grad_norm": 0.0,
  "fft_phase_max_abs": 0.0,
  "fft_phase_mean_abs": 0.0,
  "fft_phase_norm": 0.0,
  "fft_phase_num_at_max": 0,
  "fft_phase_num_at_min": 0,
  "fft_phase_num_clamped": 0,
  "fft_spatial_delta_mse": 0.0,
  "foldover_fraction": 0.001148223876953125,
  "fraction_clamped_total": 0.0,
  "identity_angle_degrees": 14.145631790161133,
  "identity_angle_radians": 0.24688784778118134,
  "identity_cosine_distance": 0.03032231330871582,
  "identity_cosine_similarity_raw": 0.9696776866912842,
  "identity_l2_embedding_distance": 0.24626146256923676,
  "identity_similarity_score_pct": 96.96776580810547,
  "iter": 300,
  "jacobian_det_min": -0.33425748348236084,
  "l2_to_original": 0.0715375766158104,
  "learning_rate": 0.05,
  "legacy_fft_strength_equivalent": 0.0,
  "loss": -0.03032231330871582,
  "mse_to_original": 0.005117624998092651,
  "num_at_max_total": 0,
  "num_at_min_total": 0,
  "num_clamped_total": 0,
  "num_total_params": 132,
  "original_embedding_norm": 0.9999999403953552,
  "peak_vram_gb": 2.995509624481201,
  "perturbed_embedding_norm": 1.0,
  "prompt": "add headphones",
  "psnr_to_original": 22.90931540884526,
  "rolling_enabled": 1,
  "rolling_grad_norm": 0.0029547710437327623,
  "rolling_max_disp": 0.5894460678100586,
  "rolling_mean_disp": 0.2910596430301666,
  "rolling_num_at_max": 0,
  "rolling_num_at_min": 0,
  "rolling_p95_disp": 0.47884702682495117,
  "rolling_param_max": 0.8214351534843445,
  "rolling_param_mean_abs": 0.8152410387992859,
  "rolling_param_min": -0.8090469241142273,
  "seconds_elapsed": 29.27425554022193,
  "seconds_iter": 0.0977107435464859,
  "seed": 405993,
  "smoothness_tv": 0.10315015912055969,
  "ssim_to_original": 0.9612463712692261,
  "total_geometry_grad_norm": 0.0060673370026052,
  "total_grad_norm": 0.0060673370026052,
  "tps_enabled": 1,
  "tps_grad_norm": 0.0011217751307412982,
  "tps_max_disp": 3.525348424911499,
  "tps_mean_disp": 1.1317956447601318,
  "tps_num_at_max": 0,
  "tps_num_at_min": 0,
  "tps_p95_disp": 2.7628934383392334,
  "tps_param_max": 3.2247185707092285,
  "tps_param_mean_abs": 0.5222575068473816,
  "tps_param_min": -1.2791484594345093
}
