{
  "Z": 0.10112321376800537,
  "best_Z_so_far": 0.101345956325531,
  "best_iter_so_far": 1650,
  "case_id": "face_005__add_black_sunglasses",
  "combined_max_disp_px": 13.383445739746094,
  "combined_mean_disp_px": 4.378634452819824,
  "combined_p95_disp_px": 8.743247985839844,
  "components_at_boundary": "tps",
  "dct_enabled": 1,
  "dct_grad_norm": 0.018049541860818863,
  "dct_max_disp": 13.827016830444336,
  "dct_mean_disp": 3.744326114654541,
  "dct_num_at_max": 0,
  "dct_num_at_min": 0,
  "dct_p95_disp": 7.45885705947876,
  "dct_param_max": 1.3965047597885132,
  "dct_param_mean_abs": 0.7271111011505127,
  "dct_param_min": -1.6947777271270752,
  "delaunay_enabled": 1,
  "delaunay_grad_norm": 0.0032358537428081036,
  "delaunay_max_disp": 8.817571640014648,
  "delaunay_mean_disp": 1.5265202522277832,
  "delaunay_num_at_max": 0,
  "delaunay_num_at_min": 0,
  "delaunay_p95_disp": 4.779562473297119,
  "delaunay_param_max": 6.869439125061035,
  "delaunay_param_mean_abs": 0.8819624185562134,
  "delaunay_param_min": -3.5456435680389404,
  "face_id": "face_005",
  "fft_phase_enabled": 0,
  "fft_phase_grad_norm": 0.0,
  "fft_phase_max_abs": 0.0,
  "fft_phase_mean_abs": 0.0,
  "fft_phase_norm": 0.0,
  "fft_phase_num_at_max": 0,
  "fft_phase_num_at_min": 0,
  "fft_phase_num_clamped": 0,
  "fft_spatial_delta_mse": 0.0,
  "foldover_fraction": 0.000896453857421875,
  "fraction_clamped_total": 0.030303030303030304,
  "identity_angle_degrees": 25.98918342590332,
  "identity_angle_radians": 0.453596830368042,
  "identity_cosine_distance": 0.10112321376800537,
  "identity_cosine_similarity_raw": 0.8988767862319946,
  "identity_l2_embedding_distance": 0.44971826672554016,
  "identity_similarity_score_pct": 89.88768005371094,
  "iter": 1700,
  "jacobian_det_min": -0.18547546863555908,
  "l2_to_original": 0.0702439546585083,
  "learning_rate": 0.05,
  "legacy_fft_strength_equivalent": 0.0,
  "loss": -0.10112321376800537,
  "mse_to_original": 0.004934213124215603,
  "num_at_max_total": 3,
  "num_at_min_total": 1,
  "num_clamped_total": 4,
  "num_total_params": 132,
  "original_embedding_norm": 0.9999999403953552,
  "peak_vram_gb": 2.991054058074951,
  "perturbed_embedding_norm": 1.0,
  "prompt": "add black sunglasses",
  "psnr_to_original": 23.06782095893746,
  "rolling_enabled": 1,
  "rolling_grad_norm": 0.0001765697234077379,
  "rolling_max_disp": 0.7512493133544922,
  "rolling_mean_disp": 0.47168704867362976,
  "rolling_num_at_max": 0,
  "rolling_num_at_min": 0,
  "rolling_p95_disp": 0.744907021522522,
  "rolling_param_max": 0.7603982090950012,
  "rolling_param_mean_abs": 0.48591506481170654,
  "rolling_param_min": 0.21143190562725067,
  "seconds_elapsed": 158.25520704314113,
  "seconds_iter": 0.07389712519943714,
  "seed": 67119,
  "smoothness_tv": 0.10022106021642685,
  "ssim_to_original": 0.9626668095588684,
  "total_geometry_grad_norm": 0.018750106915831566,
  "total_grad_norm": 0.018750106915831566,
  "tps_enabled": 1,
  "tps_grad_norm": 0.003908784594386816,
  "tps_max_disp": 5.846731662750244,
  "tps_mean_disp": 2.168769598007202,
  "tps_num_at_max": 3,
  "tps_num_at_min": 1,
  "tps_p95_disp": 4.67812442779541,
  "tps_param_max": 4.0960001945495605,
  "tps_param_mean_abs": 1.004436731338501,
  "tps_param_min": -4.0960001945495605
}
