{
  "Z": 0.059196412563323975,
  "best_Z_so_far": 0.059339940547943115,
  "best_iter_so_far": 4261,
  "case_id": "face_002__add_black_sunglasses",
  "combined_max_disp_px": 6.373017311096191,
  "combined_mean_disp_px": 2.7085461616516113,
  "combined_p95_disp_px": 4.680950164794922,
  "components_at_boundary": "tps",
  "dct_enabled": 1,
  "dct_grad_norm": 0.016014475375413895,
  "dct_max_disp": 6.4065022468566895,
  "dct_mean_disp": 2.912041187286377,
  "dct_num_at_max": 0,
  "dct_num_at_min": 0,
  "dct_p95_disp": 5.748890399932861,
  "dct_param_max": 1.483468770980835,
  "dct_param_mean_abs": 0.507580041885376,
  "dct_param_min": -1.8670213222503662,
  "delaunay_enabled": 1,
  "delaunay_grad_norm": 0.0027448588516563177,
  "delaunay_max_disp": 8.629338264465332,
  "delaunay_mean_disp": 2.764284133911133,
  "delaunay_num_at_max": 0,
  "delaunay_num_at_min": 0,
  "delaunay_p95_disp": 6.702356338500977,
  "delaunay_param_max": 6.110747814178467,
  "delaunay_param_mean_abs": 1.3675071001052856,
  "delaunay_param_min": -6.867393970489502,
  "face_id": "face_002",
  "fft_phase_enabled": 0,
  "fft_phase_grad_norm": 0.0,
  "fft_phase_max_abs": 0.0,
  "fft_phase_mean_abs": 0.0,
  "fft_phase_norm": 0.0,
  "fft_phase_num_at_max": 0,
  "fft_phase_num_at_min": 0,
  "fft_phase_num_clamped": 0,
  "fft_spatial_delta_mse": 0.0,
  "foldover_fraction": 0.0,
  "fraction_clamped_total": 0.022727272727272728,
  "identity_angle_degrees": 19.813053131103516,
  "identity_angle_radians": 0.34580299258232117,
  "identity_cosine_distance": 0.059196412563323975,
  "identity_cosine_similarity_raw": 0.940803587436676,
  "identity_l2_embedding_distance": 0.34408268332481384,
  "identity_similarity_score_pct": 94.08036041259766,
  "iter": 5000,
  "jacobian_det_min": 0.4808390438556671,
  "l2_to_original": 0.0587412565946579,
  "learning_rate": 0.05,
  "legacy_fft_strength_equivalent": 0.0,
  "loss": -0.059196412563323975,
  "mse_to_original": 0.003450535237789154,
  "num_at_max_total": 1,
  "num_at_min_total": 2,
  "num_clamped_total": 3,
  "num_total_params": 132,
  "original_embedding_norm": 1.0,
  "peak_vram_gb": 0.4965987205505371,
  "perturbed_embedding_norm": 1.0,
  "prompt": "add black sunglasses",
  "psnr_to_original": 24.621135331038772,
  "rolling_enabled": 1,
  "rolling_grad_norm": 0.0011450652964413166,
  "rolling_max_disp": 0.9785647988319397,
  "rolling_mean_disp": 0.4693072438240051,
  "rolling_num_at_max": 0,
  "rolling_num_at_min": 0,
  "rolling_p95_disp": 0.7988026142120361,
  "rolling_param_max": 1.3183876276016235,
  "rolling_param_mean_abs": 1.330419898033142,
  "rolling_param_min": -1.3424521684646606,
  "seconds_elapsed": 420.171436579898,
  "seconds_iter": 0.07057456858456135,
  "seed": 250852,
  "smoothness_tv": 0.05804312974214554,
  "ssim_to_original": 0.9736847877502441,
  "total_geometry_grad_norm": 0.0165510606020689,
  "total_grad_norm": 0.0165510606020689,
  "tps_enabled": 1,
  "tps_grad_norm": 0.0029374680016189814,
  "tps_max_disp": 5.523540496826172,
  "tps_mean_disp": 2.129765272140503,
  "tps_num_at_max": 1,
  "tps_num_at_min": 2,
  "tps_p95_disp": 4.683131694793701,
  "tps_param_max": 4.0960001945495605,
  "tps_param_mean_abs": 0.8921893835067749,
  "tps_param_min": -4.0960001945495605
}
