{
  "elapsed_seconds": 14.546515667811036,
  "final_Z": 0.00643467903137207,
  "status": "done"
}
