{
  "Z": 0.06772023439407349,
  "best_Z_so_far": 0.067757248878479,
  "best_iter_so_far": 3084,
  "case_id": "face_002__add_headphones",
  "combined_max_disp_px": 7.1383795738220215,
  "combined_mean_disp_px": 3.0266928672790527,
  "combined_p95_disp_px": 5.864104747772217,
  "components_at_boundary": "tps",
  "dct_enabled": 1,
  "dct_grad_norm": 0.01129094697535038,
  "dct_max_disp": 7.166014194488525,
  "dct_mean_disp": 2.746936321258545,
  "dct_num_at_max": 0,
  "dct_num_at_min": 0,
  "dct_p95_disp": 5.3335089683532715,
  "dct_param_max": 1.1284867525100708,
  "dct_param_mean_abs": 0.4852474331855774,
  "dct_param_min": -1.3820523023605347,
  "delaunay_enabled": 1,
  "delaunay_grad_norm": 0.001455494319088757,
  "delaunay_max_disp": 8.235210418701172,
  "delaunay_mean_disp": 2.1050467491149902,
  "delaunay_num_at_max": 0,
  "delaunay_num_at_min": 0,
  "delaunay_p95_disp": 5.535360336303711,
  "delaunay_param_max": 5.414840221405029,
  "delaunay_param_mean_abs": 1.1359132528305054,
  "delaunay_param_min": -6.501473903656006,
  "face_id": "face_002",
  "fft_phase_enabled": 0,
  "fft_phase_grad_norm": 0.0,
  "fft_phase_max_abs": 0.0,
  "fft_phase_mean_abs": 0.0,
  "fft_phase_norm": 0.0,
  "fft_phase_num_at_max": 0,
  "fft_phase_num_at_min": 0,
  "fft_phase_num_clamped": 0,
  "fft_spatial_delta_mse": 0.0,
  "foldover_fraction": 0.0,
  "fraction_clamped_total": 0.022727272727272728,
  "identity_angle_degrees": 21.20697593688965,
  "identity_angle_radians": 0.37013155221939087,
  "identity_cosine_distance": 0.06772023439407349,
  "identity_cosine_similarity_raw": 0.9322797656059265,
  "identity_l2_embedding_distance": 0.36802253127098083,
  "identity_similarity_score_pct": 93.22797393798828,
  "iter": 3175,
  "jacobian_det_min": 0.345633327960968,
  "l2_to_original": 0.05928177759051323,
  "learning_rate": 0.05,
  "legacy_fft_strength_equivalent": 0.0,
  "loss": -0.06772023439407349,
  "mse_to_original": 0.003514328971505165,
  "num_at_max_total": 1,
  "num_at_min_total": 2,
  "num_clamped_total": 3,
  "num_total_params": 132,
  "original_embedding_norm": 1.0,
  "peak_vram_gb": 2.987697124481201,
  "perturbed_embedding_norm": 1.0,
  "prompt": "add headphones",
  "psnr_to_original": 24.541575872282504,
  "rolling_enabled": 1,
  "rolling_grad_norm": 0.004408904816955328,
  "rolling_max_disp": 0.9349645376205444,
  "rolling_mean_disp": 0.5244094729423523,
  "rolling_num_at_max": 0,
  "rolling_num_at_min": 0,
  "rolling_p95_disp": 0.876969575881958,
  "rolling_param_max": 1.2912967205047607,
  "rolling_param_mean_abs": 1.3786345720291138,
  "rolling_param_min": -1.4659724235534668,
  "seconds_elapsed": 287.79055147618055,
  "seconds_iter": 0.07579775713384151,
  "seed": 438717,
  "smoothness_tv": 0.061686791479587555,
  "ssim_to_original": 0.9732264876365662,
  "total_geometry_grad_norm": 0.012391837313771248,
  "total_grad_norm": 0.012391837313771248,
  "tps_enabled": 1,
  "tps_grad_norm": 0.0021249062847346067,
  "tps_max_disp": 5.462917804718018,
  "tps_mean_disp": 1.7469593286514282,
  "tps_num_at_max": 1,
  "tps_num_at_min": 2,
  "tps_p95_disp": 4.132269382476807,
  "tps_param_max": 4.0960001945495605,
  "tps_param_mean_abs": 0.7487000226974487,
  "tps_param_min": -4.0960001945495605
}
