{
  "Z": 0.09877783060073853,
  "best_Z_so_far": 0.09885472059249878,
  "best_iter_so_far": 1841,
  "case_id": "face_005__add_headphones",
  "combined_max_disp_px": 11.843021392822266,
  "combined_mean_disp_px": 4.177499294281006,
  "combined_p95_disp_px": 8.87657642364502,
  "components_at_boundary": "tps",
  "dct_enabled": 1,
  "dct_grad_norm": 0.015934767201542854,
  "dct_max_disp": 9.404136657714844,
  "dct_mean_disp": 3.444581985473633,
  "dct_num_at_max": 0,
  "dct_num_at_min": 0,
  "dct_p95_disp": 6.934167861938477,
  "dct_param_max": 1.1147539615631104,
  "dct_param_mean_abs": 0.628203809261322,
  "dct_param_min": -1.641268253326416,
  "delaunay_enabled": 1,
  "delaunay_grad_norm": 0.002189743798226118,
  "delaunay_max_disp": 8.289603233337402,
  "delaunay_mean_disp": 1.423671841621399,
  "delaunay_num_at_max": 0,
  "delaunay_num_at_min": 0,
  "delaunay_p95_disp": 5.08897066116333,
  "delaunay_param_max": 6.905323028564453,
  "delaunay_param_mean_abs": 0.7423319220542908,
  "delaunay_param_min": -1.3565675020217896,
  "face_id": "face_005",
  "fft_phase_enabled": 0,
  "fft_phase_grad_norm": 0.0,
  "fft_phase_max_abs": 0.0,
  "fft_phase_mean_abs": 0.0,
  "fft_phase_norm": 0.0,
  "fft_phase_num_at_max": 0,
  "fft_phase_num_at_min": 0,
  "fft_phase_num_clamped": 0,
  "fft_spatial_delta_mse": 0.0,
  "foldover_fraction": 0.0,
  "fraction_clamped_total": 0.030303030303030304,
  "identity_angle_degrees": 25.680816650390625,
  "identity_angle_radians": 0.4482147991657257,
  "identity_cosine_distance": 0.09877783060073853,
  "identity_cosine_similarity_raw": 0.9012221693992615,
  "identity_l2_embedding_distance": 0.4444725811481476,
  "identity_similarity_score_pct": 90.1222152709961,
  "iter": 1875,
  "jacobian_det_min": 0.48128923773765564,
  "l2_to_original": 0.07149666547775269,
  "learning_rate": 0.05,
  "legacy_fft_strength_equivalent": 0.0,
  "loss": -0.09877783060073853,
  "mse_to_original": 0.005111773498356342,
  "num_at_max_total": 1,
  "num_at_min_total": 3,
  "num_clamped_total": 4,
  "num_total_params": 132,
  "original_embedding_norm": 0.9999999403953552,
  "peak_vram_gb": 2.993251323699951,
  "perturbed_embedding_norm": 0.9999999403953552,
  "prompt": "add headphones",
  "psnr_to_original": 22.914283979234614,
  "rolling_enabled": 1,
  "rolling_grad_norm": 0.003498566336929798,
  "rolling_max_disp": 2.056504726409912,
  "rolling_mean_disp": 1.056821346282959,
  "rolling_num_at_max": 0,
  "rolling_num_at_min": 0,
  "rolling_p95_disp": 1.9790043830871582,
  "rolling_param_max": 2.172544002532959,
  "rolling_param_mean_abs": 1.1491963863372803,
  "rolling_param_min": 0.12584872543811798,
  "seconds_elapsed": 173.58982022292912,
  "seconds_iter": 0.054428040981292725,
  "seed": 405993,
  "smoothness_tv": 0.08624616265296936,
  "ssim_to_original": 0.961372435092926,
  "total_geometry_grad_norm": 0.01669859141111374,
  "total_grad_norm": 0.01669859141111374,
  "tps_enabled": 1,
  "tps_grad_norm": 0.0028091291896998882,
  "tps_max_disp": 6.792552471160889,
  "tps_mean_disp": 2.486774206161499,
  "tps_num_at_max": 1,
  "tps_num_at_min": 3,
  "tps_p95_disp": 5.593305587768555,
  "tps_param_max": 4.0960001945495605,
  "tps_param_mean_abs": 1.0586953163146973,
  "tps_param_min": -4.0960001945495605
}
