{
  "Z": 0.06765437126159668,
  "best_Z_so_far": 0.06773942708969116,
  "best_iter_so_far": 2394,
  "case_id": "face_002__add_headphones",
  "combined_max_disp_px": 7.162501335144043,
  "combined_mean_disp_px": 3.030853271484375,
  "combined_p95_disp_px": 5.871886730194092,
  "components_at_boundary": "tps",
  "dct_enabled": 1,
  "dct_grad_norm": 0.012454953044652939,
  "dct_max_disp": 7.112119674682617,
  "dct_mean_disp": 2.733248233795166,
  "dct_num_at_max": 0,
  "dct_num_at_min": 0,
  "dct_p95_disp": 5.309724807739258,
  "dct_param_max": 1.1159049272537231,
  "dct_param_mean_abs": 0.48403891921043396,
  "dct_param_min": -1.3618559837341309,
  "delaunay_enabled": 1,
  "delaunay_grad_norm": 0.002354634925723076,
  "delaunay_max_disp": 8.280136108398438,
  "delaunay_mean_disp": 2.1005542278289795,
  "delaunay_num_at_max": 0,
  "delaunay_num_at_min": 0,
  "delaunay_p95_disp": 5.509438514709473,
  "delaunay_param_max": 5.395898342132568,
  "delaunay_param_mean_abs": 1.134456992149353,
  "delaunay_param_min": -6.516403675079346,
  "face_id": "face_002",
  "fft_phase_enabled": 0,
  "fft_phase_grad_norm": 0.0,
  "fft_phase_max_abs": 0.0,
  "fft_phase_mean_abs": 0.0,
  "fft_phase_norm": 0.0,
  "fft_phase_num_at_max": 0,
  "fft_phase_num_at_min": 0,
  "fft_phase_num_clamped": 0,
  "fft_spatial_delta_mse": 0.0,
  "foldover_fraction": 0.0,
  "fraction_clamped_total": 0.022727272727272728,
  "identity_angle_degrees": 21.19654083251953,
  "identity_angle_radians": 0.36994943022727966,
  "identity_cosine_distance": 0.06765437126159668,
  "identity_cosine_similarity_raw": 0.9323456287384033,
  "identity_l2_embedding_distance": 0.36784353852272034,
  "identity_similarity_score_pct": 93.23456573486328,
  "iter": 2825,
  "jacobian_det_min": 0.34852463006973267,
  "l2_to_original": 0.05934101715683937,
  "learning_rate": 0.05,
  "legacy_fft_strength_equivalent": 0.0,
  "loss": -0.06765437126159668,
  "mse_to_original": 0.003521356265991926,
  "num_at_max_total": 1,
  "num_at_min_total": 2,
  "num_clamped_total": 3,
  "num_total_params": 132,
  "original_embedding_norm": 1.0,
  "peak_vram_gb": 2.987697124481201,
  "perturbed_embedding_norm": 0.9999999403953552,
  "prompt": "add headphones",
  "psnr_to_original": 24.532900338542238,
  "rolling_enabled": 1,
  "rolling_grad_norm": 0.0008201689925044775,
  "rolling_max_disp": 0.9115543365478516,
  "rolling_mean_disp": 0.5378440618515015,
  "rolling_num_at_max": 0,
  "rolling_num_at_min": 0,
  "rolling_p95_disp": 0.906270444393158,
  "rolling_param_max": 1.2595752477645874,
  "rolling_param_mean_abs": 1.3749194145202637,
  "rolling_param_min": -1.4902637004852295,
  "seconds_elapsed": 256.1817234605551,
  "seconds_iter": 0.0673135258257389,
  "seed": 438717,
  "smoothness_tv": 0.06160859018564224,
  "ssim_to_original": 0.9731723070144653,
  "total_geometry_grad_norm": 0.013023223727941513,
  "total_grad_norm": 0.013023223727941513,
  "tps_enabled": 1,
  "tps_grad_norm": 0.0028742863796651363,
  "tps_max_disp": 5.358008861541748,
  "tps_mean_disp": 1.746588945388794,
  "tps_num_at_max": 1,
  "tps_num_at_min": 2,
  "tps_p95_disp": 4.120582580566406,
  "tps_param_max": 4.0960001945495605,
  "tps_param_mean_abs": 0.7452589869499207,
  "tps_param_min": -4.0960001945495605
}
