{
  "Z": 0.09882748126983643,
  "best_Z_so_far": 0.0990496277809143,
  "best_iter_so_far": 2316,
  "case_id": "face_005__add_headphones",
  "combined_max_disp_px": 11.89820384979248,
  "combined_mean_disp_px": 4.192331790924072,
  "combined_p95_disp_px": 8.882494926452637,
  "components_at_boundary": "tps",
  "dct_enabled": 1,
  "dct_grad_norm": 0.020106956362724304,
  "dct_max_disp": 9.137986183166504,
  "dct_mean_disp": 3.438419818878174,
  "dct_num_at_max": 0,
  "dct_num_at_min": 0,
  "dct_p95_disp": 6.904261589050293,
  "dct_param_max": 1.1055808067321777,
  "dct_param_mean_abs": 0.6260275840759277,
  "dct_param_min": -1.6538203954696655,
  "delaunay_enabled": 1,
  "delaunay_grad_norm": 0.0034588102716952562,
  "delaunay_max_disp": 8.334847450256348,
  "delaunay_mean_disp": 1.483888030052185,
  "delaunay_num_at_max": 0,
  "delaunay_num_at_min": 0,
  "delaunay_p95_disp": 5.162081241607666,
  "delaunay_param_max": 6.813164710998535,
  "delaunay_param_mean_abs": 0.7546541690826416,
  "delaunay_param_min": -1.2919161319732666,
  "face_id": "face_005",
  "fft_phase_enabled": 0,
  "fft_phase_grad_norm": 0.0,
  "fft_phase_max_abs": 0.0,
  "fft_phase_mean_abs": 0.0,
  "fft_phase_norm": 0.0,
  "fft_phase_num_at_max": 0,
  "fft_phase_num_at_min": 0,
  "fft_phase_num_clamped": 0,
  "fft_spatial_delta_mse": 0.0,
  "foldover_fraction": 0.0,
  "fraction_clamped_total": 0.03787878787878788,
  "identity_angle_degrees": 25.687379837036133,
  "identity_angle_radians": 0.448329359292984,
  "identity_cosine_distance": 0.09882748126983643,
  "identity_cosine_similarity_raw": 0.9011725187301636,
  "identity_l2_embedding_distance": 0.44458433985710144,
  "identity_similarity_score_pct": 90.11724853515625,
  "iter": 2700,
  "jacobian_det_min": 0.4783098101615906,
  "l2_to_original": 0.07152736186981201,
  "learning_rate": 0.05,
  "legacy_fft_strength_equivalent": 0.0,
  "loss": -0.09882748126983643,
  "mse_to_original": 0.00511616375297308,
  "num_at_max_total": 2,
  "num_at_min_total": 3,
  "num_clamped_total": 5,
  "num_total_params": 132,
  "original_embedding_norm": 0.9999999403953552,
  "peak_vram_gb": 2.993251323699951,
  "perturbed_embedding_norm": 0.9999999403953552,
  "prompt": "add headphones",
  "psnr_to_original": 22.910555635142455,
  "rolling_enabled": 1,
  "rolling_grad_norm": 0.0011247181100770831,
  "rolling_max_disp": 2.0195186138153076,
  "rolling_mean_disp": 1.196563720703125,
  "rolling_num_at_max": 0,
  "rolling_num_at_min": 0,
  "rolling_p95_disp": 1.9829936027526855,
  "rolling_param_max": 2.065701723098755,
  "rolling_param_mean_abs": 1.2450329065322876,
  "rolling_param_min": 0.4243640899658203,
  "seconds_elapsed": 247.14313898608088,
  "seconds_iter": 0.054830100387334824,
  "seed": 405993,
  "smoothness_tv": 0.08647365868091583,
  "ssim_to_original": 0.961337149143219,
  "total_geometry_grad_norm": 0.020854344591498375,
  "total_grad_norm": 0.020854344591498375,
  "tps_enabled": 1,
  "tps_grad_norm": 0.004169609397649765,
  "tps_max_disp": 6.837314128875732,
  "tps_mean_disp": 2.5936524868011475,
  "tps_num_at_max": 2,
  "tps_num_at_min": 3,
  "tps_p95_disp": 5.62056303024292,
  "tps_param_max": 4.0960001945495605,
  "tps_param_mean_abs": 1.1036114692687988,
  "tps_param_min": -4.0960001945495605
}
