{
  "Z": 0.05875897407531738,
  "best_Z_so_far": 0.05882728099822998,
  "best_iter_so_far": 1818,
  "case_id": "face_002__add_black_sunglasses",
  "combined_max_disp_px": 6.233679294586182,
  "combined_mean_disp_px": 2.6970937252044678,
  "combined_p95_disp_px": 4.752453804016113,
  "components_at_boundary": "tps",
  "dct_enabled": 1,
  "dct_grad_norm": 0.015548174269497395,
  "dct_max_disp": 7.07926082611084,
  "dct_mean_disp": 2.968099355697632,
  "dct_num_at_max": 0,
  "dct_num_at_min": 0,
  "dct_p95_disp": 6.2996721267700195,
  "dct_param_max": 1.6499218940734863,
  "dct_param_mean_abs": 0.5073971748352051,
  "dct_param_min": -2.094271183013916,
  "delaunay_enabled": 1,
  "delaunay_grad_norm": 0.002412821864709258,
  "delaunay_max_disp": 8.804121017456055,
  "delaunay_mean_disp": 2.6318089962005615,
  "delaunay_num_at_max": 0,
  "delaunay_num_at_min": 0,
  "delaunay_p95_disp": 6.612951278686523,
  "delaunay_param_max": 5.352414608001709,
  "delaunay_param_mean_abs": 1.3057621717453003,
  "delaunay_param_min": -7.047861576080322,
  "face_id": "face_002",
  "fft_phase_enabled": 0,
  "fft_phase_grad_norm": 0.0,
  "fft_phase_max_abs": 0.0,
  "fft_phase_mean_abs": 0.0,
  "fft_phase_norm": 0.0,
  "fft_phase_num_at_max": 0,
  "fft_phase_num_at_min": 0,
  "fft_phase_num_clamped": 0,
  "fft_spatial_delta_mse": 0.0,
  "foldover_fraction": 0.0,
  "fraction_clamped_total": 0.015151515151515152,
  "identity_angle_degrees": 19.73897361755371,
  "identity_angle_radians": 0.3445100784301758,
  "identity_cosine_distance": 0.05875897407531738,
  "identity_cosine_similarity_raw": 0.9412410259246826,
  "identity_l2_embedding_distance": 0.34280896186828613,
  "identity_similarity_score_pct": 94.12409973144531,
  "iter": 1875,
  "jacobian_det_min": 0.5043016672134399,
  "l2_to_original": 0.05816173180937767,
  "learning_rate": 0.05,
  "legacy_fft_strength_equivalent": 0.0,
  "loss": -0.05875897407531738,
  "mse_to_original": 0.0033827871084213257,
  "num_at_max_total": 1,
  "num_at_min_total": 1,
  "num_clamped_total": 2,
  "num_total_params": 132,
  "original_embedding_norm": 1.0,
  "peak_vram_gb": 0.4965987205505371,
  "perturbed_embedding_norm": 1.0,
  "prompt": "add black sunglasses",
  "psnr_to_original": 24.707253331452605,
  "rolling_enabled": 1,
  "rolling_grad_norm": 0.0002893950149882585,
  "rolling_max_disp": 0.84442138671875,
  "rolling_mean_disp": 0.3413606286048889,
  "rolling_num_at_max": 0,
  "rolling_num_at_min": 0,
  "rolling_p95_disp": 0.7064709067344666,
  "rolling_param_max": 1.0996131896972656,
  "rolling_param_mean_abs": 1.0497267246246338,
  "rolling_param_min": -0.9998401403427124,
  "seconds_elapsed": 155.10260721296072,
  "seconds_iter": 0.06881753914058208,
  "seed": 250852,
  "smoothness_tv": 0.05678045004606247,
  "ssim_to_original": 0.9742009043693542,
  "total_geometry_grad_norm": 0.015966277569532394,
  "total_grad_norm": 0.015966277569532394,
  "tps_enabled": 1,
  "tps_grad_norm": 0.0026964531280100346,
  "tps_max_disp": 4.76078462600708,
  "tps_mean_disp": 1.67002534866333,
  "tps_num_at_max": 1,
  "tps_num_at_min": 1,
  "tps_p95_disp": 4.099696159362793,
  "tps_param_max": 4.0960001945495605,
  "tps_param_mean_abs": 0.7283649444580078,
  "tps_param_min": -4.0960001945495605
}
