{
  "Z": 0.10025286674499512,
  "best_Z_so_far": 0.10029983520507812,
  "best_iter_so_far": 597,
  "case_id": "face_005__add_black_sunglasses",
  "combined_max_disp_px": 12.835740089416504,
  "combined_mean_disp_px": 4.373661994934082,
  "combined_p95_disp_px": 8.68887996673584,
  "components_at_boundary": "tps",
  "dct_enabled": 1,
  "dct_grad_norm": 0.012217123992741108,
  "dct_max_disp": 13.461405754089355,
  "dct_mean_disp": 3.602653980255127,
  "dct_num_at_max": 0,
  "dct_num_at_min": 0,
  "dct_p95_disp": 7.272078037261963,
  "dct_param_max": 1.3443514108657837,
  "dct_param_mean_abs": 0.7056751251220703,
  "dct_param_min": -1.7015793323516846,
  "delaunay_enabled": 1,
  "delaunay_grad_norm": 0.002382074948400259,
  "delaunay_max_disp": 7.275757789611816,
  "delaunay_mean_disp": 1.2406916618347168,
  "delaunay_num_at_max": 0,
  "delaunay_num_at_min": 0,
  "delaunay_p95_disp": 3.7593915462493896,
  "delaunay_param_max": 5.31619119644165,
  "delaunay_param_mean_abs": 0.7082948088645935,
  "delaunay_param_min": -2.3664751052856445,
  "face_id": "face_005",
  "fft_phase_enabled": 0,
  "fft_phase_grad_norm": 0.0,
  "fft_phase_max_abs": 0.0,
  "fft_phase_mean_abs": 0.0,
  "fft_phase_norm": 0.0,
  "fft_phase_num_at_max": 0,
  "fft_phase_num_at_min": 0,
  "fft_phase_num_clamped": 0,
  "fft_spatial_delta_mse": 0.0,
  "foldover_fraction": 0.000640869140625,
  "fraction_clamped_total": 0.022727272727272728,
  "identity_angle_degrees": 25.875152587890625,
  "identity_angle_radians": 0.4516066014766693,
  "identity_cosine_distance": 0.10025286674499512,
  "identity_cosine_similarity_raw": 0.8997471332550049,
  "identity_l2_embedding_distance": 0.4477788507938385,
  "identity_similarity_score_pct": 89.97471618652344,
  "iter": 600,
  "jacobian_det_min": -0.12806181609630585,
  "l2_to_original": 0.06996607035398483,
  "learning_rate": 0.05,
  "legacy_fft_strength_equivalent": 0.0,
  "loss": -0.10025286674499512,
  "mse_to_original": 0.004895250778645277,
  "num_at_max_total": 3,
  "num_at_min_total": 0,
  "num_clamped_total": 3,
  "num_total_params": 132,
  "original_embedding_norm": 0.9999999403953552,
  "peak_vram_gb": 2.991054058074951,
  "perturbed_embedding_norm": 1.0,
  "prompt": "add black sunglasses",
  "psnr_to_original": 23.102250548328442,
  "rolling_enabled": 1,
  "rolling_grad_norm": 0.00104783836286515,
  "rolling_max_disp": 1.2452043294906616,
  "rolling_mean_disp": 0.31581252813339233,
  "rolling_num_at_max": 0,
  "rolling_num_at_min": 0,
  "rolling_p95_disp": 1.1004047393798828,
  "rolling_param_max": 1.4809801578521729,
  "rolling_param_mean_abs": 1.1163853406906128,
  "rolling_param_min": -0.7517905235290527,
  "seconds_elapsed": 56.657044630497694,
  "seconds_iter": 0.07592968456447124,
  "seed": 67119,
  "smoothness_tv": 0.09970712661743164,
  "ssim_to_original": 0.9629753232002258,
  "total_geometry_grad_norm": 0.012800074182450771,
  "total_grad_norm": 0.012800074182450771,
  "tps_enabled": 1,
  "tps_grad_norm": 0.0027949116192758083,
  "tps_max_disp": 5.758644104003906,
  "tps_mean_disp": 1.837477445602417,
  "tps_num_at_max": 3,
  "tps_num_at_min": 0,
  "tps_p95_disp": 4.291697025299072,
  "tps_param_max": 4.0960001945495605,
  "tps_param_mean_abs": 0.8448358178138733,
  "tps_param_min": -3.9399032592773438
}
