{
  "Z": 0.05961829423904419,
  "best_Z_so_far": 0.05961829423904419,
  "best_iter_so_far": 200,
  "case_id": "face_002__add_headphones",
  "combined_max_disp_px": 7.294667720794678,
  "combined_mean_disp_px": 2.951298713684082,
  "combined_p95_disp_px": 5.620041370391846,
  "components_at_boundary": "",
  "dct_enabled": 1,
  "dct_grad_norm": 0.014330391772091389,
  "dct_max_disp": 6.125789165496826,
  "dct_mean_disp": 2.480950355529785,
  "dct_num_at_max": 0,
  "dct_num_at_min": 0,
  "dct_p95_disp": 4.750911235809326,
  "dct_param_max": 0.8307878375053406,
  "dct_param_mean_abs": 0.44403162598609924,
  "dct_param_min": -1.0806055068969727,
  "delaunay_enabled": 1,
  "delaunay_grad_norm": 0.0029485602863132954,
  "delaunay_max_disp": 5.93060302734375,
  "delaunay_mean_disp": 0.761181652545929,
  "delaunay_num_at_max": 0,
  "delaunay_num_at_min": 0,
  "delaunay_p95_disp": 2.5944411754608154,
  "delaunay_param_max": 4.759317398071289,
  "delaunay_param_mean_abs": 0.4453766942024231,
  "delaunay_param_min": -3.6210007667541504,
  "face_id": "face_002",
  "fft_phase_enabled": 0,
  "fft_phase_grad_norm": 0.0,
  "fft_phase_max_abs": 0.0,
  "fft_phase_mean_abs": 0.0,
  "fft_phase_norm": 0.0,
  "fft_phase_num_at_max": 0,
  "fft_phase_num_at_min": 0,
  "fft_phase_num_clamped": 0,
  "fft_spatial_delta_mse": 0.0,
  "foldover_fraction": 0.0,
  "fraction_clamped_total": 0.0,
  "identity_angle_degrees": 19.884241104125977,
  "identity_angle_radians": 0.3470454812049866,
  "identity_cosine_distance": 0.05961829423904419,
  "identity_cosine_similarity_raw": 0.9403817057609558,
  "identity_l2_embedding_distance": 0.34530672430992126,
  "identity_similarity_score_pct": 94.03816986083984,
  "iter": 200,
  "jacobian_det_min": 0.48675936460494995,
  "l2_to_original": 0.060127511620521545,
  "learning_rate": 0.05,
  "legacy_fft_strength_equivalent": 0.0,
  "loss": -0.05961829423904419,
  "mse_to_original": 0.0036153176333755255,
  "num_at_max_total": 0,
  "num_at_min_total": 0,
  "num_clamped_total": 0,
  "num_total_params": 132,
  "original_embedding_norm": 1.0,
  "peak_vram_gb": 2.987697124481201,
  "perturbed_embedding_norm": 1.0,
  "prompt": "add headphones",
  "psnr_to_original": 24.418535405928928,
  "rolling_enabled": 1,
  "rolling_grad_norm": 0.0008270424441434443,
  "rolling_max_disp": 0.5532674193382263,
  "rolling_mean_disp": 0.14800290763378143,
  "rolling_num_at_max": 0,
  "rolling_num_at_min": 0,
  "rolling_p95_disp": 0.4856712818145752,
  "rolling_param_max": 0.6739528775215149,
  "rolling_param_mean_abs": 0.5379303693771362,
  "rolling_param_min": -0.40190786123275757,
  "seconds_elapsed": 18.084977753460407,
  "seconds_iter": 0.070921141654253,
  "seed": 438717,
  "smoothness_tv": 0.05675709247589111,
  "ssim_to_original": 0.9724497199058533,
  "total_geometry_grad_norm": 0.014978229999542236,
  "total_grad_norm": 0.014978229999542236,
  "tps_enabled": 1,
  "tps_grad_norm": 0.00309987785294652,
  "tps_max_disp": 2.222830057144165,
  "tps_mean_disp": 0.6384334564208984,
  "tps_num_at_max": 0,
  "tps_num_at_min": 0,
  "tps_p95_disp": 1.759421706199646,
  "tps_param_max": 2.2185757160186768,
  "tps_param_mean_abs": 0.3023187816143036,
  "tps_param_min": -1.8800749778747559
}
