{
  "Z": 0.08753800392150879,
  "best_Z_so_far": 0.08753800392150879,
  "best_iter_so_far": 75,
  "case_id": "face_005__add_black_sunglasses",
  "combined_max_disp_px": 10.525501251220703,
  "combined_mean_disp_px": 4.057086944580078,
  "combined_p95_disp_px": 7.858816623687744,
  "components_at_boundary": "",
  "dct_enabled": 1,
  "dct_grad_norm": 0.015436463057994843,
  "dct_max_disp": 9.692423820495605,
  "dct_mean_disp": 3.291689872741699,
  "dct_num_at_max": 0,
  "dct_num_at_min": 0,
  "dct_p95_disp": 7.005015850067139,
  "dct_param_max": 1.2953158617019653,
  "dct_param_mean_abs": 0.642549455165863,
  "dct_param_min": -1.3914507627487183,
  "delaunay_enabled": 1,
  "delaunay_grad_norm": 0.002767742145806551,
  "delaunay_max_disp": 2.2253518104553223,
  "delaunay_mean_disp": 0.6479138731956482,
  "delaunay_num_at_max": 0,
  "delaunay_num_at_min": 0,
  "delaunay_p95_disp": 1.5783677101135254,
  "delaunay_param_max": 2.219717025756836,
  "delaunay_param_mean_abs": 0.351015567779541,
  "delaunay_param_min": -1.8243807554244995,
  "face_id": "face_005",
  "fft_phase_enabled": 0,
  "fft_phase_grad_norm": 0.0,
  "fft_phase_max_abs": 0.0,
  "fft_phase_mean_abs": 0.0,
  "fft_phase_norm": 0.0,
  "fft_phase_num_at_max": 0,
  "fft_phase_num_at_min": 0,
  "fft_phase_num_clamped": 0,
  "fft_spatial_delta_mse": 0.0,
  "foldover_fraction": 0.0,
  "fraction_clamped_total": 0.0,
  "identity_angle_degrees": 24.152170181274414,
  "identity_angle_radians": 0.4215348958969116,
  "identity_cosine_distance": 0.08753800392150879,
  "identity_cosine_similarity_raw": 0.9124619960784912,
  "identity_l2_embedding_distance": 0.41842103004455566,
  "identity_similarity_score_pct": 91.24620056152344,
  "iter": 75,
  "jacobian_det_min": 0.24841569364070892,
  "l2_to_original": 0.06920799612998962,
  "learning_rate": 0.05,
  "legacy_fft_strength_equivalent": 0.0,
  "loss": -0.08753800392150879,
  "mse_to_original": 0.00478974636644125,
  "num_at_max_total": 0,
  "num_at_min_total": 0,
  "num_clamped_total": 0,
  "num_total_params": 132,
  "original_embedding_norm": 0.9999999403953552,
  "peak_vram_gb": 2.991054058074951,
  "perturbed_embedding_norm": 1.0,
  "prompt": "add black sunglasses",
  "psnr_to_original": 23.196874833644333,
  "rolling_enabled": 1,
  "rolling_grad_norm": 0.0006442632875405252,
  "rolling_max_disp": 0.8013252019882202,
  "rolling_mean_disp": 0.2836129069328308,
  "rolling_num_at_max": 0,
  "rolling_num_at_min": 0,
  "rolling_p95_disp": 0.7424666881561279,
  "rolling_param_max": 0.9017163515090942,
  "rolling_param_mean_abs": 0.5533086657524109,
  "rolling_param_min": -0.20490097999572754,
  "seconds_elapsed": 6.983296249061823,
  "seconds_iter": 0.06920163705945015,
  "seed": 67119,
  "smoothness_tv": 0.08581037819385529,
  "ssim_to_original": 0.9638168215751648,
  "total_geometry_grad_norm": 0.016003232449293137,
  "total_grad_norm": 0.016003232449293137,
  "tps_enabled": 1,
  "tps_grad_norm": 0.0031214668415486813,
  "tps_max_disp": 2.0931191444396973,
  "tps_mean_disp": 0.7020063400268555,
  "tps_num_at_max": 0,
  "tps_num_at_min": 0,
  "tps_p95_disp": 1.6397978067398071,
  "tps_param_max": 2.06108021736145,
  "tps_param_mean_abs": 0.2896840572357178,
  "tps_param_min": -1.3981256484985352
}
