{
  "Z": 0.06725811958312988,
  "best_Z_so_far": 0.06778240203857422,
  "best_iter_so_far": 4380,
  "case_id": "face_002__add_headphones",
  "combined_max_disp_px": 7.223999500274658,
  "combined_mean_disp_px": 3.036250114440918,
  "combined_p95_disp_px": 5.8975958824157715,
  "components_at_boundary": "tps",
  "dct_enabled": 1,
  "dct_grad_norm": 0.026178553700447083,
  "dct_max_disp": 7.190124988555908,
  "dct_mean_disp": 2.7636427879333496,
  "dct_num_at_max": 0,
  "dct_num_at_min": 0,
  "dct_p95_disp": 5.3843092918396,
  "dct_param_max": 1.1397994756698608,
  "dct_param_mean_abs": 0.4842354655265808,
  "dct_param_min": -1.3971768617630005,
  "delaunay_enabled": 1,
  "delaunay_grad_norm": 0.004791272804141045,
  "delaunay_max_disp": 8.162758827209473,
  "delaunay_mean_disp": 2.112138271331787,
  "delaunay_num_at_max": 0,
  "delaunay_num_at_min": 0,
  "delaunay_p95_disp": 5.543497562408447,
  "delaunay_param_max": 5.442867279052734,
  "delaunay_param_mean_abs": 1.1471858024597168,
  "delaunay_param_min": -6.470526218414307,
  "face_id": "face_002",
  "fft_phase_enabled": 0,
  "fft_phase_grad_norm": 0.0,
  "fft_phase_max_abs": 0.0,
  "fft_phase_mean_abs": 0.0,
  "fft_phase_norm": 0.0,
  "fft_phase_num_at_max": 0,
  "fft_phase_num_at_min": 0,
  "fft_phase_num_clamped": 0,
  "fft_spatial_delta_mse": 0.0,
  "foldover_fraction": 0.0,
  "fraction_clamped_total": 0.007575757575757576,
  "identity_angle_degrees": 21.1336612701416,
  "identity_angle_radians": 0.3688519597053528,
  "identity_cosine_distance": 0.06725811958312988,
  "identity_cosine_similarity_raw": 0.9327418804168701,
  "identity_l2_embedding_distance": 0.36676472425460815,
  "identity_similarity_score_pct": 93.27418518066406,
  "iter": 4425,
  "jacobian_det_min": 0.3449930250644684,
  "l2_to_original": 0.059524014592170715,
  "learning_rate": 0.05,
  "legacy_fft_strength_equivalent": 0.0,
  "loss": -0.06725811958312988,
  "mse_to_original": 0.0035431082360446453,
  "num_at_max_total": 0,
  "num_at_min_total": 1,
  "num_clamped_total": 1,
  "num_total_params": 132,
  "original_embedding_norm": 1.0,
  "peak_vram_gb": 2.987697124481201,
  "perturbed_embedding_norm": 1.0,
  "prompt": "add headphones",
  "psnr_to_original": 24.506155804924106,
  "rolling_enabled": 1,
  "rolling_grad_norm": 0.003402464557439089,
  "rolling_max_disp": 1.0055180788040161,
  "rolling_mean_disp": 0.502723217010498,
  "rolling_num_at_max": 0,
  "rolling_num_at_min": 0,
  "rolling_p95_disp": 0.8186135292053223,
  "rolling_param_max": 1.359763503074646,
  "rolling_param_mean_abs": 1.3947386741638184,
  "rolling_param_min": -1.4297138452529907,
  "seconds_elapsed": 395.46776353754103,
  "seconds_iter": 0.07561932876706123,
  "seed": 438717,
  "smoothness_tv": 0.06185457855463028,
  "ssim_to_original": 0.9730067253112793,
  "total_geometry_grad_norm": 0.02747317962348461,
  "total_grad_norm": 0.02747317962348461,
  "tps_enabled": 1,
  "tps_grad_norm": 0.005909813567996025,
  "tps_max_disp": 5.55915641784668,
  "tps_mean_disp": 1.7666370868682861,
  "tps_num_at_max": 0,
  "tps_num_at_min": 1,
  "tps_p95_disp": 4.160831928253174,
  "tps_param_max": 4.094488143920898,
  "tps_param_mean_abs": 0.7567223310470581,
  "tps_param_min": -4.0960001945495605
}
