{
  "Z": 0.10299438238143921,
  "best_Z_so_far": 0.10315835475921631,
  "best_iter_so_far": 3418,
  "case_id": "face_005__add_black_sunglasses",
  "combined_max_disp_px": 18.14449691772461,
  "combined_mean_disp_px": 4.554591178894043,
  "combined_p95_disp_px": 9.272725105285645,
  "components_at_boundary": "delaunay,tps",
  "dct_enabled": 1,
  "dct_grad_norm": 0.016827145591378212,
  "dct_max_disp": 18.52054214477539,
  "dct_mean_disp": 4.19888162612915,
  "dct_num_at_max": 0,
  "dct_num_at_min": 0,
  "dct_p95_disp": 8.064589500427246,
  "dct_param_max": 1.7772510051727295,
  "dct_param_mean_abs": 0.8158730864524841,
  "dct_param_min": -1.9177095890045166,
  "delaunay_enabled": 1,
  "delaunay_grad_norm": 0.0033704033121466637,
  "delaunay_max_disp": 10.007009506225586,
  "delaunay_mean_disp": 1.7618790864944458,
  "delaunay_num_at_max": 1,
  "delaunay_num_at_min": 0,
  "delaunay_p95_disp": 5.909627914428711,
  "delaunay_param_max": 7.679999828338623,
  "delaunay_param_mean_abs": 1.0210453271865845,
  "delaunay_param_min": -2.964334487915039,
  "face_id": "face_005",
  "fft_phase_enabled": 0,
  "fft_phase_grad_norm": 0.0,
  "fft_phase_max_abs": 0.0,
  "fft_phase_mean_abs": 0.0,
  "fft_phase_norm": 0.0,
  "fft_phase_num_at_max": 0,
  "fft_phase_num_at_min": 0,
  "fft_phase_num_clamped": 0,
  "fft_spatial_delta_mse": 0.0,
  "foldover_fraction": 0.002796173095703125,
  "fraction_clamped_total": 0.05303030303030303,
  "identity_angle_degrees": 26.2327823638916,
  "identity_angle_radians": 0.4578484296798706,
  "identity_cosine_distance": 0.10299438238143921,
  "identity_cosine_similarity_raw": 0.8970056176185608,
  "identity_l2_embedding_distance": 0.4538601338863373,
  "identity_similarity_score_pct": 89.7005615234375,
  "iter": 3550,
  "jacobian_det_min": -0.6861438155174255,
  "l2_to_original": 0.0709322988986969,
  "learning_rate": 0.05,
  "legacy_fft_strength_equivalent": 0.0,
  "loss": -0.10299438238143921,
  "mse_to_original": 0.00503139104694128,
  "num_at_max_total": 4,
  "num_at_min_total": 3,
  "num_clamped_total": 7,
  "num_total_params": 132,
  "original_embedding_norm": 0.9999999403953552,
  "peak_vram_gb": 2.991054058074951,
  "perturbed_embedding_norm": 1.0,
  "prompt": "add black sunglasses",
  "psnr_to_original": 22.98311927371351,
  "rolling_enabled": 1,
  "rolling_grad_norm": 0.0002555464452598244,
  "rolling_max_disp": 0.597448468208313,
  "rolling_mean_disp": 0.15400248765945435,
  "rolling_num_at_max": 0,
  "rolling_num_at_min": 0,
  "rolling_p95_disp": 0.5357999801635742,
  "rolling_param_max": 0.6956665515899658,
  "rolling_param_mean_abs": 0.4934466481208801,
  "rolling_param_min": -0.29122671484947205,
  "seconds_elapsed": 328.489255618304,
  "seconds_iter": 0.07163120992481709,
  "seed": 67119,
  "smoothness_tv": 0.10403497517108917,
  "ssim_to_original": 0.9619273543357849,
  "total_geometry_grad_norm": 0.017633279785513878,
  "total_grad_norm": 0.017633279785513878,
  "tps_enabled": 1,
  "tps_grad_norm": 0.004044101107865572,
  "tps_max_disp": 5.899228572845459,
  "tps_mean_disp": 2.373600482940674,
  "tps_num_at_max": 3,
  "tps_num_at_min": 3,
  "tps_p95_disp": 5.020353317260742,
  "tps_param_max": 4.0960001945495605,
  "tps_param_mean_abs": 1.0936719179153442,
  "tps_param_min": -4.0960001945495605
}
