{
  "Z": 0.06726723909378052,
  "best_Z_so_far": 0.06743907928466797,
  "best_iter_so_far": 1774,
  "case_id": "face_002__add_headphones",
  "combined_max_disp_px": 7.140829086303711,
  "combined_mean_disp_px": 3.0187220573425293,
  "combined_p95_disp_px": 5.880198001861572,
  "components_at_boundary": "tps",
  "dct_enabled": 1,
  "dct_grad_norm": 0.022729044780135155,
  "dct_max_disp": 6.764041423797607,
  "dct_mean_disp": 2.6102066040039062,
  "dct_num_at_max": 0,
  "dct_num_at_min": 0,
  "dct_p95_disp": 5.2656025886535645,
  "dct_param_max": 1.0252338647842407,
  "dct_param_mean_abs": 0.48003071546554565,
  "dct_param_min": -1.2512993812561035,
  "delaunay_enabled": 1,
  "delaunay_grad_norm": 0.003535190597176552,
  "delaunay_max_disp": 8.447257041931152,
  "delaunay_mean_disp": 2.044005870819092,
  "delaunay_num_at_max": 0,
  "delaunay_num_at_min": 0,
  "delaunay_p95_disp": 5.4730916023254395,
  "delaunay_param_max": 5.444568157196045,
  "delaunay_param_mean_abs": 1.1102321147918701,
  "delaunay_param_min": -6.5791096687316895,
  "face_id": "face_002",
  "fft_phase_enabled": 0,
  "fft_phase_grad_norm": 0.0,
  "fft_phase_max_abs": 0.0,
  "fft_phase_mean_abs": 0.0,
  "fft_phase_norm": 0.0,
  "fft_phase_num_at_max": 0,
  "fft_phase_num_at_min": 0,
  "fft_phase_num_clamped": 0,
  "fft_spatial_delta_mse": 0.0,
  "foldover_fraction": 0.0,
  "fraction_clamped_total": 0.007575757575757576,
  "identity_angle_degrees": 21.13511085510254,
  "identity_angle_radians": 0.36887726187705994,
  "identity_cosine_distance": 0.06726723909378052,
  "identity_cosine_similarity_raw": 0.9327327609062195,
  "identity_l2_embedding_distance": 0.3667896091938019,
  "identity_similarity_score_pct": 93.27327728271484,
  "iter": 1775,
  "jacobian_det_min": 0.3680189847946167,
  "l2_to_original": 0.05920036882162094,
  "learning_rate": 0.05,
  "legacy_fft_strength_equivalent": 0.0,
  "loss": -0.06726723909378052,
  "mse_to_original": 0.00350468372926116,
  "num_at_max_total": 0,
  "num_at_min_total": 1,
  "num_clamped_total": 1,
  "num_total_params": 132,
  "original_embedding_norm": 1.0,
  "peak_vram_gb": 2.987697124481201,
  "perturbed_embedding_norm": 1.0,
  "prompt": "add headphones",
  "psnr_to_original": 24.553511676642493,
  "rolling_enabled": 1,
  "rolling_grad_norm": 0.003980305977165699,
  "rolling_max_disp": 1.254345417022705,
  "rolling_mean_disp": 0.7151471376419067,
  "rolling_num_at_max": 0,
  "rolling_num_at_min": 0,
  "rolling_p95_disp": 1.248427391052246,
  "rolling_param_max": 1.3425984382629395,
  "rolling_param_mean_abs": 1.605515480041504,
  "rolling_param_min": -1.868432641029358,
  "seconds_elapsed": 162.42956470884383,
  "seconds_iter": 0.06891447119414806,
  "seed": 438717,
  "smoothness_tv": 0.061929889023303986,
  "ssim_to_original": 0.973301112651825,
  "total_geometry_grad_norm": 0.02374269999563694,
  "total_grad_norm": 0.02374269999563694,
  "tps_enabled": 1,
  "tps_grad_norm": 0.0043319701217114925,
  "tps_max_disp": 5.005641460418701,
  "tps_mean_disp": 1.677396297454834,
  "tps_num_at_max": 0,
  "tps_num_at_min": 1,
  "tps_p95_disp": 4.070670127868652,
  "tps_param_max": 4.000822067260742,
  "tps_param_mean_abs": 0.7174933552742004,
  "tps_param_min": -4.0960001945495605
}
