{
  "Z": 0.09782499074935913,
  "best_Z_so_far": 0.09799081087112427,
  "best_iter_so_far": 677,
  "case_id": "face_005__add_headphones",
  "combined_max_disp_px": 11.720137596130371,
  "combined_mean_disp_px": 4.181101322174072,
  "combined_p95_disp_px": 9.007988929748535,
  "components_at_boundary": "tps",
  "dct_enabled": 1,
  "dct_grad_norm": 0.02130669727921486,
  "dct_max_disp": 9.35741138458252,
  "dct_mean_disp": 3.319085121154785,
  "dct_num_at_max": 0,
  "dct_num_at_min": 0,
  "dct_p95_disp": 6.623507976531982,
  "dct_param_max": 1.1306170225143433,
  "dct_param_mean_abs": 0.6123538017272949,
  "dct_param_min": -1.5250434875488281,
  "delaunay_enabled": 1,
  "delaunay_grad_norm": 0.0028996786568313837,
  "delaunay_max_disp": 7.666813850402832,
  "delaunay_mean_disp": 1.2844510078430176,
  "delaunay_num_at_max": 0,
  "delaunay_num_at_min": 0,
  "delaunay_p95_disp": 4.046367645263672,
  "delaunay_param_max": 6.5913848876953125,
  "delaunay_param_mean_abs": 0.7147016525268555,
  "delaunay_param_min": -2.4907708168029785,
  "face_id": "face_005",
  "fft_phase_enabled": 0,
  "fft_phase_grad_norm": 0.0,
  "fft_phase_max_abs": 0.0,
  "fft_phase_mean_abs": 0.0,
  "fft_phase_norm": 0.0,
  "fft_phase_num_at_max": 0,
  "fft_phase_num_at_min": 0,
  "fft_phase_num_clamped": 0,
  "fft_spatial_delta_mse": 0.0,
  "foldover_fraction": 0.0,
  "fraction_clamped_total": 0.015151515151515152,
  "identity_angle_degrees": 25.554548263549805,
  "identity_angle_radians": 0.4460110068321228,
  "identity_cosine_distance": 0.09782499074935913,
  "identity_cosine_similarity_raw": 0.9021750092506409,
  "identity_l2_embedding_distance": 0.4423235356807709,
  "identity_similarity_score_pct": 90.21749877929688,
  "iter": 750,
  "jacobian_det_min": 0.46467962861061096,
  "l2_to_original": 0.07184749841690063,
  "learning_rate": 0.05,
  "legacy_fft_strength_equivalent": 0.0,
  "loss": -0.09782499074935913,
  "mse_to_original": 0.005162062589079142,
  "num_at_max_total": 2,
  "num_at_min_total": 0,
  "num_clamped_total": 2,
  "num_total_params": 132,
  "original_embedding_norm": 0.9999999403953552,
  "peak_vram_gb": 2.993251323699951,
  "perturbed_embedding_norm": 1.0,
  "prompt": "add headphones",
  "psnr_to_original": 22.87176734017855,
  "rolling_enabled": 1,
  "rolling_grad_norm": 0.004740686621516943,
  "rolling_max_disp": 1.9951990842819214,
  "rolling_mean_disp": 0.8174108266830444,
  "rolling_num_at_max": 0,
  "rolling_num_at_min": 0,
  "rolling_p95_disp": 1.8640515804290771,
  "rolling_param_max": 2.1869583129882812,
  "rolling_param_mean_abs": 1.2333972454071045,
  "rolling_param_min": -0.2798362970352173,
  "seconds_elapsed": 71.51948620937765,
  "seconds_iter": 0.04833334684371948,
  "seed": 405993,
  "smoothness_tv": 0.08587691187858582,
  "ssim_to_original": 0.961007833480835,
  "total_geometry_grad_norm": 0.022411441430449486,
  "total_grad_norm": 0.022411441430449486,
  "tps_enabled": 1,
  "tps_grad_norm": 0.004173145163804293,
  "tps_max_disp": 5.245055675506592,
  "tps_mean_disp": 2.001321792602539,
  "tps_num_at_max": 2,
  "tps_num_at_min": 0,
  "tps_p95_disp": 4.742053508758545,
  "tps_param_max": 4.0960001945495605,
  "tps_param_mean_abs": 0.8757126331329346,
  "tps_param_min": -3.320772409439087
}
