{
  "Z": 0.06679642200469971,
  "best_Z_so_far": 0.06687164306640625,
  "best_iter_so_far": 1447,
  "case_id": "face_002__add_headphones",
  "combined_max_disp_px": 7.197259902954102,
  "combined_mean_disp_px": 3.011590003967285,
  "combined_p95_disp_px": 5.885948181152344,
  "components_at_boundary": "",
  "dct_enabled": 1,
  "dct_grad_norm": 0.01296741608530283,
  "dct_max_disp": 6.6900482177734375,
  "dct_mean_disp": 2.521730899810791,
  "dct_num_at_max": 0,
  "dct_num_at_min": 0,
  "dct_p95_disp": 5.110054969787598,
  "dct_param_max": 0.9238191843032837,
  "dct_param_mean_abs": 0.47484931349754333,
  "dct_param_min": -1.0828497409820557,
  "delaunay_enabled": 1,
  "delaunay_grad_norm": 0.002514851978048682,
  "delaunay_max_disp": 8.335721969604492,
  "delaunay_mean_disp": 1.8980774879455566,
  "delaunay_num_at_max": 0,
  "delaunay_num_at_min": 0,
  "delaunay_p95_disp": 5.287388324737549,
  "delaunay_param_max": 5.354719638824463,
  "delaunay_param_mean_abs": 1.0036580562591553,
  "delaunay_param_min": -6.670251846313477,
  "face_id": "face_002",
  "fft_phase_enabled": 0,
  "fft_phase_grad_norm": 0.0,
  "fft_phase_max_abs": 0.0,
  "fft_phase_mean_abs": 0.0,
  "fft_phase_norm": 0.0,
  "fft_phase_num_at_max": 0,
  "fft_phase_num_at_min": 0,
  "fft_phase_num_clamped": 0,
  "fft_spatial_delta_mse": 0.0,
  "foldover_fraction": 0.0,
  "fraction_clamped_total": 0.0,
  "identity_angle_degrees": 21.06016731262207,
  "identity_angle_radians": 0.3675692677497864,
  "identity_cosine_distance": 0.06679642200469971,
  "identity_cosine_similarity_raw": 0.9332035779953003,
  "identity_l2_embedding_distance": 0.3655036687850952,
  "identity_similarity_score_pct": 93.32035827636719,
  "iter": 1450,
  "jacobian_det_min": 0.37016159296035767,
  "l2_to_original": 0.05905431881546974,
  "learning_rate": 0.05,
  "legacy_fft_strength_equivalent": 0.0,
  "loss": -0.06679642200469971,
  "mse_to_original": 0.0034874125849455595,
  "num_at_max_total": 0,
  "num_at_min_total": 0,
  "num_clamped_total": 0,
  "num_total_params": 132,
  "original_embedding_norm": 1.0,
  "peak_vram_gb": 2.987697124481201,
  "perturbed_embedding_norm": 1.0,
  "prompt": "add headphones",
  "psnr_to_original": 24.574966695539228,
  "rolling_enabled": 1,
  "rolling_grad_norm": 0.005320527590811253,
  "rolling_max_disp": 1.2899866104125977,
  "rolling_mean_disp": 0.7325214147567749,
  "rolling_num_at_max": 0,
  "rolling_num_at_min": 0,
  "rolling_p95_disp": 1.2834534645080566,
  "rolling_param_max": 1.3219008445739746,
  "rolling_param_mean_abs": 1.6083776950836182,
  "rolling_param_min": -1.8948544263839722,
  "seconds_elapsed": 132.47580695152283,
  "seconds_iter": 0.07476440258324146,
  "seed": 438717,
  "smoothness_tv": 0.06150028109550476,
  "ssim_to_original": 0.9734312295913696,
  "total_geometry_grad_norm": 0.01452066283673048,
  "total_grad_norm": 0.01452066283673048,
  "tps_enabled": 1,
  "tps_grad_norm": 0.002839587861672044,
  "tps_max_disp": 5.546712875366211,
  "tps_mean_disp": 1.6292552947998047,
  "tps_num_at_max": 0,
  "tps_num_at_min": 0,
  "tps_p95_disp": 4.044294357299805,
  "tps_param_max": 3.8959484100341797,
  "tps_param_mean_abs": 0.7109372615814209,
  "tps_param_min": -4.00405216217041
}
