{
  "Z": 0.05923682451248169,
  "best_Z_so_far": 0.059339940547943115,
  "best_iter_so_far": 4261,
  "case_id": "face_002__add_black_sunglasses",
  "combined_max_disp_px": 6.390861988067627,
  "combined_mean_disp_px": 2.7062649726867676,
  "combined_p95_disp_px": 4.696854591369629,
  "components_at_boundary": "tps",
  "dct_enabled": 1,
  "dct_grad_norm": 0.01261234376579523,
  "dct_max_disp": 6.4292683601379395,
  "dct_mean_disp": 2.919128656387329,
  "dct_num_at_max": 0,
  "dct_num_at_min": 0,
  "dct_p95_disp": 5.771327495574951,
  "dct_param_max": 1.480863094329834,
  "dct_param_mean_abs": 0.5098942518234253,
  "dct_param_min": -1.879022240638733,
  "delaunay_enabled": 1,
  "delaunay_grad_norm": 0.0020441252272576094,
  "delaunay_max_disp": 8.654451370239258,
  "delaunay_mean_disp": 2.758856773376465,
  "delaunay_num_at_max": 0,
  "delaunay_num_at_min": 0,
  "delaunay_p95_disp": 6.688018321990967,
  "delaunay_param_max": 6.043984889984131,
  "delaunay_param_mean_abs": 1.3628957271575928,
  "delaunay_param_min": -6.871150970458984,
  "face_id": "face_002",
  "fft_phase_enabled": 0,
  "fft_phase_grad_norm": 0.0,
  "fft_phase_max_abs": 0.0,
  "fft_phase_mean_abs": 0.0,
  "fft_phase_norm": 0.0,
  "fft_phase_num_at_max": 0,
  "fft_phase_num_at_min": 0,
  "fft_phase_num_clamped": 0,
  "fft_spatial_delta_mse": 0.0,
  "foldover_fraction": 0.0,
  "fraction_clamped_total": 0.015151515151515152,
  "identity_angle_degrees": 19.819881439208984,
  "identity_angle_radians": 0.34592217206954956,
  "identity_cosine_distance": 0.05923682451248169,
  "identity_cosine_similarity_raw": 0.9407631754875183,
  "identity_l2_embedding_distance": 0.3442002534866333,
  "identity_similarity_score_pct": 94.0763168334961,
  "iter": 4525,
  "jacobian_det_min": 0.47424420714378357,
  "l2_to_original": 0.05873825401067734,
  "learning_rate": 0.05,
  "legacy_fft_strength_equivalent": 0.0,
  "loss": -0.05923682451248169,
  "mse_to_original": 0.003450182266533375,
  "num_at_max_total": 1,
  "num_at_min_total": 1,
  "num_clamped_total": 2,
  "num_total_params": 132,
  "original_embedding_norm": 1.0,
  "peak_vram_gb": 0.4965987205505371,
  "perturbed_embedding_norm": 1.0,
  "prompt": "add black sunglasses",
  "psnr_to_original": 24.621579613734568,
  "rolling_enabled": 1,
  "rolling_grad_norm": 0.0008575792890042067,
  "rolling_max_disp": 0.9425913691520691,
  "rolling_mean_disp": 0.4872099757194519,
  "rolling_num_at_max": 0,
  "rolling_num_at_min": 0,
  "rolling_p95_disp": 0.8005596995353699,
  "rolling_param_max": 1.280743956565857,
  "rolling_param_mean_abs": 1.3312363624572754,
  "rolling_param_min": -1.3817286491394043,
  "seconds_elapsed": 378.24732702970505,
  "seconds_iter": 0.08012133836746216,
  "seed": 250852,
  "smoothness_tv": 0.05808721482753754,
  "ssim_to_original": 0.9736872315406799,
  "total_geometry_grad_norm": 0.013020353391766548,
  "total_grad_norm": 0.013020353391766548,
  "tps_enabled": 1,
  "tps_grad_norm": 0.0023546807933598757,
  "tps_max_disp": 5.481061935424805,
  "tps_mean_disp": 2.119791030883789,
  "tps_num_at_max": 1,
  "tps_num_at_min": 1,
  "tps_p95_disp": 4.676064491271973,
  "tps_param_max": 4.0960001945495605,
  "tps_param_mean_abs": 0.8878867626190186,
  "tps_param_min": -4.0960001945495605
}
