{
  "Z": 0.09894734621047974,
  "best_Z_so_far": 0.0990496277809143,
  "best_iter_so_far": 2316,
  "case_id": "face_005__add_headphones",
  "combined_max_disp_px": 11.915809631347656,
  "combined_mean_disp_px": 4.185986518859863,
  "combined_p95_disp_px": 8.888043403625488,
  "components_at_boundary": "tps",
  "dct_enabled": 1,
  "dct_grad_norm": 0.013434413820505142,
  "dct_max_disp": 9.211426734924316,
  "dct_mean_disp": 3.4331846237182617,
  "dct_num_at_max": 0,
  "dct_num_at_min": 0,
  "dct_p95_disp": 6.873654365539551,
  "dct_param_max": 1.1118388175964355,
  "dct_param_mean_abs": 0.6266567707061768,
  "dct_param_min": -1.649827003479004,
  "delaunay_enabled": 1,
  "delaunay_grad_norm": 0.002152133733034134,
  "delaunay_max_disp": 8.313050270080566,
  "delaunay_mean_disp": 1.468977689743042,
  "delaunay_num_at_max": 0,
  "delaunay_num_at_min": 0,
  "delaunay_p95_disp": 5.1322431564331055,
  "delaunay_param_max": 6.843774318695068,
  "delaunay_param_mean_abs": 0.7539772391319275,
  "delaunay_param_min": -1.3450037240982056,
  "face_id": "face_005",
  "fft_phase_enabled": 0,
  "fft_phase_grad_norm": 0.0,
  "fft_phase_max_abs": 0.0,
  "fft_phase_mean_abs": 0.0,
  "fft_phase_norm": 0.0,
  "fft_phase_num_at_max": 0,
  "fft_phase_num_at_min": 0,
  "fft_phase_num_clamped": 0,
  "fft_spatial_delta_mse": 0.0,
  "foldover_fraction": 0.0,
  "fraction_clamped_total": 0.03787878787878788,
  "identity_angle_degrees": 25.70322036743164,
  "identity_angle_radians": 0.44860580563545227,
  "identity_cosine_distance": 0.09894734621047974,
  "identity_cosine_similarity_raw": 0.9010526537895203,
  "identity_l2_embedding_distance": 0.44485384225845337,
  "identity_similarity_score_pct": 90.10526275634766,
  "iter": 2400,
  "jacobian_det_min": 0.48132649064064026,
  "l2_to_original": 0.07160235941410065,
  "learning_rate": 0.05,
  "legacy_fft_strength_equivalent": 0.0,
  "loss": -0.09894734621047974,
  "mse_to_original": 0.00512689771130681,
  "num_at_max_total": 2,
  "num_at_min_total": 3,
  "num_clamped_total": 5,
  "num_total_params": 132,
  "original_embedding_norm": 0.9999999403953552,
  "peak_vram_gb": 2.993251323699951,
  "perturbed_embedding_norm": 1.0,
  "prompt": "add headphones",
  "psnr_to_original": 22.90145347248145,
  "rolling_enabled": 1,
  "rolling_grad_norm": 0.0008206903003156185,
  "rolling_max_disp": 2.0263521671295166,
  "rolling_mean_disp": 1.1587843894958496,
  "rolling_num_at_max": 0,
  "rolling_num_at_min": 0,
  "rolling_p95_disp": 1.9774432182312012,
  "rolling_param_max": 2.0889477729797363,
  "rolling_param_mean_abs": 1.2190829515457153,
  "rolling_param_min": 0.34921810030937195,
  "seconds_elapsed": 219.86047239415348,
  "seconds_iter": 0.08454456925392151,
  "seed": 405993,
  "smoothness_tv": 0.08638961613178253,
  "ssim_to_original": 0.9612571597099304,
  "total_geometry_grad_norm": 0.013790090568363667,
  "total_grad_norm": 0.013790090568363667,
  "tps_enabled": 1,
  "tps_grad_norm": 0.0020923458505421877,
  "tps_max_disp": 6.8426313400268555,
  "tps_mean_disp": 2.5664095878601074,
  "tps_num_at_max": 2,
  "tps_num_at_min": 3,
  "tps_p95_disp": 5.614752292633057,
  "tps_param_max": 4.0960001945495605,
  "tps_param_mean_abs": 1.0925511121749878,
  "tps_param_min": -4.0960001945495605
}
