{
  "Z": 0.00027048587799072266,
  "best_Z_so_far": 0.00027048587799072266,
  "best_iter_so_far": 2,
  "case_id": "face_002__add_black_sunglasses",
  "combined_max_disp_px": 0.20277494192123413,
  "combined_mean_disp_px": 0.09272661805152893,
  "combined_p95_disp_px": 0.18265406787395477,
  "components_at_boundary": "",
  "dct_clipped_high_fraction": 2.4159749955288135e-05,
  "dct_clipped_low_fraction": 0.0011138916015625,
  "dct_coefficient_delta_l1": 0.0007425486110150814,
  "dct_coefficient_delta_l2": 0.002454223111271858,
  "dct_dc_energy": 21.73576545715332,
  "dct_enabled": 1,
  "dct_frequency_mask_mode": "all_ac",
  "dct_gain_grad_norm": 0.0010602683760225773,
  "dct_gain_l2": 0.9292300343513489,
  "dct_gain_max": 0.09774257242679596,
  "dct_gain_mean": -0.00542269553989172,
  "dct_gain_mean_abs": 0.058315981179475784,
  "dct_gain_min": -0.0915721133351326,
  "dct_high_frequency_energy_after": 9.187589603243396e-05,
  "dct_high_frequency_energy_before": 8.628358045825735e-05,
  "dct_input_coefficient_energy": 0.3421245515346527,
  "dct_low_frequency_energy_after": 0.016727082431316376,
  "dct_low_frequency_energy_before": 0.01577739603817463,
  "dct_mid_frequency_energy_after": 0.000601275241933763,
  "dct_mid_frequency_energy_before": 0.0006074201664887369,
  "dct_num_at_max": 0,
  "dct_num_at_min": 0,
  "dct_num_clamped": 0,
  "dct_output_coefficient_energy": 0.3422580659389496,
  "dct_relative_energy_change": 0.0003902508760802448,
  "dct_selected_frequency_count": 189,
  "dct_spatial_delta_l1": 0.0014651443343609571,
  "dct_spatial_delta_l2": 0.002439818112179637,
  "dct_spatial_delta_max_abs": 0.036042481660842896,
  "dct_spatial_delta_mse": 5.95271194470115e-06,
  "delaunay_enabled": 1,
  "delaunay_grad_norm": 0.0006078958977013826,
  "delaunay_max_disp": 0.07031094282865524,
  "delaunay_mean_disp": 0.02809046395123005,
  "delaunay_num_at_max": 0,
  "delaunay_num_at_min": 0,
  "delaunay_p95_disp": 0.060032010078430176,
  "delaunay_param_max": 0.088224858045578,
  "delaunay_param_mean_abs": 0.025983618572354317,
  "delaunay_param_min": -0.08766990154981613,
  "face_id": "face_002",
  "fft_phase_enabled": 0,
  "fft_phase_grad_norm": 0.0,
  "fft_phase_max_abs": 0.0,
  "fft_phase_mean_abs": 0.0,
  "fft_phase_norm": 0.0,
  "fft_phase_num_at_max": 0,
  "fft_phase_num_at_min": 0,
  "fft_phase_num_clamped": 0,
  "fft_spatial_delta_mse": 0.0,
  "foldover_fraction": 0.0,
  "fraction_clamped_total": 0.0,
  "identity_angle_degrees": 1.3326610326766968,
  "identity_angle_radians": 0.023259323090314865,
  "identity_cosine_distance": 0.00027048587799072266,
  "identity_cosine_similarity_raw": 0.9997295141220093,
  "identity_l2_embedding_distance": 0.02326030097901821,
  "identity_similarity_score_pct": 99.97295379638672,
  "iter": 2,
  "jacobian_det_min": 0.9933043122291565,
  "l2_to_original": 0.004270099103450775,
  "learning_rate": 0.05,
  "legacy_fft_strength_equivalent": 0.0,
  "loss": -0.00027048587799072266,
  "mse_to_original": 1.8233746231999248e-05,
  "num_at_max_total": 0,
  "num_at_min_total": 0,
  "num_clamped_total": 0,
  "num_total_params": 291,
  "original_embedding_norm": 1.0,
  "peak_vram_gb": 0.49208641052246094,
  "perturbed_embedding_norm": 1.0,
  "prompt": "add black sunglasses",
  "psnr_to_original": 47.39124093783936,
  "rolling_enabled": 1,
  "rolling_grad_norm": 0.0009652800508774817,
  "rolling_max_disp": 0.07741644233465195,
  "rolling_mean_disp": 0.05318167805671692,
  "rolling_num_at_max": 0,
  "rolling_num_at_min": 0,
  "rolling_p95_disp": 0.07725977897644043,
  "rolling_param_max": 0.08752161264419556,
  "rolling_param_mean_abs": 0.0874255895614624,
  "rolling_param_min": 0.08732955902814865,
  "seconds_elapsed": 4.08354726806283,
  "seconds_iter": 0.24808229692280293,
  "seed": 250852,
  "smoothness_tv": 0.0013617724180221558,
  "ssim_to_original": 0.9998613595962524,
  "total_geometry_grad_norm": 0.0017114976653829217,
  "total_grad_norm": 0.0017114976653829217,
  "tps_enabled": 1,
  "tps_grad_norm": 0.0007097551133483648,
  "tps_max_disp": 0.0807744562625885,
  "tps_mean_disp": 0.03877048194408417,
  "tps_num_at_max": 0,
  "tps_num_at_min": 0,
  "tps_p95_disp": 0.07357053458690643,
  "tps_param_max": 0.08834251761436462,
  "tps_param_mean_abs": 0.028122076764702797,
  "tps_param_min": -0.08873874694108963
}
