{
  "Z": 0.09737151861190796,
  "best_Z_so_far": 0.0975542664527893,
  "best_iter_so_far": 413,
  "case_id": "face_005__add_headphones",
  "combined_max_disp_px": 11.7171630859375,
  "combined_mean_disp_px": 4.172823905944824,
  "combined_p95_disp_px": 8.998687744140625,
  "components_at_boundary": "tps",
  "dct_enabled": 1,
  "dct_grad_norm": 0.013998737558722496,
  "dct_max_disp": 9.387203216552734,
  "dct_mean_disp": 3.2635130882263184,
  "dct_num_at_max": 0,
  "dct_num_at_min": 0,
  "dct_p95_disp": 6.407840251922607,
  "dct_param_max": 1.1294174194335938,
  "dct_param_mean_abs": 0.6012188196182251,
  "dct_param_min": -1.4439244270324707,
  "delaunay_enabled": 1,
  "delaunay_grad_norm": 0.002347601344808936,
  "delaunay_max_disp": 7.01852560043335,
  "delaunay_mean_disp": 1.181562900543213,
  "delaunay_num_at_max": 0,
  "delaunay_num_at_min": 0,
  "delaunay_p95_disp": 3.4947621822357178,
  "delaunay_param_max": 5.9896650314331055,
  "delaunay_param_mean_abs": 0.6569898724555969,
  "delaunay_param_min": -2.8969056606292725,
  "face_id": "face_005",
  "fft_phase_enabled": 0,
  "fft_phase_grad_norm": 0.0,
  "fft_phase_max_abs": 0.0,
  "fft_phase_mean_abs": 0.0,
  "fft_phase_norm": 0.0,
  "fft_phase_num_at_max": 0,
  "fft_phase_num_at_min": 0,
  "fft_phase_num_clamped": 0,
  "fft_spatial_delta_mse": 0.0,
  "foldover_fraction": 0.0,
  "fraction_clamped_total": 0.007575757575757576,
  "identity_angle_degrees": 25.49424934387207,
  "identity_angle_radians": 0.4449585974216461,
  "identity_cosine_distance": 0.09737151861190796,
  "identity_cosine_similarity_raw": 0.902628481388092,
  "identity_l2_embedding_distance": 0.4412972033023834,
  "identity_similarity_score_pct": 90.26284790039062,
  "iter": 425,
  "jacobian_det_min": 0.4892898201942444,
  "l2_to_original": 0.07187195867300034,
  "learning_rate": 0.05,
  "legacy_fft_strength_equivalent": 0.0,
  "loss": -0.09737151861190796,
  "mse_to_original": 0.005165578797459602,
  "num_at_max_total": 1,
  "num_at_min_total": 0,
  "num_clamped_total": 1,
  "num_total_params": 132,
  "original_embedding_norm": 0.9999999403953552,
  "peak_vram_gb": 2.993251323699951,
  "perturbed_embedding_norm": 1.0,
  "prompt": "add headphones",
  "psnr_to_original": 22.868810091957577,
  "rolling_enabled": 1,
  "rolling_grad_norm": 0.005479121580719948,
  "rolling_max_disp": 1.9287103414535522,
  "rolling_mean_disp": 0.6898036599159241,
  "rolling_num_at_max": 0,
  "rolling_num_at_min": 0,
  "rolling_p95_disp": 1.7888022661209106,
  "rolling_param_max": 2.1509766578674316,
  "rolling_param_mean_abs": 1.3101648092269897,
  "rolling_param_min": -0.46935293078422546,
  "seconds_elapsed": 42.33424653112888,
  "seconds_iter": 0.07578068040311337,
  "seed": 405993,
  "smoothness_tv": 0.08514221012592316,
  "ssim_to_original": 0.9609784483909607,
  "total_geometry_grad_norm": 0.01546545885503292,
  "total_grad_norm": 0.01546545885503292,
  "tps_enabled": 1,
  "tps_grad_norm": 0.0027719582431018353,
  "tps_max_disp": 4.768404006958008,
  "tps_mean_disp": 1.7270121574401855,
  "tps_num_at_max": 1,
  "tps_num_at_min": 0,
  "tps_p95_disp": 4.176989555358887,
  "tps_param_max": 4.0960001945495605,
  "tps_param_mean_abs": 0.7394271492958069,
  "tps_param_min": -2.7002663612365723
}
