{
  "Z": 0.09833753108978271,
  "best_Z_so_far": 0.09838008880615234,
  "best_iter_so_far": 1223,
  "case_id": "face_005__add_headphones",
  "combined_max_disp_px": 11.743578910827637,
  "combined_mean_disp_px": 4.183590888977051,
  "combined_p95_disp_px": 9.001813888549805,
  "components_at_boundary": "tps",
  "dct_enabled": 1,
  "dct_grad_norm": 0.016809284687042236,
  "dct_max_disp": 9.615790367126465,
  "dct_mean_disp": 3.390956401824951,
  "dct_num_at_max": 0,
  "dct_num_at_min": 0,
  "dct_p95_disp": 6.843532562255859,
  "dct_param_max": 1.1105581521987915,
  "dct_param_mean_abs": 0.6244767308235168,
  "dct_param_min": -1.5556704998016357,
  "delaunay_enabled": 1,
  "delaunay_grad_norm": 0.0031469189561903477,
  "delaunay_max_disp": 8.249147415161133,
  "delaunay_mean_disp": 1.3585044145584106,
  "delaunay_num_at_max": 0,
  "delaunay_num_at_min": 0,
  "delaunay_p95_disp": 4.585465431213379,
  "delaunay_param_max": 7.099916934967041,
  "delaunay_param_mean_abs": 0.7398880124092102,
  "delaunay_param_min": -1.737270474433899,
  "face_id": "face_005",
  "fft_phase_enabled": 0,
  "fft_phase_grad_norm": 0.0,
  "fft_phase_max_abs": 0.0,
  "fft_phase_mean_abs": 0.0,
  "fft_phase_norm": 0.0,
  "fft_phase_num_at_max": 0,
  "fft_phase_num_at_min": 0,
  "fft_phase_num_clamped": 0,
  "fft_spatial_delta_mse": 0.0,
  "foldover_fraction": 0.0,
  "fraction_clamped_total": 0.007575757575757576,
  "identity_angle_degrees": 25.622539520263672,
  "identity_angle_radians": 0.44719767570495605,
  "identity_cosine_distance": 0.09833753108978271,
  "identity_cosine_similarity_raw": 0.9016624689102173,
  "identity_l2_embedding_distance": 0.44348061084747314,
  "identity_similarity_score_pct": 90.16624450683594,
  "iter": 1225,
  "jacobian_det_min": 0.47576600313186646,
  "l2_to_original": 0.07175547629594803,
  "learning_rate": 0.05,
  "legacy_fft_strength_equivalent": 0.0,
  "loss": -0.09833753108978271,
  "mse_to_original": 0.00514884851872921,
  "num_at_max_total": 1,
  "num_at_min_total": 0,
  "num_clamped_total": 1,
  "num_total_params": 132,
  "original_embedding_norm": 0.9999999403953552,
  "peak_vram_gb": 2.993251323699951,
  "perturbed_embedding_norm": 1.0,
  "prompt": "add headphones",
  "psnr_to_original": 22.882898851095984,
  "rolling_enabled": 1,
  "rolling_grad_norm": 0.006582379341125488,
  "rolling_max_disp": 1.9372107982635498,
  "rolling_mean_disp": 0.9826289415359497,
  "rolling_num_at_max": 0,
  "rolling_num_at_min": 0,
  "rolling_p95_disp": 1.8607372045516968,
  "rolling_param_max": 2.0560383796691895,
  "rolling_param_mean_abs": 1.0775820016860962,
  "rolling_param_min": 0.09912551194429398,
  "seconds_elapsed": 115.55247276090086,
  "seconds_iter": 0.07622617483139038,
  "seed": 405993,
  "smoothness_tv": 0.08610816299915314,
  "ssim_to_original": 0.9611072540283203,
  "total_geometry_grad_norm": 0.018667150288820267,
  "total_grad_norm": 0.018667150288820267,
  "tps_enabled": 1,
  "tps_grad_norm": 0.0035608469042927027,
  "tps_max_disp": 6.200191497802734,
  "tps_mean_disp": 2.2566702365875244,
  "tps_num_at_max": 1,
  "tps_num_at_min": 0,
  "tps_p95_disp": 5.402549743652344,
  "tps_param_max": 4.0960001945495605,
  "tps_param_mean_abs": 0.9815276861190796,
  "tps_param_min": -4.0958075523376465
}
