{
  "Z": 0.05918687582015991,
  "best_Z_so_far": 0.059339940547943115,
  "best_iter_so_far": 4261,
  "case_id": "face_002__add_black_sunglasses",
  "combined_max_disp_px": 6.365872383117676,
  "combined_mean_disp_px": 2.6957273483276367,
  "combined_p95_disp_px": 4.6811747550964355,
  "components_at_boundary": "tps",
  "dct_enabled": 1,
  "dct_grad_norm": 0.013087510131299496,
  "dct_max_disp": 6.377009868621826,
  "dct_mean_disp": 2.903785228729248,
  "dct_num_at_max": 0,
  "dct_num_at_min": 0,
  "dct_p95_disp": 5.720097541809082,
  "dct_param_max": 1.4691166877746582,
  "dct_param_mean_abs": 0.5081101655960083,
  "dct_param_min": -1.8753271102905273,
  "delaunay_enabled": 1,
  "delaunay_grad_norm": 0.0020834149327129126,
  "delaunay_max_disp": 8.63319206237793,
  "delaunay_mean_disp": 2.758233070373535,
  "delaunay_num_at_max": 0,
  "delaunay_num_at_min": 0,
  "delaunay_p95_disp": 6.6853766441345215,
  "delaunay_param_max": 6.0814361572265625,
  "delaunay_param_mean_abs": 1.3650239706039429,
  "delaunay_param_min": -6.867762565612793,
  "face_id": "face_002",
  "fft_phase_enabled": 0,
  "fft_phase_grad_norm": 0.0,
  "fft_phase_max_abs": 0.0,
  "fft_phase_mean_abs": 0.0,
  "fft_phase_norm": 0.0,
  "fft_phase_num_at_max": 0,
  "fft_phase_num_at_min": 0,
  "fft_phase_num_clamped": 0,
  "fft_spatial_delta_mse": 0.0,
  "foldover_fraction": 0.0,
  "fraction_clamped_total": 0.015151515151515152,
  "identity_angle_degrees": 19.811439514160156,
  "identity_angle_radians": 0.3457748591899872,
  "identity_cosine_distance": 0.05918687582015991,
  "identity_cosine_similarity_raw": 0.9408131241798401,
  "identity_l2_embedding_distance": 0.3440547585487366,
  "identity_similarity_score_pct": 94.08131408691406,
  "iter": 4825,
  "jacobian_det_min": 0.47562161087989807,
  "l2_to_original": 0.05860619246959686,
  "learning_rate": 0.05,
  "legacy_fft_strength_equivalent": 0.0,
  "loss": -0.05918687582015991,
  "mse_to_original": 0.003434685757383704,
  "num_at_max_total": 1,
  "num_at_min_total": 1,
  "num_clamped_total": 2,
  "num_total_params": 132,
  "original_embedding_norm": 1.0,
  "peak_vram_gb": 0.4965987205505371,
  "perturbed_embedding_norm": 1.0,
  "prompt": "add black sunglasses",
  "psnr_to_original": 24.64112990795728,
  "rolling_enabled": 1,
  "rolling_grad_norm": 0.0027528333012014627,
  "rolling_max_disp": 0.958823561668396,
  "rolling_mean_disp": 0.4766068458557129,
  "rolling_num_at_max": 0,
  "rolling_num_at_min": 0,
  "rolling_p95_disp": 0.7780507206916809,
  "rolling_param_max": 1.2999144792556763,
  "rolling_param_mean_abs": 1.3274621963500977,
  "rolling_param_min": -1.355009913444519,
  "seconds_elapsed": 404.51565032079816,
  "seconds_iter": 0.07179492339491844,
  "seed": 250852,
  "smoothness_tv": 0.057862818241119385,
  "ssim_to_original": 0.9738052487373352,
  "total_geometry_grad_norm": 0.013746542856097221,
  "total_grad_norm": 0.013746542856097221,
  "tps_enabled": 1,
  "tps_grad_norm": 0.0024012138601392508,
  "tps_max_disp": 5.509960174560547,
  "tps_mean_disp": 2.128570079803467,
  "tps_num_at_max": 1,
  "tps_num_at_min": 1,
  "tps_p95_disp": 4.683675765991211,
  "tps_param_max": 4.0960001945495605,
  "tps_param_mean_abs": 0.89043790102005,
  "tps_param_min": -4.0960001945495605
}
