{
  "Z": 0.0674893856048584,
  "best_Z_so_far": 0.067757248878479,
  "best_iter_so_far": 3084,
  "case_id": "face_002__add_headphones",
  "combined_max_disp_px": 7.145160675048828,
  "combined_mean_disp_px": 3.0185086727142334,
  "combined_p95_disp_px": 5.860024452209473,
  "components_at_boundary": "tps",
  "dct_enabled": 1,
  "dct_grad_norm": 0.02081962861120701,
  "dct_max_disp": 7.132909774780273,
  "dct_mean_disp": 2.737311840057373,
  "dct_num_at_max": 0,
  "dct_num_at_min": 0,
  "dct_p95_disp": 5.324525833129883,
  "dct_param_max": 1.1242281198501587,
  "dct_param_mean_abs": 0.48366349935531616,
  "dct_param_min": -1.38007652759552,
  "delaunay_enabled": 1,
  "delaunay_grad_norm": 0.0025829956866800785,
  "delaunay_max_disp": 8.235801696777344,
  "delaunay_mean_disp": 2.1038055419921875,
  "delaunay_num_at_max": 0,
  "delaunay_num_at_min": 0,
  "delaunay_p95_disp": 5.530247211456299,
  "delaunay_param_max": 5.39405632019043,
  "delaunay_param_mean_abs": 1.136040210723877,
  "delaunay_param_min": -6.508084774017334,
  "face_id": "face_002",
  "fft_phase_enabled": 0,
  "fft_phase_grad_norm": 0.0,
  "fft_phase_max_abs": 0.0,
  "fft_phase_mean_abs": 0.0,
  "fft_phase_norm": 0.0,
  "fft_phase_num_at_max": 0,
  "fft_phase_num_at_min": 0,
  "fft_phase_num_clamped": 0,
  "fft_spatial_delta_mse": 0.0,
  "foldover_fraction": 0.0,
  "fraction_clamped_total": 0.022727272727272728,
  "identity_angle_degrees": 21.170381546020508,
  "identity_angle_radians": 0.36949285864830017,
  "identity_cosine_distance": 0.0674893856048584,
  "identity_cosine_similarity_raw": 0.9325106143951416,
  "identity_l2_embedding_distance": 0.3673946261405945,
  "identity_similarity_score_pct": 93.25106048583984,
  "iter": 3100,
  "jacobian_det_min": 0.34829026460647583,
  "l2_to_original": 0.05917573347687721,
  "learning_rate": 0.05,
  "legacy_fft_strength_equivalent": 0.0,
  "loss": -0.0674893856048584,
  "mse_to_original": 0.0035017672926187515,
  "num_at_max_total": 1,
  "num_at_min_total": 2,
  "num_clamped_total": 3,
  "num_total_params": 132,
  "original_embedding_norm": 1.0,
  "peak_vram_gb": 2.987697124481201,
  "perturbed_embedding_norm": 1.0,
  "prompt": "add headphones",
  "psnr_to_original": 24.55712718015437,
  "rolling_enabled": 1,
  "rolling_grad_norm": 0.002120749093592167,
  "rolling_max_disp": 0.9263373017311096,
  "rolling_mean_disp": 0.5305607914924622,
  "rolling_num_at_max": 0,
  "rolling_num_at_min": 0,
  "rolling_p95_disp": 0.8905020952224731,
  "rolling_param_max": 1.2869518995285034,
  "rolling_param_mean_abs": 1.381277322769165,
  "rolling_param_min": -1.475602626800537,
  "seconds_elapsed": 280.94429704733193,
  "seconds_iter": 0.07016918808221817,
  "seed": 438717,
  "smoothness_tv": 0.06160123646259308,
  "ssim_to_original": 0.9733219146728516,
  "total_geometry_grad_norm": 0.02133713848888874,
  "total_grad_norm": 0.02133713848888874,
  "tps_enabled": 1,
  "tps_grad_norm": 0.003262982238084078,
  "tps_max_disp": 5.4518585205078125,
  "tps_mean_disp": 1.7458460330963135,
  "tps_num_at_max": 1,
  "tps_num_at_min": 2,
  "tps_p95_disp": 4.129976749420166,
  "tps_param_max": 4.0960001945495605,
  "tps_param_mean_abs": 0.7481123208999634,
  "tps_param_min": -4.0960001945495605
}
