{
  "Z": 0.06209385395050049,
  "best_Z_so_far": 0.06210887432098389,
  "best_iter_so_far": 623,
  "case_id": "face_002__add_headphones",
  "combined_max_disp_px": 7.231839179992676,
  "combined_mean_disp_px": 2.9930481910705566,
  "combined_p95_disp_px": 5.669793605804443,
  "components_at_boundary": "",
  "dct_enabled": 1,
  "dct_grad_norm": 0.011200327426195145,
  "dct_max_disp": 5.896824836730957,
  "dct_mean_disp": 2.723590850830078,
  "dct_num_at_max": 0,
  "dct_num_at_min": 0,
  "dct_p95_disp": 5.105467796325684,
  "dct_param_max": 0.9175506830215454,
  "dct_param_mean_abs": 0.49677494168281555,
  "dct_param_min": -1.3046563863754272,
  "delaunay_enabled": 1,
  "delaunay_grad_norm": 0.001331573585048318,
  "delaunay_max_disp": 6.776965141296387,
  "delaunay_mean_disp": 1.3718547821044922,
  "delaunay_num_at_max": 0,
  "delaunay_num_at_min": 0,
  "delaunay_p95_disp": 4.614229679107666,
  "delaunay_param_max": 4.75245475769043,
  "delaunay_param_mean_abs": 0.7096807956695557,
  "delaunay_param_min": -6.423974990844727,
  "face_id": "face_002",
  "fft_phase_enabled": 0,
  "fft_phase_grad_norm": 0.0,
  "fft_phase_max_abs": 0.0,
  "fft_phase_mean_abs": 0.0,
  "fft_phase_norm": 0.0,
  "fft_phase_num_at_max": 0,
  "fft_phase_num_at_min": 0,
  "fft_phase_num_clamped": 0,
  "fft_spatial_delta_mse": 0.0,
  "foldover_fraction": 0.0,
  "fraction_clamped_total": 0.0,
  "identity_angle_degrees": 20.29715919494629,
  "identity_angle_radians": 0.35425224900245667,
  "identity_cosine_distance": 0.06209385395050049,
  "identity_cosine_similarity_raw": 0.9379061460494995,
  "identity_l2_embedding_distance": 0.3524031341075897,
  "identity_similarity_score_pct": 93.79061126708984,
  "iter": 625,
  "jacobian_det_min": 0.46948936581611633,
  "l2_to_original": 0.06003948301076889,
  "learning_rate": 0.05,
  "legacy_fft_strength_equivalent": 0.0,
  "loss": -0.06209385395050049,
  "mse_to_original": 0.003604739438742399,
  "num_at_max_total": 0,
  "num_at_min_total": 0,
  "num_clamped_total": 0,
  "num_total_params": 132,
  "original_embedding_norm": 1.0,
  "peak_vram_gb": 2.987697124481201,
  "perturbed_embedding_norm": 0.9999999403953552,
  "prompt": "add headphones",
  "psnr_to_original": 24.431261219032365,
  "rolling_enabled": 1,
  "rolling_grad_norm": 0.0008463337435387075,
  "rolling_max_disp": 0.7245712876319885,
  "rolling_mean_disp": 0.41089141368865967,
  "rolling_num_at_max": 0,
  "rolling_num_at_min": 0,
  "rolling_p95_disp": 0.6883749961853027,
  "rolling_param_max": 1.0024794340133667,
  "rolling_param_mean_abs": 1.07339608669281,
  "rolling_param_min": -1.1443127393722534,
  "seconds_elapsed": 55.18499708548188,
  "seconds_iter": 0.07171511091291904,
  "seed": 438717,
  "smoothness_tv": 0.05872996896505356,
  "ssim_to_original": 0.9725293517112732,
  "total_geometry_grad_norm": 0.011461669579148293,
  "total_grad_norm": 0.011461669579148293,
  "tps_enabled": 1,
  "tps_grad_norm": 0.0018528782529756427,
  "tps_max_disp": 3.1674413681030273,
  "tps_mean_disp": 0.940832793712616,
  "tps_num_at_max": 0,
  "tps_num_at_min": 0,
  "tps_p95_disp": 2.3473620414733887,
  "tps_param_max": 2.2149269580841064,
  "tps_param_mean_abs": 0.4503604471683502,
  "tps_param_min": -2.4561784267425537
}
