{
  "Z": 0.1029742956161499,
  "best_Z_so_far": 0.10318881273269653,
  "best_iter_so_far": 3707,
  "case_id": "face_005__add_black_sunglasses",
  "combined_max_disp_px": 18.180030822753906,
  "combined_mean_disp_px": 4.5627641677856445,
  "combined_p95_disp_px": 9.274473190307617,
  "components_at_boundary": "delaunay,tps",
  "dct_enabled": 1,
  "dct_grad_norm": 0.01906757988035679,
  "dct_max_disp": 18.545961380004883,
  "dct_mean_disp": 4.223719596862793,
  "dct_num_at_max": 0,
  "dct_num_at_min": 0,
  "dct_p95_disp": 8.079545021057129,
  "dct_param_max": 1.7800911664962769,
  "dct_param_mean_abs": 0.8182669281959534,
  "dct_param_min": -1.9255841970443726,
  "delaunay_enabled": 1,
  "delaunay_grad_norm": 0.003067671786993742,
  "delaunay_max_disp": 10.078682899475098,
  "delaunay_mean_disp": 1.7710853815078735,
  "delaunay_num_at_max": 1,
  "delaunay_num_at_min": 0,
  "delaunay_p95_disp": 5.939815521240234,
  "delaunay_param_max": 7.679999828338623,
  "delaunay_param_mean_abs": 1.0307642221450806,
  "delaunay_param_min": -2.9479198455810547,
  "face_id": "face_005",
  "fft_phase_enabled": 0,
  "fft_phase_grad_norm": 0.0,
  "fft_phase_max_abs": 0.0,
  "fft_phase_mean_abs": 0.0,
  "fft_phase_norm": 0.0,
  "fft_phase_num_at_max": 0,
  "fft_phase_num_at_min": 0,
  "fft_phase_num_clamped": 0,
  "fft_spatial_delta_mse": 0.0,
  "foldover_fraction": 0.00279998779296875,
  "fraction_clamped_total": 0.045454545454545456,
  "identity_angle_degrees": 26.23017692565918,
  "identity_angle_radians": 0.457802951335907,
  "identity_cosine_distance": 0.1029742956161499,
  "identity_cosine_similarity_raw": 0.8970257043838501,
  "identity_l2_embedding_distance": 0.45381584763526917,
  "identity_similarity_score_pct": 89.70256805419922,
  "iter": 4025,
  "jacobian_det_min": -0.6882142424583435,
  "l2_to_original": 0.07103987783193588,
  "learning_rate": 0.05,
  "legacy_fft_strength_equivalent": 0.0,
  "loss": -0.1029742956161499,
  "mse_to_original": 0.0050466638058424,
  "num_at_max_total": 2,
  "num_at_min_total": 4,
  "num_clamped_total": 6,
  "num_total_params": 132,
  "original_embedding_norm": 0.9999999403953552,
  "peak_vram_gb": 2.991054058074951,
  "perturbed_embedding_norm": 0.9999999403953552,
  "prompt": "add black sunglasses",
  "psnr_to_original": 22.969956257459412,
  "rolling_enabled": 1,
  "rolling_grad_norm": 0.002758950460702181,
  "rolling_max_disp": 0.5469830632209778,
  "rolling_mean_disp": 0.1408117264509201,
  "rolling_num_at_max": 0,
  "rolling_num_at_min": 0,
  "rolling_p95_disp": 0.4841960668563843,
  "rolling_param_max": 0.6623709797859192,
  "rolling_param_mean_abs": 0.5057646632194519,
  "rolling_param_min": -0.349158376455307,
  "seconds_elapsed": 370.84205752424896,
  "seconds_iter": 0.06904386542737484,
  "seed": 67119,
  "smoothness_tv": 0.10420297086238861,
  "ssim_to_original": 0.9618116617202759,
  "total_geometry_grad_norm": 0.01983262598514557,
  "total_grad_norm": 0.01983262598514557,
  "tps_enabled": 1,
  "tps_grad_norm": 0.0035690448712557554,
  "tps_max_disp": 5.904573917388916,
  "tps_mean_disp": 2.3767571449279785,
  "tps_num_at_max": 1,
  "tps_num_at_min": 4,
  "tps_p95_disp": 5.024379253387451,
  "tps_param_max": 4.0960001945495605,
  "tps_param_mean_abs": 1.095566749572754,
  "tps_param_min": -4.0960001945495605
}
