{
  "Z": 0.028353214263916016,
  "best_Z_so_far": 0.028353214263916016,
  "best_iter_so_far": 250,
  "case_id": "face_002__add_headphones",
  "combined_max_disp_px": 7.723394393920898,
  "combined_mean_disp_px": 2.941122055053711,
  "combined_p95_disp_px": 5.706474781036377,
  "components_at_boundary": "",
  "dct_enabled": 1,
  "dct_grad_norm": 0.0048432196490466595,
  "dct_max_disp": 7.883657455444336,
  "dct_mean_disp": 2.304321765899658,
  "dct_num_at_max": 0,
  "dct_num_at_min": 0,
  "dct_p95_disp": 4.732473850250244,
  "dct_param_max": 1.3115077018737793,
  "dct_param_mean_abs": 0.406808465719223,
  "dct_param_min": -1.0617854595184326,
  "delaunay_enabled": 1,
  "delaunay_grad_norm": 0.0008400758379139006,
  "delaunay_max_disp": 4.484043598175049,
  "delaunay_mean_disp": 0.9183257818222046,
  "delaunay_num_at_max": 0,
  "delaunay_num_at_min": 0,
  "delaunay_p95_disp": 2.49875807762146,
  "delaunay_param_max": 4.511651039123535,
  "delaunay_param_mean_abs": 0.4818285405635834,
  "delaunay_param_min": -4.138628005981445,
  "face_id": "face_002",
  "fft_phase_enabled": 0,
  "fft_phase_grad_norm": 0.0,
  "fft_phase_max_abs": 0.0,
  "fft_phase_mean_abs": 0.0,
  "fft_phase_norm": 0.0,
  "fft_phase_num_at_max": 0,
  "fft_phase_num_at_min": 0,
  "fft_phase_num_clamped": 0,
  "fft_spatial_delta_mse": 0.0,
  "foldover_fraction": 0.0,
  "fraction_clamped_total": 0.0,
  "identity_angle_degrees": 13.676353454589844,
  "identity_angle_radians": 0.23869739472866058,
  "identity_cosine_distance": 0.028353214263916016,
  "identity_cosine_similarity_raw": 0.971646785736084,
  "identity_l2_embedding_distance": 0.23813146352767944,
  "identity_similarity_score_pct": 97.16468048095703,
  "iter": 250,
  "jacobian_det_min": 0.2663740813732147,
  "l2_to_original": 0.06476762890815735,
  "learning_rate": 0.05,
  "legacy_fft_strength_equivalent": 0.0,
  "loss": -0.028353214263916016,
  "mse_to_original": 0.004194845445454121,
  "num_at_max_total": 0,
  "num_at_min_total": 0,
  "num_clamped_total": 0,
  "num_total_params": 132,
  "original_embedding_norm": 0.9999999403953552,
  "peak_vram_gb": 2.993556499481201,
  "perturbed_embedding_norm": 1.0,
  "prompt": "add headphones",
  "psnr_to_original": 23.77284035651237,
  "rolling_enabled": 1,
  "rolling_grad_norm": 0.0007649330655112863,
  "rolling_max_disp": 0.2628842294216156,
  "rolling_mean_disp": 0.06962518393993378,
  "rolling_num_at_max": 0,
  "rolling_num_at_min": 0,
  "rolling_p95_disp": 0.23129494488239288,
  "rolling_param_max": 0.18842625617980957,
  "rolling_param_mean_abs": 0.2551463544368744,
  "rolling_param_min": -0.3218664526939392,
  "seconds_elapsed": 23.5090769585222,
  "seconds_iter": 0.06087593547999859,
  "seed": 438717,
  "smoothness_tv": 0.05893946439027786,
  "ssim_to_original": 0.9680311679840088,
  "total_geometry_grad_norm": 0.005092218518257141,
  "total_grad_norm": 0.005092218518257141,
  "tps_enabled": 1,
  "tps_grad_norm": 0.0010876849992200732,
  "tps_max_disp": 3.723656415939331,
  "tps_mean_disp": 1.1569030284881592,
  "tps_num_at_max": 0,
  "tps_num_at_min": 0,
  "tps_p95_disp": 2.7803757190704346,
  "tps_param_max": 3.416106939315796,
  "tps_param_mean_abs": 0.5141680240631104,
  "tps_param_min": -3.207371711730957
}
