{
  "Z": 0.07574570178985596,
  "best_Z_so_far": 0.07574570178985596,
  "best_iter_so_far": 50,
  "case_id": "face_005__add_headphones",
  "combined_max_disp_px": 10.611404418945312,
  "combined_mean_disp_px": 3.907198667526245,
  "combined_p95_disp_px": 8.048718452453613,
  "components_at_boundary": "",
  "dct_enabled": 1,
  "dct_grad_norm": 0.01851843297481537,
  "dct_max_disp": 9.024620056152344,
  "dct_mean_disp": 3.108438730239868,
  "dct_num_at_max": 0,
  "dct_num_at_min": 0,
  "dct_p95_disp": 6.298839569091797,
  "dct_param_max": 1.2939198017120361,
  "dct_param_mean_abs": 0.5881583094596863,
  "dct_param_min": -1.312843918800354,
  "delaunay_enabled": 1,
  "delaunay_grad_norm": 0.004106191918253899,
  "delaunay_max_disp": 2.2054970264434814,
  "delaunay_mean_disp": 0.5202271938323975,
  "delaunay_num_at_max": 0,
  "delaunay_num_at_min": 0,
  "delaunay_p95_disp": 1.3607009649276733,
  "delaunay_param_max": 1.8321126699447632,
  "delaunay_param_mean_abs": 0.2913115620613098,
  "delaunay_param_min": -1.3318480253219604,
  "face_id": "face_005",
  "fft_phase_enabled": 0,
  "fft_phase_grad_norm": 0.0,
  "fft_phase_max_abs": 0.0,
  "fft_phase_mean_abs": 0.0,
  "fft_phase_norm": 0.0,
  "fft_phase_num_at_max": 0,
  "fft_phase_num_at_min": 0,
  "fft_phase_num_clamped": 0,
  "fft_spatial_delta_mse": 0.0,
  "foldover_fraction": 0.0,
  "fraction_clamped_total": 0.0,
  "identity_angle_degrees": 22.443822860717773,
  "identity_angle_radians": 0.3917185962200165,
  "identity_cosine_distance": 0.07574570178985596,
  "identity_cosine_similarity_raw": 0.924254298210144,
  "identity_l2_embedding_distance": 0.38921910524368286,
  "identity_similarity_score_pct": 92.42543029785156,
  "iter": 50,
  "jacobian_det_min": 0.5187879800796509,
  "l2_to_original": 0.06914474815130234,
  "learning_rate": 0.05,
  "legacy_fft_strength_equivalent": 0.0,
  "loss": -0.07574570178985596,
  "mse_to_original": 0.00478099612519145,
  "num_at_max_total": 0,
  "num_at_min_total": 0,
  "num_clamped_total": 0,
  "num_total_params": 132,
  "original_embedding_norm": 0.9999999403953552,
  "peak_vram_gb": 2.993251323699951,
  "perturbed_embedding_norm": 1.0,
  "prompt": "add headphones",
  "psnr_to_original": 23.204816082825946,
  "rolling_enabled": 1,
  "rolling_grad_norm": 0.005689442157745361,
  "rolling_max_disp": 0.9906630516052246,
  "rolling_mean_disp": 0.4812912344932556,
  "rolling_num_at_max": 0,
  "rolling_num_at_min": 0,
  "rolling_p95_disp": 0.9458464980125427,
  "rolling_param_max": 1.0727336406707764,
  "rolling_param_mean_abs": 0.5394616723060608,
  "rolling_param_min": 0.006189686246216297,
  "seconds_elapsed": 5.19736734777689,
  "seconds_iter": 0.08446929045021534,
  "seed": 405993,
  "smoothness_tv": 0.07594378292560577,
  "ssim_to_original": 0.9638834595680237,
  "total_geometry_grad_norm": 0.02032013237476349,
  "total_grad_norm": 0.02032013237476349,
  "tps_enabled": 1,
  "tps_grad_norm": 0.00455465167760849,
  "tps_max_disp": 1.8701534271240234,
  "tps_mean_disp": 0.6332278251647949,
  "tps_num_at_max": 0,
  "tps_num_at_min": 0,
  "tps_p95_disp": 1.3625671863555908,
  "tps_param_max": 1.6512919664382935,
  "tps_param_mean_abs": 0.26134470105171204,
  "tps_param_min": -1.1602580547332764
}
