{
  "Z": 0.101345956325531,
  "best_Z_so_far": 0.101345956325531,
  "best_iter_so_far": 1650,
  "case_id": "face_005__add_black_sunglasses",
  "combined_max_disp_px": 13.352697372436523,
  "combined_mean_disp_px": 4.3737640380859375,
  "combined_p95_disp_px": 8.750850677490234,
  "components_at_boundary": "tps",
  "dct_enabled": 1,
  "dct_grad_norm": 0.01040889136493206,
  "dct_max_disp": 13.79419231414795,
  "dct_mean_disp": 3.7423086166381836,
  "dct_num_at_max": 0,
  "dct_num_at_min": 0,
  "dct_p95_disp": 7.468031883239746,
  "dct_param_max": 1.3852640390396118,
  "dct_param_mean_abs": 0.7234305143356323,
  "dct_param_min": -1.698673129081726,
  "delaunay_enabled": 1,
  "delaunay_grad_norm": 0.001833406975492835,
  "delaunay_max_disp": 8.798051834106445,
  "delaunay_mean_disp": 1.520744800567627,
  "delaunay_num_at_max": 0,
  "delaunay_num_at_min": 0,
  "delaunay_p95_disp": 4.752045631408691,
  "delaunay_param_max": 6.833596706390381,
  "delaunay_param_mean_abs": 0.8778123259544373,
  "delaunay_param_min": -3.5447287559509277,
  "face_id": "face_005",
  "fft_phase_enabled": 0,
  "fft_phase_grad_norm": 0.0,
  "fft_phase_max_abs": 0.0,
  "fft_phase_mean_abs": 0.0,
  "fft_phase_norm": 0.0,
  "fft_phase_num_at_max": 0,
  "fft_phase_num_at_min": 0,
  "fft_phase_num_clamped": 0,
  "fft_spatial_delta_mse": 0.0,
  "foldover_fraction": 0.000888824462890625,
  "fraction_clamped_total": 0.030303030303030304,
  "identity_angle_degrees": 26.018293380737305,
  "identity_angle_radians": 0.45410487055778503,
  "identity_cosine_distance": 0.101345956325531,
  "identity_cosine_similarity_raw": 0.898654043674469,
  "identity_l2_embedding_distance": 0.45021331310272217,
  "identity_similarity_score_pct": 89.86540222167969,
  "iter": 1650,
  "jacobian_det_min": -0.1831696629524231,
  "l2_to_original": 0.07020649313926697,
  "learning_rate": 0.05,
  "legacy_fft_strength_equivalent": 0.0,
  "loss": -0.101345956325531,
  "mse_to_original": 0.0049289520829916,
  "num_at_max_total": 4,
  "num_at_min_total": 0,
  "num_clamped_total": 4,
  "num_total_params": 132,
  "original_embedding_norm": 0.9999999403953552,
  "peak_vram_gb": 2.991054058074951,
  "perturbed_embedding_norm": 1.0,
  "prompt": "add black sunglasses",
  "psnr_to_original": 23.07245403836246,
  "rolling_enabled": 1,
  "rolling_grad_norm": 0.0015818891115486622,
  "rolling_max_disp": 0.7616152167320251,
  "rolling_mean_disp": 0.46043431758880615,
  "rolling_num_at_max": 0,
  "rolling_num_at_min": 0,
  "rolling_p95_disp": 0.7505307197570801,
  "rolling_param_max": 0.7727542519569397,
  "rolling_param_mean_abs": 0.4751266837120056,
  "rolling_param_min": 0.17749908566474915,
  "seconds_elapsed": 153.70889334194362,
  "seconds_iter": 0.08277677558362484,
  "seed": 67119,
  "smoothness_tv": 0.1001414805650711,
  "ssim_to_original": 0.9627072215080261,
  "total_geometry_grad_norm": 0.010911999270319939,
  "total_grad_norm": 0.010911999270319939,
  "tps_enabled": 1,
  "tps_grad_norm": 0.0022052109707146883,
  "tps_max_disp": 5.843141555786133,
  "tps_mean_disp": 2.1515181064605713,
  "tps_num_at_max": 4,
  "tps_num_at_min": 0,
  "tps_p95_disp": 4.659163951873779,
  "tps_param_max": 4.0960001945495605,
  "tps_param_mean_abs": 0.996688187122345,
  "tps_param_min": -4.093215465545654
}
