{
  "Z": 0.058980464935302734,
  "best_Z_so_far": 0.05907094478607178,
  "best_iter_so_far": 2305,
  "case_id": "face_002__add_black_sunglasses",
  "combined_max_disp_px": 6.186364650726318,
  "combined_mean_disp_px": 2.7008399963378906,
  "combined_p95_disp_px": 4.71605920791626,
  "components_at_boundary": "tps",
  "dct_enabled": 1,
  "dct_grad_norm": 0.01646416261792183,
  "dct_max_disp": 6.644898891448975,
  "dct_mean_disp": 2.9465250968933105,
  "dct_num_at_max": 0,
  "dct_num_at_min": 0,
  "dct_p95_disp": 5.96140718460083,
  "dct_param_max": 1.581378698348999,
  "dct_param_mean_abs": 0.5090087652206421,
  "dct_param_min": -1.9931604862213135,
  "delaunay_enabled": 1,
  "delaunay_grad_norm": 0.0026416275650262833,
  "delaunay_max_disp": 8.849452018737793,
  "delaunay_mean_disp": 2.6671838760375977,
  "delaunay_num_at_max": 0,
  "delaunay_num_at_min": 0,
  "delaunay_p95_disp": 6.623732566833496,
  "delaunay_param_max": 5.54608154296875,
  "delaunay_param_mean_abs": 1.3264281749725342,
  "delaunay_param_min": -6.970973491668701,
  "face_id": "face_002",
  "fft_phase_enabled": 0,
  "fft_phase_grad_norm": 0.0,
  "fft_phase_max_abs": 0.0,
  "fft_phase_mean_abs": 0.0,
  "fft_phase_norm": 0.0,
  "fft_phase_num_at_max": 0,
  "fft_phase_num_at_min": 0,
  "fft_phase_num_clamped": 0,
  "fft_spatial_delta_mse": 0.0,
  "foldover_fraction": 0.0,
  "fraction_clamped_total": 0.015151515151515152,
  "identity_angle_degrees": 19.77651596069336,
  "identity_angle_radians": 0.34516531229019165,
  "identity_cosine_distance": 0.058980464935302734,
  "identity_cosine_similarity_raw": 0.9410195350646973,
  "identity_l2_embedding_distance": 0.3434544801712036,
  "identity_similarity_score_pct": 94.1019515991211,
  "iter": 2325,
  "jacobian_det_min": 0.4898326098918915,
  "l2_to_original": 0.05839367210865021,
  "learning_rate": 0.05,
  "legacy_fft_strength_equivalent": 0.0,
  "loss": -0.058980464935302734,
  "mse_to_original": 0.0034098210744559765,
  "num_at_max_total": 1,
  "num_at_min_total": 1,
  "num_clamped_total": 2,
  "num_total_params": 132,
  "original_embedding_norm": 1.0,
  "peak_vram_gb": 0.4965987205505371,
  "perturbed_embedding_norm": 1.0,
  "prompt": "add black sunglasses",
  "psnr_to_original": 24.672684093990483,
  "rolling_enabled": 1,
  "rolling_grad_norm": 0.0022484262008219957,
  "rolling_max_disp": 0.8244133591651917,
  "rolling_mean_disp": 0.4039973318576813,
  "rolling_num_at_max": 0,
  "rolling_num_at_min": 0,
  "rolling_p95_disp": 0.6705756187438965,
  "rolling_param_max": 1.11225426197052,
  "rolling_param_mean_abs": 1.1324931383132935,
  "rolling_param_min": -1.152732014656067,
  "seconds_elapsed": 188.42201610468328,
  "seconds_iter": 0.07367616891860962,
  "seed": 250852,
  "smoothness_tv": 0.05692017078399658,
  "ssim_to_original": 0.9739941954612732,
  "total_geometry_grad_norm": 0.017142174765467644,
  "total_grad_norm": 0.017142174765467644,
  "tps_enabled": 1,
  "tps_grad_norm": 0.0032790096011012793,
  "tps_max_disp": 4.995755672454834,
  "tps_mean_disp": 1.8295625448226929,
  "tps_num_at_max": 1,
  "tps_num_at_min": 1,
  "tps_p95_disp": 4.277945518493652,
  "tps_param_max": 4.0960001945495605,
  "tps_param_mean_abs": 0.76547771692276,
  "tps_param_min": -4.0960001945495605
}
