{
  "Z": 0.06778216361999512,
  "best_Z_so_far": 0.0678451657295227,
  "best_iter_so_far": 4804,
  "case_id": "face_002__add_headphones",
  "combined_max_disp_px": 7.156367778778076,
  "combined_mean_disp_px": 3.0280609130859375,
  "combined_p95_disp_px": 5.900135517120361,
  "components_at_boundary": "tps",
  "dct_enabled": 1,
  "dct_grad_norm": 0.01197997760027647,
  "dct_max_disp": 7.497341632843018,
  "dct_mean_disp": 2.797062397003174,
  "dct_num_at_max": 0,
  "dct_num_at_min": 0,
  "dct_p95_disp": 5.497565746307373,
  "dct_param_max": 1.2069045305252075,
  "dct_param_mean_abs": 0.48735225200653076,
  "dct_param_min": -1.5104033946990967,
  "delaunay_enabled": 1,
  "delaunay_grad_norm": 0.002073293086141348,
  "delaunay_max_disp": 7.9569220542907715,
  "delaunay_mean_disp": 2.1273813247680664,
  "delaunay_num_at_max": 0,
  "delaunay_num_at_min": 0,
  "delaunay_p95_disp": 5.445930480957031,
  "delaunay_param_max": 5.5216522216796875,
  "delaunay_param_mean_abs": 1.1650407314300537,
  "delaunay_param_min": -6.309028625488281,
  "face_id": "face_002",
  "fft_phase_enabled": 0,
  "fft_phase_grad_norm": 0.0,
  "fft_phase_max_abs": 0.0,
  "fft_phase_mean_abs": 0.0,
  "fft_phase_norm": 0.0,
  "fft_phase_num_at_max": 0,
  "fft_phase_num_at_min": 0,
  "fft_phase_num_clamped": 0,
  "fft_spatial_delta_mse": 0.0,
  "foldover_fraction": 0.0,
  "fraction_clamped_total": 0.022727272727272728,
  "identity_angle_degrees": 21.216781616210938,
  "identity_angle_radians": 0.3703027069568634,
  "identity_cosine_distance": 0.06778216361999512,
  "identity_cosine_similarity_raw": 0.9322178363800049,
  "identity_l2_embedding_distance": 0.36819082498550415,
  "identity_similarity_score_pct": 93.22178649902344,
  "iter": 4850,
  "jacobian_det_min": 0.325365275144577,
  "l2_to_original": 0.05919552221894264,
  "learning_rate": 0.05,
  "legacy_fft_strength_equivalent": 0.0,
  "loss": -0.06778216361999512,
  "mse_to_original": 0.0035041100345551968,
  "num_at_max_total": 1,
  "num_at_min_total": 2,
  "num_clamped_total": 3,
  "num_total_params": 132,
  "original_embedding_norm": 1.0,
  "peak_vram_gb": 2.987697124481201,
  "perturbed_embedding_norm": 1.0,
  "prompt": "add headphones",
  "psnr_to_original": 24.554222647614246,
  "rolling_enabled": 1,
  "rolling_grad_norm": 0.000911763112526387,
  "rolling_max_disp": 1.0485808849334717,
  "rolling_mean_disp": 0.45155322551727295,
  "rolling_num_at_max": 0,
  "rolling_num_at_min": 0,
  "rolling_p95_disp": 0.8706284165382385,
  "rolling_param_max": 1.3837316036224365,
  "rolling_param_mean_abs": 1.3478847742080688,
  "rolling_param_min": -1.3120379447937012,
  "seconds_elapsed": 433.00875990465283,
  "seconds_iter": 0.07585228607058525,
  "seed": 438717,
  "smoothness_tv": 0.06194525957107544,
  "ssim_to_original": 0.9733061194419861,
  "total_geometry_grad_norm": 0.012426958419382572,
  "total_grad_norm": 0.012426958419382572,
  "tps_enabled": 1,
  "tps_grad_norm": 0.0024040755815804005,
  "tps_max_disp": 5.737124919891357,
  "tps_mean_disp": 1.797297477722168,
  "tps_num_at_max": 1,
  "tps_num_at_min": 2,
  "tps_p95_disp": 4.313591003417969,
  "tps_param_max": 4.0960001945495605,
  "tps_param_mean_abs": 0.7953493595123291,
  "tps_param_min": -4.0960001945495605
}
