{
  "Z": 0.10304915904998779,
  "best_Z_so_far": 0.10310906171798706,
  "best_iter_so_far": 3182,
  "case_id": "face_005__add_black_sunglasses",
  "combined_max_disp_px": 18.15606117248535,
  "combined_mean_disp_px": 4.563593864440918,
  "combined_p95_disp_px": 9.285100936889648,
  "components_at_boundary": "delaunay,tps",
  "dct_enabled": 1,
  "dct_grad_norm": 0.013809582218527794,
  "dct_max_disp": 18.531705856323242,
  "dct_mean_disp": 4.196271896362305,
  "dct_num_at_max": 0,
  "dct_num_at_min": 0,
  "dct_p95_disp": 8.0748929977417,
  "dct_param_max": 1.7827891111373901,
  "dct_param_mean_abs": 0.8148437738418579,
  "dct_param_min": -1.91953706741333,
  "delaunay_enabled": 1,
  "delaunay_grad_norm": 0.002626273315399885,
  "delaunay_max_disp": 9.960991859436035,
  "delaunay_mean_disp": 1.753401756286621,
  "delaunay_num_at_max": 1,
  "delaunay_num_at_min": 0,
  "delaunay_p95_disp": 5.882401466369629,
  "delaunay_param_max": 7.679999828338623,
  "delaunay_param_mean_abs": 1.0138541460037231,
  "delaunay_param_min": -3.0112242698669434,
  "face_id": "face_005",
  "fft_phase_enabled": 0,
  "fft_phase_grad_norm": 0.0,
  "fft_phase_max_abs": 0.0,
  "fft_phase_mean_abs": 0.0,
  "fft_phase_norm": 0.0,
  "fft_phase_num_at_max": 0,
  "fft_phase_num_at_min": 0,
  "fft_phase_num_clamped": 0,
  "fft_spatial_delta_mse": 0.0,
  "foldover_fraction": 0.0027923583984375,
  "fraction_clamped_total": 0.06818181818181818,
  "identity_angle_degrees": 26.23988151550293,
  "identity_angle_radians": 0.45797231793403625,
  "identity_cosine_distance": 0.10304915904998779,
  "identity_cosine_similarity_raw": 0.8969508409500122,
  "identity_l2_embedding_distance": 0.4539806544780731,
  "identity_similarity_score_pct": 89.69508361816406,
  "iter": 3400,
  "jacobian_det_min": -0.6846601963043213,
  "l2_to_original": 0.07095224410295486,
  "learning_rate": 0.05,
  "legacy_fft_strength_equivalent": 0.0,
  "loss": -0.10304915904998779,
  "mse_to_original": 0.005034221336245537,
  "num_at_max_total": 5,
  "num_at_min_total": 4,
  "num_clamped_total": 9,
  "num_total_params": 132,
  "original_embedding_norm": 0.9999999403953552,
  "peak_vram_gb": 2.991054058074951,
  "perturbed_embedding_norm": 1.0,
  "prompt": "add black sunglasses",
  "psnr_to_original": 22.98067694032607,
  "rolling_enabled": 1,
  "rolling_grad_norm": 0.0032659706193953753,
  "rolling_max_disp": 0.5938705205917358,
  "rolling_mean_disp": 0.17432862520217896,
  "rolling_num_at_max": 0,
  "rolling_num_at_min": 0,
  "rolling_p95_disp": 0.5414590239524841,
  "rolling_param_max": 0.6820361614227295,
  "rolling_param_mean_abs": 0.4487916827201843,
  "rolling_param_min": -0.21554718911647797,
  "seconds_elapsed": 314.0217448826879,
  "seconds_iter": 0.06689465045928955,
  "seed": 67119,
  "smoothness_tv": 0.10427697002887726,
  "ssim_to_original": 0.9619058966636658,
  "total_geometry_grad_norm": 0.01472085528075695,
  "total_grad_norm": 0.01472085528075695,
  "tps_enabled": 1,
  "tps_grad_norm": 0.002904333174228668,
  "tps_max_disp": 5.890525817871094,
  "tps_mean_disp": 2.370372772216797,
  "tps_num_at_max": 4,
  "tps_num_at_min": 4,
  "tps_p95_disp": 5.015749931335449,
  "tps_param_max": 4.0960001945495605,
  "tps_param_mean_abs": 1.0903233289718628,
  "tps_param_min": -4.0960001945495605
}
