{
  "Z": 0.0982401967048645,
  "best_Z_so_far": 0.0985230803489685,
  "best_iter_so_far": 1486,
  "case_id": "face_005__add_headphones",
  "combined_max_disp_px": 11.795981407165527,
  "combined_mean_disp_px": 4.196604251861572,
  "combined_p95_disp_px": 9.025238037109375,
  "components_at_boundary": "tps",
  "dct_enabled": 1,
  "dct_grad_norm": 0.018206290900707245,
  "dct_max_disp": 9.682659149169922,
  "dct_mean_disp": 3.4171595573425293,
  "dct_num_at_max": 0,
  "dct_num_at_min": 0,
  "dct_p95_disp": 6.912994384765625,
  "dct_param_max": 1.117301344871521,
  "dct_param_mean_abs": 0.6282884478569031,
  "dct_param_min": -1.5630625486373901,
  "delaunay_enabled": 1,
  "delaunay_grad_norm": 0.002945869928225875,
  "delaunay_max_disp": 8.296732902526855,
  "delaunay_mean_disp": 1.3723633289337158,
  "delaunay_num_at_max": 0,
  "delaunay_num_at_min": 0,
  "delaunay_p95_disp": 4.7968339920043945,
  "delaunay_param_max": 7.0646562576293945,
  "delaunay_param_mean_abs": 0.7439502477645874,
  "delaunay_param_min": -1.3916044235229492,
  "face_id": "face_005",
  "fft_phase_enabled": 0,
  "fft_phase_grad_norm": 0.0,
  "fft_phase_max_abs": 0.0,
  "fft_phase_mean_abs": 0.0,
  "fft_phase_norm": 0.0,
  "fft_phase_num_at_max": 0,
  "fft_phase_num_at_min": 0,
  "fft_phase_num_clamped": 0,
  "fft_spatial_delta_mse": 0.0,
  "foldover_fraction": 0.0,
  "fraction_clamped_total": 0.015151515151515152,
  "identity_angle_degrees": 25.609642028808594,
  "identity_angle_radians": 0.4469725787639618,
  "identity_cosine_distance": 0.0982401967048645,
  "identity_cosine_similarity_raw": 0.9017598032951355,
  "identity_l2_embedding_distance": 0.44326135516166687,
  "identity_similarity_score_pct": 90.17597961425781,
  "iter": 1525,
  "jacobian_det_min": 0.4773615598678589,
  "l2_to_original": 0.0718463808298111,
  "learning_rate": 0.05,
  "legacy_fft_strength_equivalent": 0.0,
  "loss": -0.0982401967048645,
  "mse_to_original": 0.005161902867257595,
  "num_at_max_total": 1,
  "num_at_min_total": 1,
  "num_clamped_total": 2,
  "num_total_params": 132,
  "original_embedding_norm": 0.9999999403953552,
  "peak_vram_gb": 2.993251323699951,
  "perturbed_embedding_norm": 1.0,
  "prompt": "add headphones",
  "psnr_to_original": 22.87190171936848,
  "rolling_enabled": 1,
  "rolling_grad_norm": 0.005965318065136671,
  "rolling_max_disp": 1.9415302276611328,
  "rolling_mean_disp": 1.0114965438842773,
  "rolling_num_at_max": 0,
  "rolling_num_at_min": 0,
  "rolling_p95_disp": 1.8701307773590088,
  "rolling_param_max": 2.047114849090576,
  "rolling_param_mean_abs": 1.0967882871627808,
  "rolling_param_min": 0.14646176993846893,
  "seconds_elapsed": 142.43370278179646,
  "seconds_iter": 0.07123928889632225,
  "seed": 405993,
  "smoothness_tv": 0.08634734153747559,
  "ssim_to_original": 0.9610086679458618,
  "total_geometry_grad_norm": 0.01973641850054264,
  "total_grad_norm": 0.01973641850054264,
  "tps_enabled": 1,
  "tps_grad_norm": 0.0037140315398573875,
  "tps_max_disp": 6.6108927726745605,
  "tps_mean_disp": 2.3846259117126465,
  "tps_num_at_max": 1,
  "tps_num_at_min": 1,
  "tps_p95_disp": 5.530630111694336,
  "tps_param_max": 4.0960001945495605,
  "tps_param_mean_abs": 1.0250186920166016,
  "tps_param_min": -4.0960001945495605
}
