{
  "Z": 0.09637647867202759,
  "best_Z_so_far": 0.09644520282745361,
  "best_iter_so_far": 323,
  "case_id": "face_005__add_headphones",
  "combined_max_disp_px": 11.669063568115234,
  "combined_mean_disp_px": 4.197384834289551,
  "combined_p95_disp_px": 9.002474784851074,
  "components_at_boundary": "",
  "dct_enabled": 1,
  "dct_grad_norm": 0.017177525907754898,
  "dct_max_disp": 9.748333930969238,
  "dct_mean_disp": 3.300635576248169,
  "dct_num_at_max": 0,
  "dct_num_at_min": 0,
  "dct_p95_disp": 6.6027092933654785,
  "dct_param_max": 1.190332055091858,
  "dct_param_mean_abs": 0.6025820970535278,
  "dct_param_min": -1.3568737506866455,
  "delaunay_enabled": 1,
  "delaunay_grad_norm": 0.003223538864403963,
  "delaunay_max_disp": 6.678868293762207,
  "delaunay_mean_disp": 1.1162614822387695,
  "delaunay_num_at_max": 0,
  "delaunay_num_at_min": 0,
  "delaunay_p95_disp": 3.2934868335723877,
  "delaunay_param_max": 5.425549507141113,
  "delaunay_param_mean_abs": 0.6392166614532471,
  "delaunay_param_min": -2.9216909408569336,
  "face_id": "face_005",
  "fft_phase_enabled": 0,
  "fft_phase_grad_norm": 0.0,
  "fft_phase_max_abs": 0.0,
  "fft_phase_mean_abs": 0.0,
  "fft_phase_norm": 0.0,
  "fft_phase_num_at_max": 0,
  "fft_phase_num_at_min": 0,
  "fft_phase_num_clamped": 0,
  "fft_spatial_delta_mse": 0.0,
  "foldover_fraction": 0.0,
  "fraction_clamped_total": 0.0,
  "identity_angle_degrees": 25.361473083496094,
  "identity_angle_radians": 0.4426411986351013,
  "identity_cosine_distance": 0.09637647867202759,
  "identity_cosine_similarity_raw": 0.9036235213279724,
  "identity_l2_embedding_distance": 0.4390365481376648,
  "identity_similarity_score_pct": 90.36235046386719,
  "iter": 325,
  "jacobian_det_min": 0.4662986695766449,
  "l2_to_original": 0.07198908925056458,
  "learning_rate": 0.05,
  "legacy_fft_strength_equivalent": 0.0,
  "loss": -0.09637647867202759,
  "mse_to_original": 0.00518242921680212,
  "num_at_max_total": 0,
  "num_at_min_total": 0,
  "num_clamped_total": 0,
  "num_total_params": 132,
  "original_embedding_norm": 0.9999999403953552,
  "peak_vram_gb": 2.993251323699951,
  "perturbed_embedding_norm": 1.0,
  "prompt": "add headphones",
  "psnr_to_original": 22.85466620920003,
  "rolling_enabled": 1,
  "rolling_grad_norm": 0.003945979289710522,
  "rolling_max_disp": 1.7929081916809082,
  "rolling_mean_disp": 0.6411268711090088,
  "rolling_num_at_max": 0,
  "rolling_num_at_min": 0,
  "rolling_p95_disp": 1.6628248691558838,
  "rolling_param_max": 1.999167561531067,
  "rolling_param_mean_abs": 1.217691421508789,
  "rolling_param_min": -0.4362151622772217,
  "seconds_elapsed": 32.26051187328994,
  "seconds_iter": 0.08212630450725555,
  "seed": 405993,
  "smoothness_tv": 0.08513185381889343,
  "ssim_to_original": 0.960838258266449,
  "total_geometry_grad_norm": 0.018308905884623528,
  "total_grad_norm": 0.018308905884623528,
  "tps_enabled": 1,
  "tps_grad_norm": 0.0037665250711143017,
  "tps_max_disp": 4.351276397705078,
  "tps_mean_disp": 1.494835615158081,
  "tps_num_at_max": 0,
  "tps_num_at_min": 0,
  "tps_p95_disp": 3.6956217288970947,
  "tps_param_max": 3.9538211822509766,
  "tps_param_mean_abs": 0.6452884674072266,
  "tps_param_min": -2.1952946186065674
}
