{
  "Z": 0.06267035007476807,
  "best_Z_so_far": 0.06269150972366333,
  "best_iter_so_far": 1022,
  "case_id": "face_002__add_headphones",
  "combined_max_disp_px": 7.219254493713379,
  "combined_mean_disp_px": 2.9627740383148193,
  "combined_p95_disp_px": 5.64928674697876,
  "components_at_boundary": "delaunay",
  "dct_enabled": 1,
  "dct_grad_norm": 0.01355780940502882,
  "dct_max_disp": 5.909894943237305,
  "dct_mean_disp": 2.6121068000793457,
  "dct_num_at_max": 0,
  "dct_num_at_min": 0,
  "dct_p95_disp": 5.0871782302856445,
  "dct_param_max": 0.9416909217834473,
  "dct_param_mean_abs": 0.4885106682777405,
  "dct_param_min": -1.0307785272598267,
  "delaunay_enabled": 1,
  "delaunay_grad_norm": 0.002066185465082526,
  "delaunay_max_disp": 7.952924728393555,
  "delaunay_mean_disp": 1.6415660381317139,
  "delaunay_num_at_max": 0,
  "delaunay_num_at_min": 1,
  "delaunay_p95_disp": 5.289404392242432,
  "delaunay_param_max": 4.733460426330566,
  "delaunay_param_mean_abs": 0.8008766174316406,
  "delaunay_param_min": -7.679999828338623,
  "face_id": "face_002",
  "fft_phase_enabled": 0,
  "fft_phase_grad_norm": 0.0,
  "fft_phase_max_abs": 0.0,
  "fft_phase_mean_abs": 0.0,
  "fft_phase_norm": 0.0,
  "fft_phase_num_at_max": 0,
  "fft_phase_num_at_min": 0,
  "fft_phase_num_clamped": 0,
  "fft_spatial_delta_mse": 0.0,
  "foldover_fraction": 0.0,
  "fraction_clamped_total": 0.007575757575757576,
  "identity_angle_degrees": 20.392166137695312,
  "identity_angle_radians": 0.35591042041778564,
  "identity_cosine_distance": 0.06267035007476807,
  "identity_cosine_similarity_raw": 0.9373296499252319,
  "identity_l2_embedding_distance": 0.3540348708629608,
  "identity_similarity_score_pct": 93.73296356201172,
  "iter": 1025,
  "jacobian_det_min": 0.4575704336166382,
  "l2_to_original": 0.05966947227716446,
  "learning_rate": 0.05,
  "legacy_fft_strength_equivalent": 0.0,
  "loss": -0.06267035007476807,
  "mse_to_original": 0.003560445737093687,
  "num_at_max_total": 0,
  "num_at_min_total": 1,
  "num_clamped_total": 1,
  "num_total_params": 132,
  "original_embedding_norm": 1.0,
  "peak_vram_gb": 2.987697124481201,
  "perturbed_embedding_norm": 1.0,
  "prompt": "add headphones",
  "psnr_to_original": 24.484956287006312,
  "rolling_enabled": 1,
  "rolling_grad_norm": 0.0033691006246954203,
  "rolling_max_disp": 1.0002622604370117,
  "rolling_mean_disp": 0.5778656005859375,
  "rolling_num_at_max": 0,
  "rolling_num_at_min": 0,
  "rolling_p95_disp": 0.9947608113288879,
  "rolling_param_max": 1.2129806280136108,
  "rolling_param_mean_abs": 1.381929874420166,
  "rolling_param_min": -1.5508791208267212,
  "seconds_elapsed": 91.90832708775997,
  "seconds_iter": 0.08983581326901913,
  "seed": 438717,
  "smoothness_tv": 0.05891504883766174,
  "ssim_to_original": 0.9728652834892273,
  "total_geometry_grad_norm": 0.01429583877325058,
  "total_grad_norm": 0.01429583877325058,
  "tps_enabled": 1,
  "tps_grad_norm": 0.00222190422937274,
  "tps_max_disp": 4.736893177032471,
  "tps_mean_disp": 1.2761991024017334,
  "tps_num_at_max": 0,
  "tps_num_at_min": 0,
  "tps_p95_disp": 3.2579002380371094,
  "tps_param_max": 2.5126736164093018,
  "tps_param_mean_abs": 0.5591033101081848,
  "tps_param_min": -3.6212804317474365
}
