{
  "Z": 0.0979616641998291,
  "best_Z_so_far": 0.09808087348937988,
  "best_iter_so_far": 781,
  "case_id": "face_005__add_headphones",
  "combined_max_disp_px": 11.737741470336914,
  "combined_mean_disp_px": 4.187638282775879,
  "combined_p95_disp_px": 9.015756607055664,
  "components_at_boundary": "tps",
  "dct_enabled": 1,
  "dct_grad_norm": 0.016585325822234154,
  "dct_max_disp": 9.420988082885742,
  "dct_mean_disp": 3.3341383934020996,
  "dct_num_at_max": 0,
  "dct_num_at_min": 0,
  "dct_p95_disp": 6.646670818328857,
  "dct_param_max": 1.1256113052368164,
  "dct_param_mean_abs": 0.614635169506073,
  "dct_param_min": -1.5231926441192627,
  "delaunay_enabled": 1,
  "delaunay_grad_norm": 0.002868596464395523,
  "delaunay_max_disp": 7.759547233581543,
  "delaunay_mean_disp": 1.2977862358093262,
  "delaunay_num_at_max": 0,
  "delaunay_num_at_min": 0,
  "delaunay_p95_disp": 4.123991966247559,
  "delaunay_param_max": 6.707376956939697,
  "delaunay_param_mean_abs": 0.7192391753196716,
  "delaunay_param_min": -2.3720343112945557,
  "face_id": "face_005",
  "fft_phase_enabled": 0,
  "fft_phase_grad_norm": 0.0,
  "fft_phase_max_abs": 0.0,
  "fft_phase_mean_abs": 0.0,
  "fft_phase_norm": 0.0,
  "fft_phase_num_at_max": 0,
  "fft_phase_num_at_min": 0,
  "fft_phase_num_clamped": 0,
  "fft_spatial_delta_mse": 0.0,
  "foldover_fraction": 0.0,
  "fraction_clamped_total": 0.007575757575757576,
  "identity_angle_degrees": 25.572694778442383,
  "identity_angle_radians": 0.44632771611213684,
  "identity_cosine_distance": 0.0979616641998291,
  "identity_cosine_similarity_raw": 0.9020383358001709,
  "identity_l2_embedding_distance": 0.4426323473453522,
  "identity_similarity_score_pct": 90.2038345336914,
  "iter": 800,
  "jacobian_det_min": 0.4715209901332855,
  "l2_to_original": 0.07182624936103821,
  "learning_rate": 0.05,
  "legacy_fft_strength_equivalent": 0.0,
  "loss": -0.0979616641998291,
  "mse_to_original": 0.005159010179340839,
  "num_at_max_total": 1,
  "num_at_min_total": 0,
  "num_clamped_total": 1,
  "num_total_params": 132,
  "original_embedding_norm": 0.9999999403953552,
  "peak_vram_gb": 2.993251323699951,
  "perturbed_embedding_norm": 1.0,
  "prompt": "add headphones",
  "psnr_to_original": 22.874336152111667,
  "rolling_enabled": 1,
  "rolling_grad_norm": 0.004929002840071917,
  "rolling_max_disp": 1.9782867431640625,
  "rolling_mean_disp": 0.8522968292236328,
  "rolling_num_at_max": 0,
  "rolling_num_at_min": 0,
  "rolling_p95_disp": 1.8595054149627686,
  "rolling_param_max": 2.1479218006134033,
  "rolling_param_mean_abs": 1.1751511096954346,
  "rolling_param_min": -0.20238031446933746,
  "seconds_elapsed": 76.05172059126198,
  "seconds_iter": 0.06830047257244587,
  "seed": 405993,
  "smoothness_tv": 0.08588771522045135,
  "ssim_to_original": 0.9610286951065063,
  "total_geometry_grad_norm": 0.017870912328362465,
  "total_grad_norm": 0.017870912328362465,
  "tps_enabled": 1,
  "tps_grad_norm": 0.0034311178606003523,
  "tps_max_disp": 5.333240032196045,
  "tps_mean_disp": 2.03084659576416,
  "tps_num_at_max": 1,
  "tps_num_at_min": 0,
  "tps_p95_disp": 4.820728778839111,
  "tps_param_max": 4.0960001945495605,
  "tps_param_mean_abs": 0.8909308910369873,
  "tps_param_min": -3.3760528564453125
}
