{
  "Z": 0.06805992126464844,
  "best_Z_so_far": 0.06806313991546631,
  "best_iter_so_far": 4966,
  "case_id": "face_002__add_headphones",
  "combined_max_disp_px": 7.224369525909424,
  "combined_mean_disp_px": 3.0340638160705566,
  "combined_p95_disp_px": 5.908671855926514,
  "components_at_boundary": "tps",
  "dct_enabled": 1,
  "dct_grad_norm": 0.013196848332881927,
  "dct_max_disp": 7.832545280456543,
  "dct_mean_disp": 2.905855178833008,
  "dct_num_at_max": 0,
  "dct_num_at_min": 0,
  "dct_p95_disp": 5.9256439208984375,
  "dct_param_max": 1.3010820150375366,
  "dct_param_mean_abs": 0.49998417496681213,
  "dct_param_min": -1.686110019683838,
  "delaunay_enabled": 1,
  "delaunay_grad_norm": 0.002536944579333067,
  "delaunay_max_disp": 7.995145797729492,
  "delaunay_mean_disp": 2.204157829284668,
  "delaunay_num_at_max": 0,
  "delaunay_num_at_min": 0,
  "delaunay_p95_disp": 5.587473392486572,
  "delaunay_param_max": 5.623480319976807,
  "delaunay_param_mean_abs": 1.2164570093154907,
  "delaunay_param_min": -6.277151584625244,
  "face_id": "face_002",
  "fft_phase_enabled": 0,
  "fft_phase_grad_norm": 0.0,
  "fft_phase_max_abs": 0.0,
  "fft_phase_mean_abs": 0.0,
  "fft_phase_norm": 0.0,
  "fft_phase_num_at_max": 0,
  "fft_phase_num_at_min": 0,
  "fft_phase_num_clamped": 0,
  "fft_spatial_delta_mse": 0.0,
  "foldover_fraction": 0.0,
  "fraction_clamped_total": 0.022727272727272728,
  "identity_angle_degrees": 21.260713577270508,
  "identity_angle_radians": 0.37106946110725403,
  "identity_cosine_distance": 0.06805992126464844,
  "identity_cosine_similarity_raw": 0.9319400787353516,
  "identity_l2_embedding_distance": 0.368944376707077,
  "identity_similarity_score_pct": 93.19400787353516,
  "iter": 5000,
  "jacobian_det_min": 0.3093108534812927,
  "l2_to_original": 0.05921458825469017,
  "learning_rate": 0.05,
  "legacy_fft_strength_equivalent": 0.0,
  "loss": -0.06805992126464844,
  "mse_to_original": 0.0035063675604760647,
  "num_at_max_total": 1,
  "num_at_min_total": 2,
  "num_clamped_total": 3,
  "num_total_params": 132,
  "original_embedding_norm": 1.0,
  "peak_vram_gb": 2.987697124481201,
  "perturbed_embedding_norm": 0.9999999403953552,
  "prompt": "add headphones",
  "psnr_to_original": 24.551425602560506,
  "rolling_enabled": 1,
  "rolling_grad_norm": 0.004430986940860748,
  "rolling_max_disp": 0.9613791704177856,
  "rolling_mean_disp": 0.38470327854156494,
  "rolling_num_at_max": 0,
  "rolling_num_at_min": 0,
  "rolling_p95_disp": 0.8039050698280334,
  "rolling_param_max": 1.2518912553787231,
  "rolling_param_mean_abs": 1.1873215436935425,
  "rolling_param_min": -1.1227518320083618,
  "seconds_elapsed": 446.36117948405445,
  "seconds_iter": 0.07108834758400917,
  "seed": 438717,
  "smoothness_tv": 0.06282136589288712,
  "ssim_to_original": 0.9732909202575684,
  "total_geometry_grad_norm": 0.014417871832847595,
  "total_grad_norm": 0.014417871832847595,
  "tps_enabled": 1,
  "tps_grad_norm": 0.0027655931189656258,
  "tps_max_disp": 5.76222038269043,
  "tps_mean_disp": 1.7823606729507446,
  "tps_num_at_max": 1,
  "tps_num_at_min": 2,
  "tps_p95_disp": 4.27476692199707,
  "tps_param_max": 4.0960001945495605,
  "tps_param_mean_abs": 0.8051183819770813,
  "tps_param_min": -4.0960001945495605
}
