{
  "Z": 0.059059858322143555,
  "best_Z_so_far": 0.05923008918762207,
  "best_iter_so_far": 2960,
  "case_id": "face_002__add_black_sunglasses",
  "combined_max_disp_px": 6.292409896850586,
  "combined_mean_disp_px": 2.6964988708496094,
  "combined_p95_disp_px": 4.689577102661133,
  "components_at_boundary": "tps",
  "dct_enabled": 1,
  "dct_grad_norm": 0.019376376643776894,
  "dct_max_disp": 6.5260910987854,
  "dct_mean_disp": 2.9281771183013916,
  "dct_num_at_max": 0,
  "dct_num_at_min": 0,
  "dct_p95_disp": 5.859120845794678,
  "dct_param_max": 1.5024527311325073,
  "dct_param_mean_abs": 0.5097033381462097,
  "dct_param_min": -1.9388422966003418,
  "delaunay_enabled": 1,
  "delaunay_grad_norm": 0.002402574522420764,
  "delaunay_max_disp": 8.747790336608887,
  "delaunay_mean_disp": 2.721956253051758,
  "delaunay_num_at_max": 0,
  "delaunay_num_at_min": 0,
  "delaunay_p95_disp": 6.665727138519287,
  "delaunay_param_max": 5.975333213806152,
  "delaunay_param_mean_abs": 1.3487489223480225,
  "delaunay_param_min": -6.850749492645264,
  "face_id": "face_002",
  "fft_phase_enabled": 0,
  "fft_phase_grad_norm": 0.0,
  "fft_phase_max_abs": 0.0,
  "fft_phase_mean_abs": 0.0,
  "fft_phase_norm": 0.0,
  "fft_phase_num_at_max": 0,
  "fft_phase_num_at_min": 0,
  "fft_phase_num_clamped": 0,
  "fft_spatial_delta_mse": 0.0,
  "foldover_fraction": 0.0,
  "fraction_clamped_total": 0.015151515151515152,
  "identity_angle_degrees": 19.789955139160156,
  "identity_angle_radians": 0.3453998863697052,
  "identity_cosine_distance": 0.059059858322143555,
  "identity_cosine_similarity_raw": 0.9409401416778564,
  "identity_l2_embedding_distance": 0.3436853289604187,
  "identity_similarity_score_pct": 94.0940170288086,
  "iter": 3325,
  "jacobian_det_min": 0.48064950108528137,
  "l2_to_original": 0.05850229039788246,
  "learning_rate": 0.05,
  "legacy_fft_strength_equivalent": 0.0,
  "loss": -0.059059858322143555,
  "mse_to_original": 0.003422518027946353,
  "num_at_max_total": 1,
  "num_at_min_total": 1,
  "num_clamped_total": 2,
  "num_total_params": 132,
  "original_embedding_norm": 1.0,
  "peak_vram_gb": 0.4965987205505371,
  "perturbed_embedding_norm": 1.0,
  "prompt": "add black sunglasses",
  "psnr_to_original": 24.656542555630008,
  "rolling_enabled": 1,
  "rolling_grad_norm": 0.0015752355102449656,
  "rolling_max_disp": 0.8774462938308716,
  "rolling_mean_disp": 0.48326337337493896,
  "rolling_num_at_max": 0,
  "rolling_num_at_min": 0,
  "rolling_p95_disp": 0.8049628734588623,
  "rolling_param_max": 1.2058675289154053,
  "rolling_param_mean_abs": 1.2809958457946777,
  "rolling_param_min": -1.3561242818832397,
  "seconds_elapsed": 275.18041108362377,
  "seconds_iter": 0.06703223288059235,
  "seed": 250852,
  "smoothness_tv": 0.05761320888996124,
  "ssim_to_original": 0.9738972187042236,
  "total_geometry_grad_norm": 0.019824746996164322,
  "total_grad_norm": 0.019824746996164322,
  "tps_enabled": 1,
  "tps_grad_norm": 0.003053342690691352,
  "tps_max_disp": 5.354685306549072,
  "tps_mean_disp": 2.0032615661621094,
  "tps_num_at_max": 1,
  "tps_num_at_min": 1,
  "tps_p95_disp": 4.530702590942383,
  "tps_param_max": 4.0960001945495605,
  "tps_param_mean_abs": 0.8335825204849243,
  "tps_param_min": -4.0960001945495605
}
