{
  "Z": 0.05868637561798096,
  "best_Z_so_far": 0.05882728099822998,
  "best_iter_so_far": 1818,
  "case_id": "face_002__add_black_sunglasses",
  "combined_max_disp_px": 6.243985176086426,
  "combined_mean_disp_px": 2.6981351375579834,
  "combined_p95_disp_px": 4.765625476837158,
  "components_at_boundary": "tps",
  "dct_enabled": 1,
  "dct_grad_norm": 0.017811208963394165,
  "dct_max_disp": 7.113966464996338,
  "dct_mean_disp": 2.9597465991973877,
  "dct_num_at_max": 0,
  "dct_num_at_min": 0,
  "dct_p95_disp": 6.311936378479004,
  "dct_param_max": 1.6493357419967651,
  "dct_param_mean_abs": 0.5068135261535645,
  "dct_param_min": -2.0861282348632812,
  "delaunay_enabled": 1,
  "delaunay_grad_norm": 0.0027259483467787504,
  "delaunay_max_disp": 8.753520011901855,
  "delaunay_mean_disp": 2.6224169731140137,
  "delaunay_num_at_max": 0,
  "delaunay_num_at_min": 0,
  "delaunay_p95_disp": 6.593303203582764,
  "delaunay_param_max": 5.3172287940979,
  "delaunay_param_mean_abs": 1.3009291887283325,
  "delaunay_param_min": -7.015875339508057,
  "face_id": "face_002",
  "fft_phase_enabled": 0,
  "fft_phase_grad_norm": 0.0,
  "fft_phase_max_abs": 0.0,
  "fft_phase_mean_abs": 0.0,
  "fft_phase_norm": 0.0,
  "fft_phase_num_at_max": 0,
  "fft_phase_num_at_min": 0,
  "fft_phase_num_clamped": 0,
  "fft_spatial_delta_mse": 0.0,
  "foldover_fraction": 0.0,
  "fraction_clamped_total": 0.015151515151515152,
  "identity_angle_degrees": 19.726654052734375,
  "identity_angle_radians": 0.34429505467414856,
  "identity_cosine_distance": 0.05868637561798096,
  "identity_cosine_similarity_raw": 0.941313624382019,
  "identity_l2_embedding_distance": 0.3425971567630768,
  "identity_similarity_score_pct": 94.13136291503906,
  "iter": 1825,
  "jacobian_det_min": 0.5029722452163696,
  "l2_to_original": 0.05822373181581497,
  "learning_rate": 0.05,
  "legacy_fft_strength_equivalent": 0.0,
  "loss": -0.05868637561798096,
  "mse_to_original": 0.0033900029957294464,
  "num_at_max_total": 1,
  "num_at_min_total": 1,
  "num_clamped_total": 2,
  "num_total_params": 132,
  "original_embedding_norm": 1.0,
  "peak_vram_gb": 0.4965987205505371,
  "perturbed_embedding_norm": 1.0,
  "prompt": "add black sunglasses",
  "psnr_to_original": 24.6979991801279,
  "rolling_enabled": 1,
  "rolling_grad_norm": 0.008191763423383236,
  "rolling_max_disp": 0.8469418883323669,
  "rolling_mean_disp": 0.32914793491363525,
  "rolling_num_at_max": 0,
  "rolling_num_at_min": 0,
  "rolling_p95_disp": 0.707162082195282,
  "rolling_param_max": 1.0912063121795654,
  "rolling_param_mean_abs": 1.0334577560424805,
  "rolling_param_min": -0.9757093191146851,
  "seconds_elapsed": 150.57653105817735,
  "seconds_iter": 0.08590604551136494,
  "seed": 250852,
  "smoothness_tv": 0.05669702589511871,
  "ssim_to_original": 0.9741455316543579,
  "total_geometry_grad_norm": 0.0200502909719944,
  "total_grad_norm": 0.0200502909719944,
  "tps_enabled": 1,
  "tps_grad_norm": 0.0031998769845813513,
  "tps_max_disp": 4.757292747497559,
  "tps_mean_disp": 1.6505961418151855,
  "tps_num_at_max": 1,
  "tps_num_at_min": 1,
  "tps_p95_disp": 4.084463119506836,
  "tps_param_max": 4.0960001945495605,
  "tps_param_mean_abs": 0.7223029732704163,
  "tps_param_min": -4.0960001945495605
}
