{
  "Z": 0.103035569190979,
  "best_Z_so_far": 0.10317623615264893,
  "best_iter_so_far": 3652,
  "case_id": "face_005__add_black_sunglasses",
  "combined_max_disp_px": 18.119976043701172,
  "combined_mean_disp_px": 4.560626983642578,
  "combined_p95_disp_px": 9.274346351623535,
  "components_at_boundary": "delaunay,tps",
  "dct_enabled": 1,
  "dct_grad_norm": 0.01718945987522602,
  "dct_max_disp": 18.49610137939453,
  "dct_mean_disp": 4.205469131469727,
  "dct_num_at_max": 0,
  "dct_num_at_min": 0,
  "dct_p95_disp": 8.074158668518066,
  "dct_param_max": 1.7854758501052856,
  "dct_param_mean_abs": 0.8166388869285583,
  "dct_param_min": -1.9161057472229004,
  "delaunay_enabled": 1,
  "delaunay_grad_norm": 0.003546501509845257,
  "delaunay_max_disp": 10.062649726867676,
  "delaunay_mean_disp": 1.7679533958435059,
  "delaunay_num_at_max": 1,
  "delaunay_num_at_min": 0,
  "delaunay_p95_disp": 5.9350409507751465,
  "delaunay_param_max": 7.679999828338623,
  "delaunay_param_mean_abs": 1.026406168937683,
  "delaunay_param_min": -2.962754249572754,
  "face_id": "face_005",
  "fft_phase_enabled": 0,
  "fft_phase_grad_norm": 0.0,
  "fft_phase_max_abs": 0.0,
  "fft_phase_mean_abs": 0.0,
  "fft_phase_norm": 0.0,
  "fft_phase_num_at_max": 0,
  "fft_phase_num_at_min": 0,
  "fft_phase_num_clamped": 0,
  "fft_spatial_delta_mse": 0.0,
  "foldover_fraction": 0.00278472900390625,
  "fraction_clamped_total": 0.05303030303030303,
  "identity_angle_degrees": 26.23811912536621,
  "identity_angle_radians": 0.45794156193733215,
  "identity_cosine_distance": 0.103035569190979,
  "identity_cosine_similarity_raw": 0.896964430809021,
  "identity_l2_embedding_distance": 0.45395079255104065,
  "identity_similarity_score_pct": 89.69644165039062,
  "iter": 3675,
  "jacobian_det_min": -0.6832113862037659,
  "l2_to_original": 0.07090979069471359,
  "learning_rate": 0.05,
  "legacy_fft_strength_equivalent": 0.0,
  "loss": -0.103035569190979,
  "mse_to_original": 0.0050281984731554985,
  "num_at_max_total": 3,
  "num_at_min_total": 4,
  "num_clamped_total": 7,
  "num_total_params": 132,
  "original_embedding_norm": 0.9999999403953552,
  "peak_vram_gb": 2.991054058074951,
  "perturbed_embedding_norm": 1.0,
  "prompt": "add black sunglasses",
  "psnr_to_original": 22.985875881668566,
  "rolling_enabled": 1,
  "rolling_grad_norm": 0.001475054770708084,
  "rolling_max_disp": 0.5936206579208374,
  "rolling_mean_disp": 0.14993219077587128,
  "rolling_num_at_max": 0,
  "rolling_num_at_min": 0,
  "rolling_p95_disp": 0.5271992683410645,
  "rolling_param_max": 0.6992500424385071,
  "rolling_param_mean_abs": 0.5131930112838745,
  "rolling_param_min": -0.32713598012924194,
  "seconds_elapsed": 338.968486065045,
  "seconds_iter": 0.07163664326071739,
  "seed": 67119,
  "smoothness_tv": 0.10418669879436493,
  "ssim_to_original": 0.9619520902633667,
  "total_geometry_grad_norm": 0.018075155094265938,
  "total_grad_norm": 0.018075155094265938,
  "tps_enabled": 1,
  "tps_grad_norm": 0.00405958853662014,
  "tps_max_disp": 5.905769348144531,
  "tps_mean_disp": 2.375614643096924,
  "tps_num_at_max": 2,
  "tps_num_at_min": 4,
  "tps_p95_disp": 5.025026798248291,
  "tps_param_max": 4.0960001945495605,
  "tps_param_mean_abs": 1.0947450399398804,
  "tps_param_min": -4.0960001945495605
}
