{
  "Z": 0.06252241134643555,
  "best_Z_so_far": 0.0628698468208313,
  "best_iter_so_far": 1059,
  "case_id": "face_002__add_headphones",
  "combined_max_disp_px": 7.147214889526367,
  "combined_mean_disp_px": 2.946781873703003,
  "combined_p95_disp_px": 5.651026248931885,
  "components_at_boundary": "delaunay",
  "dct_enabled": 1,
  "dct_grad_norm": 0.03346650302410126,
  "dct_max_disp": 6.054751873016357,
  "dct_mean_disp": 2.581608533859253,
  "dct_num_at_max": 0,
  "dct_num_at_min": 0,
  "dct_p95_disp": 5.0875959396362305,
  "dct_param_max": 0.999147355556488,
  "dct_param_mean_abs": 0.4847790598869324,
  "dct_param_min": -0.9453827142715454,
  "delaunay_enabled": 1,
  "delaunay_grad_norm": 0.003076870460063219,
  "delaunay_max_disp": 7.940240859985352,
  "delaunay_mean_disp": 1.706244945526123,
  "delaunay_num_at_max": 0,
  "delaunay_num_at_min": 1,
  "delaunay_p95_disp": 5.305020809173584,
  "delaunay_param_max": 4.902547359466553,
  "delaunay_param_mean_abs": 0.8368517756462097,
  "delaunay_param_min": -7.679999828338623,
  "face_id": "face_002",
  "fft_phase_enabled": 0,
  "fft_phase_grad_norm": 0.0,
  "fft_phase_max_abs": 0.0,
  "fft_phase_mean_abs": 0.0,
  "fft_phase_norm": 0.0,
  "fft_phase_num_at_max": 0,
  "fft_phase_num_at_min": 0,
  "fft_phase_num_clamped": 0,
  "fft_spatial_delta_mse": 0.0,
  "foldover_fraction": 0.0,
  "fraction_clamped_total": 0.007575757575757576,
  "identity_angle_degrees": 20.36782455444336,
  "identity_angle_radians": 0.35548558831214905,
  "identity_cosine_distance": 0.06252241134643555,
  "identity_cosine_similarity_raw": 0.9374775886535645,
  "identity_l2_embedding_distance": 0.3536168932914734,
  "identity_similarity_score_pct": 93.74775695800781,
  "iter": 1200,
  "jacobian_det_min": 0.4460100829601288,
  "l2_to_original": 0.05939692631363869,
  "learning_rate": 0.05,
  "legacy_fft_strength_equivalent": 0.0,
  "loss": -0.06252241134643555,
  "mse_to_original": 0.003527994966134429,
  "num_at_max_total": 0,
  "num_at_min_total": 1,
  "num_clamped_total": 1,
  "num_total_params": 132,
  "original_embedding_norm": 1.0,
  "peak_vram_gb": 2.987697124481201,
  "perturbed_embedding_norm": 1.0,
  "prompt": "add headphones",
  "psnr_to_original": 24.52472043206204,
  "rolling_enabled": 1,
  "rolling_grad_norm": 0.003419482847675681,
  "rolling_max_disp": 1.0498418807983398,
  "rolling_mean_disp": 0.6047509908676147,
  "rolling_num_at_max": 0,
  "rolling_num_at_min": 0,
  "rolling_p95_disp": 1.044471025466919,
  "rolling_param_max": 1.2407382726669312,
  "rolling_param_mean_abs": 1.427955150604248,
  "rolling_param_min": -1.6151721477508545,
  "seconds_elapsed": 108.89282997511327,
  "seconds_iter": 0.07733646780252457,
  "seed": 438717,
  "smoothness_tv": 0.05894381180405617,
  "ssim_to_original": 0.973114550113678,
  "total_geometry_grad_norm": 0.03400549292564392,
  "total_grad_norm": 0.03400549292564392,
  "tps_enabled": 1,
  "tps_grad_norm": 0.003899590577930212,
  "tps_max_disp": 5.288375377655029,
  "tps_mean_disp": 1.3751671314239502,
  "tps_num_at_max": 0,
  "tps_num_at_min": 0,
  "tps_p95_disp": 3.5706045627593994,
  "tps_param_max": 2.7032124996185303,
  "tps_param_mean_abs": 0.5958077311515808,
  "tps_param_min": -3.903036594390869
}
