{
  "Z": 0.09676933288574219,
  "best_Z_so_far": 0.09676933288574219,
  "best_iter_so_far": 200,
  "case_id": "face_005__add_black_sunglasses",
  "combined_max_disp_px": 11.388663291931152,
  "combined_mean_disp_px": 4.2152533531188965,
  "combined_p95_disp_px": 8.23110294342041,
  "components_at_boundary": "",
  "dct_enabled": 1,
  "dct_grad_norm": 0.010991095565259457,
  "dct_max_disp": 11.958056449890137,
  "dct_mean_disp": 3.386141300201416,
  "dct_num_at_max": 0,
  "dct_num_at_min": 0,
  "dct_p95_disp": 7.139379978179932,
  "dct_param_max": 1.2655316591262817,
  "dct_param_mean_abs": 0.6494070887565613,
  "dct_param_min": -1.6142033338546753,
  "delaunay_enabled": 1,
  "delaunay_grad_norm": 0.0013439796166494489,
  "delaunay_max_disp": 4.638659954071045,
  "delaunay_mean_disp": 0.8747763633728027,
  "delaunay_num_at_max": 0,
  "delaunay_num_at_min": 0,
  "delaunay_p95_disp": 2.2202467918395996,
  "delaunay_param_max": 4.013769626617432,
  "delaunay_param_mean_abs": 0.4979328513145447,
  "delaunay_param_min": -1.869759202003479,
  "face_id": "face_005",
  "fft_phase_enabled": 0,
  "fft_phase_grad_norm": 0.0,
  "fft_phase_max_abs": 0.0,
  "fft_phase_mean_abs": 0.0,
  "fft_phase_norm": 0.0,
  "fft_phase_num_at_max": 0,
  "fft_phase_num_at_min": 0,
  "fft_phase_num_clamped": 0,
  "fft_spatial_delta_mse": 0.0,
  "foldover_fraction": 0.0,
  "fraction_clamped_total": 0.0,
  "identity_angle_degrees": 25.413970947265625,
  "identity_angle_radians": 0.443557471036911,
  "identity_cosine_distance": 0.09676933288574219,
  "identity_cosine_similarity_raw": 0.9032306671142578,
  "identity_l2_embedding_distance": 0.4399305284023285,
  "identity_similarity_score_pct": 90.32306671142578,
  "iter": 200,
  "jacobian_det_min": 0.04891812056303024,
  "l2_to_original": 0.06972174346446991,
  "learning_rate": 0.05,
  "legacy_fft_strength_equivalent": 0.0,
  "loss": -0.09676933288574219,
  "mse_to_original": 0.004861121065914631,
  "num_at_max_total": 0,
  "num_at_min_total": 0,
  "num_clamped_total": 0,
  "num_total_params": 132,
  "original_embedding_norm": 0.9999999403953552,
  "peak_vram_gb": 2.991054058074951,
  "perturbed_embedding_norm": 0.9999999403953552,
  "prompt": "add black sunglasses",
  "psnr_to_original": 23.13263562713992,
  "rolling_enabled": 1,
  "rolling_grad_norm": 0.00341499550268054,
  "rolling_max_disp": 1.1233417987823486,
  "rolling_mean_disp": 0.3063197135925293,
  "rolling_num_at_max": 0,
  "rolling_num_at_min": 0,
  "rolling_p95_disp": 0.9821076393127441,
  "rolling_param_max": 1.3754563331604004,
  "rolling_param_mean_abs": 1.1075642108917236,
  "rolling_param_min": -0.8396720290184021,
  "seconds_elapsed": 18.382684409618378,
  "seconds_iter": 0.07844197750091553,
  "seed": 67119,
  "smoothness_tv": 0.09427085518836975,
  "ssim_to_original": 0.9632759094238281,
  "total_geometry_grad_norm": 0.011735397391021252,
  "total_grad_norm": 0.011735397391021252,
  "tps_enabled": 1,
  "tps_grad_norm": 0.0018565808422863483,
  "tps_max_disp": 3.9735183715820312,
  "tps_mean_disp": 1.1794772148132324,
  "tps_num_at_max": 0,
  "tps_num_at_min": 0,
  "tps_p95_disp": 2.962110757827759,
  "tps_param_max": 3.6041419506073,
  "tps_param_mean_abs": 0.49882352352142334,
  "tps_param_min": -2.0137245655059814
}
