{
  "Z": 0.0676347017288208,
  "best_Z_so_far": 0.06778240203857422,
  "best_iter_so_far": 4380,
  "case_id": "face_002__add_headphones",
  "combined_max_disp_px": 7.180882453918457,
  "combined_mean_disp_px": 3.0262374877929688,
  "combined_p95_disp_px": 5.882575035095215,
  "components_at_boundary": "tps",
  "dct_enabled": 1,
  "dct_grad_norm": 0.013755017891526222,
  "dct_max_disp": 7.255295753479004,
  "dct_mean_disp": 2.7610411643981934,
  "dct_num_at_max": 0,
  "dct_num_at_min": 0,
  "dct_p95_disp": 5.380136966705322,
  "dct_param_max": 1.1558719873428345,
  "dct_param_mean_abs": 0.48462891578674316,
  "dct_param_min": -1.4017829895019531,
  "delaunay_enabled": 1,
  "delaunay_grad_norm": 0.002269899705424905,
  "delaunay_max_disp": 8.141095161437988,
  "delaunay_mean_disp": 2.1128246784210205,
  "delaunay_num_at_max": 0,
  "delaunay_num_at_min": 0,
  "delaunay_p95_disp": 5.542318820953369,
  "delaunay_param_max": 5.442296028137207,
  "delaunay_param_mean_abs": 1.147078514099121,
  "delaunay_param_min": -6.440332889556885,
  "face_id": "face_002",
  "fft_phase_enabled": 0,
  "fft_phase_grad_norm": 0.0,
  "fft_phase_max_abs": 0.0,
  "fft_phase_mean_abs": 0.0,
  "fft_phase_norm": 0.0,
  "fft_phase_num_at_max": 0,
  "fft_phase_num_at_min": 0,
  "fft_phase_num_clamped": 0,
  "fft_spatial_delta_mse": 0.0,
  "foldover_fraction": 0.0,
  "fraction_clamped_total": 0.022727272727272728,
  "identity_angle_degrees": 21.193424224853516,
  "identity_angle_radians": 0.3698950409889221,
  "identity_cosine_distance": 0.0676347017288208,
  "identity_cosine_similarity_raw": 0.9323652982711792,
  "identity_l2_embedding_distance": 0.3677898645401001,
  "identity_similarity_score_pct": 93.23652648925781,
  "iter": 4525,
  "jacobian_det_min": 0.340061753988266,
  "l2_to_original": 0.059329014271497726,
  "learning_rate": 0.05,
  "legacy_fft_strength_equivalent": 0.0,
  "loss": -0.0676347017288208,
  "mse_to_original": 0.003519931808114052,
  "num_at_max_total": 1,
  "num_at_min_total": 2,
  "num_clamped_total": 3,
  "num_total_params": 132,
  "original_embedding_norm": 1.0,
  "peak_vram_gb": 2.987697124481201,
  "perturbed_embedding_norm": 1.0,
  "prompt": "add headphones",
  "psnr_to_original": 24.53465750057848,
  "rolling_enabled": 1,
  "rolling_grad_norm": 0.0016096263425424695,
  "rolling_max_disp": 1.0232212543487549,
  "rolling_mean_disp": 0.4975428879261017,
  "rolling_num_at_max": 0,
  "rolling_num_at_min": 0,
  "rolling_p95_disp": 0.833362340927124,
  "rolling_param_max": 1.3784239292144775,
  "rolling_param_mean_abs": 1.4009066820144653,
  "rolling_param_min": -1.4233894348144531,
  "seconds_elapsed": 403.3409872241318,
  "seconds_iter": 0.06999912299215794,
  "seed": 438717,
  "smoothness_tv": 0.061702027916908264,
  "ssim_to_original": 0.973183810710907,
  "total_geometry_grad_norm": 0.01424637995660305,
  "total_grad_norm": 0.01424637995660305,
  "tps_enabled": 1,
  "tps_grad_norm": 0.002452652435749769,
  "tps_max_disp": 5.565051078796387,
  "tps_mean_disp": 1.7667433023452759,
  "tps_num_at_max": 1,
  "tps_num_at_min": 2,
  "tps_p95_disp": 4.162851333618164,
  "tps_param_max": 4.0960001945495605,
  "tps_param_mean_abs": 0.7585467100143433,
  "tps_param_min": -4.0960001945495605
}
