{
  "Z": 0.02486264705657959,
  "best_Z_so_far": 0.02486264705657959,
  "best_iter_so_far": 75,
  "case_id": "face_002__add_headphones",
  "combined_max_disp_px": 6.957154273986816,
  "combined_mean_disp_px": 2.7997658252716064,
  "combined_p95_disp_px": 5.069887638092041,
  "components_at_boundary": "",
  "dct_enabled": 1,
  "dct_grad_norm": 0.007714748848229647,
  "dct_max_disp": 6.702589988708496,
  "dct_mean_disp": 2.1404595375061035,
  "dct_num_at_max": 0,
  "dct_num_at_min": 0,
  "dct_p95_disp": 3.979557752609253,
  "dct_param_max": 1.1023856401443481,
  "dct_param_mean_abs": 0.37992048263549805,
  "dct_param_min": -0.941338062286377,
  "delaunay_enabled": 1,
  "delaunay_grad_norm": 0.0010160007514059544,
  "delaunay_max_disp": 3.2006664276123047,
  "delaunay_mean_disp": 0.5701825618743896,
  "delaunay_num_at_max": 0,
  "delaunay_num_at_min": 0,
  "delaunay_p95_disp": 1.6252132654190063,
  "delaunay_param_max": 2.334545850753784,
  "delaunay_param_mean_abs": 0.3353247046470642,
  "delaunay_param_min": -2.548053026199341,
  "face_id": "face_002",
  "fft_phase_enabled": 0,
  "fft_phase_grad_norm": 0.0,
  "fft_phase_max_abs": 0.0,
  "fft_phase_mean_abs": 0.0,
  "fft_phase_norm": 0.0,
  "fft_phase_num_at_max": 0,
  "fft_phase_num_at_min": 0,
  "fft_phase_num_clamped": 0,
  "fft_spatial_delta_mse": 0.0,
  "foldover_fraction": 0.0,
  "fraction_clamped_total": 0.0,
  "identity_angle_degrees": 12.80310344696045,
  "identity_angle_radians": 0.22345630824565887,
  "identity_cosine_distance": 0.02486264705657959,
  "identity_cosine_similarity_raw": 0.9751373529434204,
  "identity_l2_embedding_distance": 0.22299222648143768,
  "identity_similarity_score_pct": 97.51373291015625,
  "iter": 75,
  "jacobian_det_min": 0.3563084304332733,
  "l2_to_original": 0.06307954341173172,
  "learning_rate": 0.05,
  "legacy_fft_strength_equivalent": 0.0,
  "loss": -0.02486264705657959,
  "mse_to_original": 0.003979028668254614,
  "num_at_max_total": 0,
  "num_at_min_total": 0,
  "num_clamped_total": 0,
  "num_total_params": 132,
  "original_embedding_norm": 0.9999999403953552,
  "peak_vram_gb": 2.993556499481201,
  "perturbed_embedding_norm": 1.0,
  "prompt": "add headphones",
  "psnr_to_original": 24.002229318212084,
  "rolling_enabled": 1,
  "rolling_grad_norm": 0.0009882888989523053,
  "rolling_max_disp": 0.19783717393875122,
  "rolling_mean_disp": 0.12617622315883636,
  "rolling_num_at_max": 0,
  "rolling_num_at_min": 0,
  "rolling_p95_disp": 0.19724464416503906,
  "rolling_param_max": 0.17575840651988983,
  "rolling_param_mean_abs": 0.10037578642368317,
  "rolling_param_min": 0.0249931663274765,
  "seconds_elapsed": 7.618050104007125,
  "seconds_iter": 0.07628161273896694,
  "seed": 438717,
  "smoothness_tv": 0.05419597402215004,
  "ssim_to_original": 0.9696645736694336,
  "total_geometry_grad_norm": 0.007915450260043144,
  "total_grad_norm": 0.007915450260043144,
  "tps_enabled": 1,
  "tps_grad_norm": 0.001062086084857583,
  "tps_max_disp": 2.4595117568969727,
  "tps_mean_disp": 0.672980785369873,
  "tps_num_at_max": 0,
  "tps_num_at_min": 0,
  "tps_p95_disp": 1.4684805870056152,
  "tps_param_max": 1.7566169500350952,
  "tps_param_mean_abs": 0.29108744859695435,
  "tps_param_min": -2.1970038414001465
}
