{
  "elapsed_seconds": 49.09691776148975,
  "final_Z": 0.03164094686508179,
  "status": "done"
}
