{
  "Z": 0.06214332580566406,
  "best_Z_so_far": 0.06224161386489868,
  "best_iter_so_far": 695,
  "case_id": "face_002__add_headphones",
  "combined_max_disp_px": 7.210723876953125,
  "combined_mean_disp_px": 2.990945339202881,
  "combined_p95_disp_px": 5.640283107757568,
  "components_at_boundary": "",
  "dct_enabled": 1,
  "dct_grad_norm": 0.02035217545926571,
  "dct_max_disp": 5.937366962432861,
  "dct_mean_disp": 2.704111337661743,
  "dct_num_at_max": 0,
  "dct_num_at_min": 0,
  "dct_p95_disp": 5.114368438720703,
  "dct_param_max": 0.9172911643981934,
  "dct_param_mean_abs": 0.49620816111564636,
  "dct_param_min": -1.2401375770568848,
  "delaunay_enabled": 1,
  "delaunay_grad_norm": 0.0028465536888688803,
  "delaunay_max_disp": 7.161813259124756,
  "delaunay_mean_disp": 1.4328211545944214,
  "delaunay_num_at_max": 0,
  "delaunay_num_at_min": 0,
  "delaunay_p95_disp": 4.803302764892578,
  "delaunay_param_max": 4.697137355804443,
  "delaunay_param_mean_abs": 0.7232992649078369,
  "delaunay_param_min": -6.843428611755371,
  "face_id": "face_002",
  "fft_phase_enabled": 0,
  "fft_phase_grad_norm": 0.0,
  "fft_phase_max_abs": 0.0,
  "fft_phase_mean_abs": 0.0,
  "fft_phase_norm": 0.0,
  "fft_phase_num_at_max": 0,
  "fft_phase_num_at_min": 0,
  "fft_phase_num_clamped": 0,
  "fft_spatial_delta_mse": 0.0,
  "foldover_fraction": 0.0,
  "fraction_clamped_total": 0.0,
  "identity_angle_degrees": 20.305328369140625,
  "identity_angle_radians": 0.3543948233127594,
  "identity_cosine_distance": 0.06214332580566406,
  "identity_cosine_similarity_raw": 0.9378566741943359,
  "identity_l2_embedding_distance": 0.3525431454181671,
  "identity_similarity_score_pct": 93.7856674194336,
  "iter": 700,
  "jacobian_det_min": 0.4643823504447937,
  "l2_to_original": 0.059992317110300064,
  "learning_rate": 0.05,
  "legacy_fft_strength_equivalent": 0.0,
  "loss": -0.06214332580566406,
  "mse_to_original": 0.0035990781616419554,
  "num_at_max_total": 0,
  "num_at_min_total": 0,
  "num_clamped_total": 0,
  "num_total_params": 132,
  "original_embedding_norm": 1.0,
  "peak_vram_gb": 2.987697124481201,
  "perturbed_embedding_norm": 1.0,
  "prompt": "add headphones",
  "psnr_to_original": 24.438087216157193,
  "rolling_enabled": 1,
  "rolling_grad_norm": 0.0012498534051701427,
  "rolling_max_disp": 0.7574405670166016,
  "rolling_mean_disp": 0.43925535678863525,
  "rolling_num_at_max": 0,
  "rolling_num_at_min": 0,
  "rolling_p95_disp": 0.7382807731628418,
  "rolling_param_max": 1.0535653829574585,
  "rolling_param_mean_abs": 1.1375324726104736,
  "rolling_param_min": -1.2214995622634888,
  "seconds_elapsed": 62.14011869393289,
  "seconds_iter": 0.06905145011842251,
  "seed": 438717,
  "smoothness_tv": 0.05888877809047699,
  "ssim_to_original": 0.972572386264801,
  "total_geometry_grad_norm": 0.02082570269703865,
  "total_grad_norm": 0.02082570269703865,
  "tps_enabled": 1,
  "tps_grad_norm": 0.003135896287858486,
  "tps_max_disp": 3.4682984352111816,
  "tps_mean_disp": 0.991053581237793,
  "tps_num_at_max": 0,
  "tps_num_at_min": 0,
  "tps_p95_disp": 2.5001676082611084,
  "tps_param_max": 2.328308582305908,
  "tps_param_mean_abs": 0.4628225862979889,
  "tps_param_min": -2.6276755332946777
}
