{
  "Z": 0.05900532007217407,
  "best_Z_so_far": 0.05923008918762207,
  "best_iter_so_far": 2960,
  "case_id": "face_002__add_black_sunglasses",
  "combined_max_disp_px": 6.282759189605713,
  "combined_mean_disp_px": 2.7016310691833496,
  "combined_p95_disp_px": 4.690330505371094,
  "components_at_boundary": "tps",
  "dct_enabled": 1,
  "dct_grad_norm": 0.020459040999412537,
  "dct_max_disp": 6.543405532836914,
  "dct_mean_disp": 2.9323482513427734,
  "dct_num_at_max": 0,
  "dct_num_at_min": 0,
  "dct_p95_disp": 5.881904125213623,
  "dct_param_max": 1.5156852006912231,
  "dct_param_mean_abs": 0.5106776356697083,
  "dct_param_min": -1.9591377973556519,
  "delaunay_enabled": 1,
  "delaunay_grad_norm": 0.0032894634641706944,
  "delaunay_max_disp": 8.8074951171875,
  "delaunay_mean_disp": 2.7102456092834473,
  "delaunay_num_at_max": 0,
  "delaunay_num_at_min": 0,
  "delaunay_p95_disp": 6.668070316314697,
  "delaunay_param_max": 5.911406517028809,
  "delaunay_param_mean_abs": 1.342142939567566,
  "delaunay_param_min": -6.881689548492432,
  "face_id": "face_002",
  "fft_phase_enabled": 0,
  "fft_phase_grad_norm": 0.0,
  "fft_phase_max_abs": 0.0,
  "fft_phase_mean_abs": 0.0,
  "fft_phase_norm": 0.0,
  "fft_phase_num_at_max": 0,
  "fft_phase_num_at_min": 0,
  "fft_phase_num_clamped": 0,
  "fft_spatial_delta_mse": 0.0,
  "foldover_fraction": 0.0,
  "fraction_clamped_total": 0.015151515151515152,
  "identity_angle_degrees": 19.780725479125977,
  "identity_angle_radians": 0.3452387750148773,
  "identity_cosine_distance": 0.05900532007217407,
  "identity_cosine_similarity_raw": 0.9409946799278259,
  "identity_l2_embedding_distance": 0.3435269594192505,
  "identity_similarity_score_pct": 94.0994644165039,
  "iter": 3075,
  "jacobian_det_min": 0.4884204566478729,
  "l2_to_original": 0.05863519012928009,
  "learning_rate": 0.05,
  "legacy_fft_strength_equivalent": 0.0,
  "loss": -0.05900532007217407,
  "mse_to_original": 0.0034380853176116943,
  "num_at_max_total": 1,
  "num_at_min_total": 1,
  "num_clamped_total": 2,
  "num_total_params": 132,
  "original_embedding_norm": 1.0,
  "peak_vram_gb": 0.4965987205505371,
  "perturbed_embedding_norm": 1.0,
  "prompt": "add black sunglasses",
  "psnr_to_original": 24.636833503050973,
  "rolling_enabled": 1,
  "rolling_grad_norm": 0.0027194132562726736,
  "rolling_max_disp": 0.8595553040504456,
  "rolling_mean_disp": 0.4539359211921692,
  "rolling_num_at_max": 0,
  "rolling_num_at_min": 0,
  "rolling_p95_disp": 0.7496383190155029,
  "rolling_param_max": 1.1754182577133179,
  "rolling_param_mean_abs": 1.2277672290802002,
  "rolling_param_min": -1.2801162004470825,
  "seconds_elapsed": 253.0117043722421,
  "seconds_iter": 0.0786213967949152,
  "seed": 250852,
  "smoothness_tv": 0.057560890913009644,
  "ssim_to_original": 0.9737786054611206,
  "total_geometry_grad_norm": 0.021314553916454315,
  "total_grad_norm": 0.021314553916454315,
  "tps_enabled": 1,
  "tps_grad_norm": 0.004185935016721487,
  "tps_max_disp": 5.273104190826416,
  "tps_mean_disp": 1.9695243835449219,
  "tps_num_at_max": 1,
  "tps_num_at_min": 1,
  "tps_p95_disp": 4.469202995300293,
  "tps_param_max": 4.0960001945495605,
  "tps_param_mean_abs": 0.8213059306144714,
  "tps_param_min": -4.0960001945495605
}
