{
  "Z": 0.05390286445617676,
  "best_Z_so_far": 0.053995370864868164,
  "best_iter_so_far": 297,
  "case_id": "face_002__add_black_sunglasses",
  "combined_max_disp_px": 7.485620498657227,
  "combined_mean_disp_px": 2.6183652877807617,
  "combined_p95_disp_px": 4.53286600112915,
  "components_at_boundary": "",
  "dct_enabled": 1,
  "dct_grad_norm": 0.025934984907507896,
  "dct_max_disp": 6.84611177444458,
  "dct_mean_disp": 2.3801960945129395,
  "dct_num_at_max": 0,
  "dct_num_at_min": 0,
  "dct_p95_disp": 4.671249866485596,
  "dct_param_max": 1.298106074333191,
  "dct_param_mean_abs": 0.42948096990585327,
  "dct_param_min": -1.3255579471588135,
  "delaunay_enabled": 1,
  "delaunay_grad_norm": 0.0031951891724020243,
  "delaunay_max_disp": 4.662123203277588,
  "delaunay_mean_disp": 1.3263680934906006,
  "delaunay_num_at_max": 0,
  "delaunay_num_at_min": 0,
  "delaunay_p95_disp": 3.342714548110962,
  "delaunay_param_max": 2.954904079437256,
  "delaunay_param_mean_abs": 0.6604664325714111,
  "delaunay_param_min": -4.558648109436035,
  "face_id": "face_002",
  "fft_phase_enabled": 0,
  "fft_phase_grad_norm": 0.0,
  "fft_phase_max_abs": 0.0,
  "fft_phase_mean_abs": 0.0,
  "fft_phase_norm": 0.0,
  "fft_phase_num_at_max": 0,
  "fft_phase_num_at_min": 0,
  "fft_phase_num_clamped": 0,
  "fft_spatial_delta_mse": 0.0,
  "foldover_fraction": 0.0,
  "fraction_clamped_total": 0.0,
  "identity_angle_degrees": 18.897916793823242,
  "identity_angle_radians": 0.3298308551311493,
  "identity_cosine_distance": 0.05390286445617676,
  "identity_cosine_similarity_raw": 0.9460971355438232,
  "identity_l2_embedding_distance": 0.328337699174881,
  "identity_similarity_score_pct": 94.60971069335938,
  "iter": 300,
  "jacobian_det_min": 0.5066568851470947,
  "l2_to_original": 0.057169631123542786,
  "learning_rate": 0.05,
  "legacy_fft_strength_equivalent": 0.0,
  "loss": -0.05390286445617676,
  "mse_to_original": 0.0032683666795492172,
  "num_at_max_total": 0,
  "num_at_min_total": 0,
  "num_clamped_total": 0,
  "num_total_params": 132,
  "original_embedding_norm": 1.0,
  "peak_vram_gb": 0.4958662986755371,
  "perturbed_embedding_norm": 1.0,
  "prompt": "add black sunglasses",
  "psnr_to_original": 24.856692257101468,
  "rolling_enabled": 1,
  "rolling_grad_norm": 0.0077911545522511005,
  "rolling_max_disp": 0.8431684970855713,
  "rolling_mean_disp": 0.2134849578142166,
  "rolling_num_at_max": 0,
  "rolling_num_at_min": 0,
  "rolling_p95_disp": 0.7509274482727051,
  "rolling_param_max": 0.988264799118042,
  "rolling_param_mean_abs": 0.7200409173965454,
  "rolling_param_min": -0.4518170952796936,
  "seconds_elapsed": 25.8222871478647,
  "seconds_iter": 0.07613969035446644,
  "seed": 250852,
  "smoothness_tv": 0.04964383691549301,
  "ssim_to_original": 0.9750742316246033,
  "total_geometry_grad_norm": 0.027547994628548622,
  "total_grad_norm": 0.027547994628548622,
  "tps_enabled": 1,
  "tps_grad_norm": 0.003918834030628204,
  "tps_max_disp": 3.675489902496338,
  "tps_mean_disp": 0.8522541522979736,
  "tps_num_at_max": 0,
  "tps_num_at_min": 0,
  "tps_p95_disp": 2.079908847808838,
  "tps_param_max": 3.6620209217071533,
  "tps_param_mean_abs": 0.3884628713130951,
  "tps_param_min": -2.0149688720703125
}
