{
  "Z": 0.05908447504043579,
  "best_Z_so_far": 0.05923008918762207,
  "best_iter_so_far": 2960,
  "case_id": "face_002__add_black_sunglasses",
  "combined_max_disp_px": 6.3363261222839355,
  "combined_mean_disp_px": 2.7046260833740234,
  "combined_p95_disp_px": 4.710097789764404,
  "components_at_boundary": "tps",
  "dct_enabled": 1,
  "dct_grad_norm": 0.017359234392642975,
  "dct_max_disp": 6.564306735992432,
  "dct_mean_disp": 2.9349002838134766,
  "dct_num_at_max": 0,
  "dct_num_at_min": 0,
  "dct_p95_disp": 5.9051103591918945,
  "dct_param_max": 1.5090669393539429,
  "dct_param_mean_abs": 0.5104759931564331,
  "dct_param_min": -1.9496463537216187,
  "delaunay_enabled": 1,
  "delaunay_grad_norm": 0.0029563249554485083,
  "delaunay_max_disp": 8.783952713012695,
  "delaunay_mean_disp": 2.7169034481048584,
  "delaunay_num_at_max": 0,
  "delaunay_num_at_min": 0,
  "delaunay_p95_disp": 6.676728248596191,
  "delaunay_param_max": 5.954648494720459,
  "delaunay_param_mean_abs": 1.3467504978179932,
  "delaunay_param_min": -6.872493743896484,
  "face_id": "face_002",
  "fft_phase_enabled": 0,
  "fft_phase_grad_norm": 0.0,
  "fft_phase_max_abs": 0.0,
  "fft_phase_mean_abs": 0.0,
  "fft_phase_norm": 0.0,
  "fft_phase_num_at_max": 0,
  "fft_phase_num_at_min": 0,
  "fft_phase_num_clamped": 0,
  "fft_spatial_delta_mse": 0.0,
  "foldover_fraction": 0.0,
  "fraction_clamped_total": 0.015151515151515152,
  "identity_angle_degrees": 19.794118881225586,
  "identity_angle_radians": 0.3454725444316864,
  "identity_cosine_distance": 0.05908447504043579,
  "identity_cosine_similarity_raw": 0.9409155249595642,
  "identity_l2_embedding_distance": 0.3437570333480835,
  "identity_similarity_score_pct": 94.091552734375,
  "iter": 3200,
  "jacobian_det_min": 0.48610830307006836,
  "l2_to_original": 0.05866714194417,
  "learning_rate": 0.05,
  "legacy_fft_strength_equivalent": 0.0,
  "loss": -0.05908447504043579,
  "mse_to_original": 0.003441833658143878,
  "num_at_max_total": 1,
  "num_at_min_total": 1,
  "num_clamped_total": 2,
  "num_total_params": 132,
  "original_embedding_norm": 1.0,
  "peak_vram_gb": 0.4965987205505371,
  "perturbed_embedding_norm": 1.0,
  "prompt": "add black sunglasses",
  "psnr_to_original": 24.632101227056946,
  "rolling_enabled": 1,
  "rolling_grad_norm": 0.0057104118168354034,
  "rolling_max_disp": 0.8680548667907715,
  "rolling_mean_disp": 0.4689282476902008,
  "rolling_num_at_max": 0,
  "rolling_num_at_min": 0,
  "rolling_p95_disp": 0.7784510254859924,
  "rolling_param_max": 1.1874775886535645,
  "rolling_param_mean_abs": 1.2561817169189453,
  "rolling_param_min": -1.3248859643936157,
  "seconds_elapsed": 264.40494297631085,
  "seconds_iter": 0.06867711991071701,
  "seed": 250852,
  "smoothness_tv": 0.05753036588430405,
  "ssim_to_original": 0.9737503528594971,
  "total_geometry_grad_norm": 0.01884726993739605,
  "total_grad_norm": 0.01884726993739605,
  "tps_enabled": 1,
  "tps_grad_norm": 0.0035394690930843353,
  "tps_max_disp": 5.311700344085693,
  "tps_mean_disp": 1.98988676071167,
  "tps_num_at_max": 1,
  "tps_num_at_min": 1,
  "tps_p95_disp": 4.502833843231201,
  "tps_param_max": 4.0960001945495605,
  "tps_param_mean_abs": 0.8276158571243286,
  "tps_param_min": -4.0960001945495605
}
