{
  "Z": 0.10157519578933716,
  "best_Z_so_far": 0.10160696506500244,
  "best_iter_so_far": 2421,
  "case_id": "face_005__add_black_sunglasses",
  "combined_max_disp_px": 13.51785945892334,
  "combined_mean_disp_px": 4.400834083557129,
  "combined_p95_disp_px": 8.794404029846191,
  "components_at_boundary": "tps",
  "dct_enabled": 1,
  "dct_grad_norm": 0.010701451450586319,
  "dct_max_disp": 13.918115615844727,
  "dct_mean_disp": 3.767045259475708,
  "dct_num_at_max": 0,
  "dct_num_at_min": 0,
  "dct_p95_disp": 7.561176776885986,
  "dct_param_max": 1.3877424001693726,
  "dct_param_mean_abs": 0.7291005849838257,
  "dct_param_min": -1.673218846321106,
  "delaunay_enabled": 1,
  "delaunay_grad_norm": 0.0014617441920563579,
  "delaunay_max_disp": 9.052285194396973,
  "delaunay_mean_disp": 1.5952802896499634,
  "delaunay_num_at_max": 0,
  "delaunay_num_at_min": 0,
  "delaunay_p95_disp": 5.030359268188477,
  "delaunay_param_max": 7.1072893142700195,
  "delaunay_param_mean_abs": 0.9107896089553833,
  "delaunay_param_min": -3.6926515102386475,
  "face_id": "face_005",
  "fft_phase_enabled": 0,
  "fft_phase_grad_norm": 0.0,
  "fft_phase_max_abs": 0.0,
  "fft_phase_mean_abs": 0.0,
  "fft_phase_norm": 0.0,
  "fft_phase_num_at_max": 0,
  "fft_phase_num_at_min": 0,
  "fft_phase_num_clamped": 0,
  "fft_spatial_delta_mse": 0.0,
  "foldover_fraction": 0.0009918212890625,
  "fraction_clamped_total": 0.022727272727272728,
  "identity_angle_degrees": 26.048219680786133,
  "identity_angle_radians": 0.4546271860599518,
  "identity_cosine_distance": 0.10157519578933716,
  "identity_cosine_similarity_raw": 0.8984248042106628,
  "identity_l2_embedding_distance": 0.4507223665714264,
  "identity_similarity_score_pct": 89.84248352050781,
  "iter": 2425,
  "jacobian_det_min": -0.20192129909992218,
  "l2_to_original": 0.07058632373809814,
  "learning_rate": 0.05,
  "legacy_fft_strength_equivalent": 0.0,
  "loss": -0.10157519578933716,
  "mse_to_original": 0.004982429556548595,
  "num_at_max_total": 3,
  "num_at_min_total": 0,
  "num_clamped_total": 3,
  "num_total_params": 132,
  "original_embedding_norm": 0.9999999403953552,
  "peak_vram_gb": 2.991054058074951,
  "perturbed_embedding_norm": 1.0,
  "prompt": "add black sunglasses",
  "psnr_to_original": 23.025588328017847,
  "rolling_enabled": 1,
  "rolling_grad_norm": 0.002404754515737295,
  "rolling_max_disp": 0.644425630569458,
  "rolling_mean_disp": 0.4302244484424591,
  "rolling_num_at_max": 0,
  "rolling_num_at_min": 0,
  "rolling_p95_disp": 0.6440240144729614,
  "rolling_param_max": 0.6331525444984436,
  "rolling_param_mean_abs": 0.43533164262771606,
  "rolling_param_min": 0.2375107705593109,
  "seconds_elapsed": 226.66491615772247,
  "seconds_iter": 0.08310114406049252,
  "seed": 67119,
  "smoothness_tv": 0.10080428421497345,
  "ssim_to_original": 0.9623090028762817,
  "total_geometry_grad_norm": 0.011202849447727203,
  "total_grad_norm": 0.011202849447727203,
  "tps_enabled": 1,
  "tps_grad_norm": 0.0017502115806564689,
  "tps_max_disp": 5.8270111083984375,
  "tps_mean_disp": 2.2871286869049072,
  "tps_num_at_max": 3,
  "tps_num_at_min": 0,
  "tps_p95_disp": 4.935277938842773,
  "tps_param_max": 4.0960001945495605,
  "tps_param_mean_abs": 1.041966199874878,
  "tps_param_min": -4.075090408325195
}
