{
  "Z": 0.10294914245605469,
  "best_Z_so_far": 0.10310906171798706,
  "best_iter_so_far": 3182,
  "case_id": "face_005__add_black_sunglasses",
  "combined_max_disp_px": 18.135631561279297,
  "combined_mean_disp_px": 4.568075180053711,
  "combined_p95_disp_px": 9.29595947265625,
  "components_at_boundary": "delaunay,tps",
  "dct_enabled": 1,
  "dct_grad_norm": 0.01603957824409008,
  "dct_max_disp": 18.516056060791016,
  "dct_mean_disp": 4.178407669067383,
  "dct_num_at_max": 0,
  "dct_num_at_min": 0,
  "dct_p95_disp": 8.061968803405762,
  "dct_param_max": 1.7889984846115112,
  "dct_param_mean_abs": 0.8143779635429382,
  "dct_param_min": -1.9023269414901733,
  "delaunay_enabled": 1,
  "delaunay_grad_norm": 0.0026777286548167467,
  "delaunay_max_disp": 9.787147521972656,
  "delaunay_mean_disp": 1.7255675792694092,
  "delaunay_num_at_max": 1,
  "delaunay_num_at_min": 0,
  "delaunay_p95_disp": 5.69345760345459,
  "delaunay_param_max": 7.679999828338623,
  "delaunay_param_mean_abs": 0.9994392395019531,
  "delaunay_param_min": -3.205925703048706,
  "face_id": "face_005",
  "fft_phase_enabled": 0,
  "fft_phase_grad_norm": 0.0,
  "fft_phase_max_abs": 0.0,
  "fft_phase_mean_abs": 0.0,
  "fft_phase_norm": 0.0,
  "fft_phase_num_at_max": 0,
  "fft_phase_num_at_min": 0,
  "fft_phase_num_clamped": 0,
  "fft_spatial_delta_mse": 0.0,
  "foldover_fraction": 0.0027923583984375,
  "fraction_clamped_total": 0.06060606060606061,
  "identity_angle_degrees": 26.226917266845703,
  "identity_angle_radians": 0.45774605870246887,
  "identity_cosine_distance": 0.10294914245605469,
  "identity_cosine_similarity_raw": 0.8970508575439453,
  "identity_l2_embedding_distance": 0.4537602663040161,
  "identity_similarity_score_pct": 89.70508575439453,
  "iter": 3225,
  "jacobian_det_min": -0.68096524477005,
  "l2_to_original": 0.07099540531635284,
  "learning_rate": 0.05,
  "legacy_fft_strength_equivalent": 0.0,
  "loss": -0.10294914245605469,
  "mse_to_original": 0.005040347576141357,
  "num_at_max_total": 5,
  "num_at_min_total": 3,
  "num_clamped_total": 8,
  "num_total_params": 132,
  "original_embedding_norm": 0.9999999403953552,
  "peak_vram_gb": 2.991054058074951,
  "perturbed_embedding_norm": 0.9999999403953552,
  "prompt": "add black sunglasses",
  "psnr_to_original": 22.975395141109356,
  "rolling_enabled": 1,
  "rolling_grad_norm": 0.0007025462109595537,
  "rolling_max_disp": 0.6106181740760803,
  "rolling_mean_disp": 0.2483387589454651,
  "rolling_num_at_max": 0,
  "rolling_num_at_min": 0,
  "rolling_p95_disp": 0.5699902176856995,
  "rolling_param_max": 0.6702250838279724,
  "rolling_param_mean_abs": 0.3802284002304077,
  "rolling_param_min": -0.09023170173168182,
  "seconds_elapsed": 298.7036010809243,
  "seconds_iter": 0.07022754289209843,
  "seed": 67119,
  "smoothness_tv": 0.10428287833929062,
  "ssim_to_original": 0.9618626236915588,
  "total_geometry_grad_norm": 0.016620803624391556,
  "total_grad_norm": 0.016620803624391556,
  "tps_enabled": 1,
  "tps_grad_norm": 0.003364406293258071,
  "tps_max_disp": 5.888190269470215,
  "tps_mean_disp": 2.3786027431488037,
  "tps_num_at_max": 4,
  "tps_num_at_min": 3,
  "tps_p95_disp": 5.017322540283203,
  "tps_param_max": 4.0960001945495605,
  "tps_param_mean_abs": 1.0880240201950073,
  "tps_param_min": -4.0960001945495605
}
