{
  "Z": 0.06747704744338989,
  "best_Z_so_far": 0.06767028570175171,
  "best_iter_so_far": 2120,
  "case_id": "face_002__add_headphones",
  "combined_max_disp_px": 7.134754180908203,
  "combined_mean_disp_px": 3.0186972618103027,
  "combined_p95_disp_px": 5.844839096069336,
  "components_at_boundary": "tps",
  "dct_enabled": 1,
  "dct_grad_norm": 0.024987313896417618,
  "dct_max_disp": 6.953912258148193,
  "dct_mean_disp": 2.6890649795532227,
  "dct_num_at_max": 0,
  "dct_num_at_min": 0,
  "dct_p95_disp": 5.277348518371582,
  "dct_param_max": 1.086421251296997,
  "dct_param_mean_abs": 0.4791528582572937,
  "dct_param_min": -1.3169429302215576,
  "delaunay_enabled": 1,
  "delaunay_grad_norm": 0.0028081941418349743,
  "delaunay_max_disp": 8.344344139099121,
  "delaunay_mean_disp": 2.0761332511901855,
  "delaunay_num_at_max": 0,
  "delaunay_num_at_min": 0,
  "delaunay_p95_disp": 5.44051456451416,
  "delaunay_param_max": 5.373651504516602,
  "delaunay_param_mean_abs": 1.126627802848816,
  "delaunay_param_min": -6.528468132019043,
  "face_id": "face_002",
  "fft_phase_enabled": 0,
  "fft_phase_grad_norm": 0.0,
  "fft_phase_max_abs": 0.0,
  "fft_phase_mean_abs": 0.0,
  "fft_phase_norm": 0.0,
  "fft_phase_num_at_max": 0,
  "fft_phase_num_at_min": 0,
  "fft_phase_num_clamped": 0,
  "fft_spatial_delta_mse": 0.0,
  "foldover_fraction": 0.0,
  "fraction_clamped_total": 0.022727272727272728,
  "identity_angle_degrees": 21.168424606323242,
  "identity_angle_radians": 0.36945870518684387,
  "identity_cosine_distance": 0.06747704744338989,
  "identity_cosine_similarity_raw": 0.9325229525566101,
  "identity_l2_embedding_distance": 0.3673611581325531,
  "identity_similarity_score_pct": 93.2522964477539,
  "iter": 2125,
  "jacobian_det_min": 0.35685792565345764,
  "l2_to_original": 0.059292927384376526,
  "learning_rate": 0.05,
  "legacy_fft_strength_equivalent": 0.0,
  "loss": -0.06747704744338989,
  "mse_to_original": 0.003515651449561119,
  "num_at_max_total": 1,
  "num_at_min_total": 2,
  "num_clamped_total": 3,
  "num_total_params": 132,
  "original_embedding_norm": 1.0,
  "peak_vram_gb": 2.987697124481201,
  "perturbed_embedding_norm": 0.9999999403953552,
  "prompt": "add headphones",
  "psnr_to_original": 24.5399418850037,
  "rolling_enabled": 1,
  "rolling_grad_norm": 0.001422953326255083,
  "rolling_max_disp": 1.0419623851776123,
  "rolling_mean_disp": 0.6017729043960571,
  "rolling_num_at_max": 0,
  "rolling_num_at_min": 0,
  "rolling_p95_disp": 1.036181926727295,
  "rolling_param_max": 1.2542424201965332,
  "rolling_param_mean_abs": 1.43442702293396,
  "rolling_param_min": -1.6146117448806763,
  "seconds_elapsed": 194.06607522442937,
  "seconds_iter": 0.06683264300227165,
  "seed": 438717,
  "smoothness_tv": 0.06155276298522949,
  "ssim_to_original": 0.9732159972190857,
  "total_geometry_grad_norm": 0.025477584451436996,
  "total_grad_norm": 0.025477584451436996,
  "tps_enabled": 1,
  "tps_grad_norm": 0.0038510675076395273,
  "tps_max_disp": 5.124050140380859,
  "tps_mean_disp": 1.724372386932373,
  "tps_num_at_max": 1,
  "tps_num_at_min": 2,
  "tps_p95_disp": 4.056077480316162,
  "tps_param_max": 4.0960001945495605,
  "tps_param_mean_abs": 0.7348889708518982,
  "tps_param_min": -4.0960001945495605
}
