{
  "Z": 0.06737995147705078,
  "best_Z_so_far": 0.06746309995651245,
  "best_iter_so_far": 1799,
  "case_id": "face_002__add_headphones",
  "combined_max_disp_px": 7.111808776855469,
  "combined_mean_disp_px": 3.0241193771362305,
  "combined_p95_disp_px": 5.878438949584961,
  "components_at_boundary": "tps",
  "dct_enabled": 1,
  "dct_grad_norm": 0.01333937793970108,
  "dct_max_disp": 6.7953314781188965,
  "dct_mean_disp": 2.6162965297698975,
  "dct_num_at_max": 0,
  "dct_num_at_min": 0,
  "dct_p95_disp": 5.26933479309082,
  "dct_param_max": 1.018726110458374,
  "dct_param_mean_abs": 0.48105546832084656,
  "dct_param_min": -1.2594785690307617,
  "delaunay_enabled": 1,
  "delaunay_grad_norm": 0.002513874089345336,
  "delaunay_max_disp": 8.457942962646484,
  "delaunay_mean_disp": 2.049635410308838,
  "delaunay_num_at_max": 0,
  "delaunay_num_at_min": 0,
  "delaunay_p95_disp": 5.4836106300354,
  "delaunay_param_max": 5.471571922302246,
  "delaunay_param_mean_abs": 1.1139452457427979,
  "delaunay_param_min": -6.597331523895264,
  "face_id": "face_002",
  "fft_phase_enabled": 0,
  "fft_phase_grad_norm": 0.0,
  "fft_phase_max_abs": 0.0,
  "fft_phase_mean_abs": 0.0,
  "fft_phase_norm": 0.0,
  "fft_phase_num_at_max": 0,
  "fft_phase_num_at_min": 0,
  "fft_phase_num_clamped": 0,
  "fft_spatial_delta_mse": 0.0,
  "foldover_fraction": 0.0,
  "fraction_clamped_total": 0.007575757575757576,
  "identity_angle_degrees": 21.153013229370117,
  "identity_angle_radians": 0.36918970942497253,
  "identity_cosine_distance": 0.06737995147705078,
  "identity_cosine_similarity_raw": 0.9326200485229492,
  "identity_l2_embedding_distance": 0.3670966327190399,
  "identity_similarity_score_pct": 93.26200866699219,
  "iter": 1800,
  "jacobian_det_min": 0.36557719111442566,
  "l2_to_original": 0.059176005423069,
  "learning_rate": 0.05,
  "legacy_fft_strength_equivalent": 0.0,
  "loss": -0.06737995147705078,
  "mse_to_original": 0.0035017996560782194,
  "num_at_max_total": 0,
  "num_at_min_total": 1,
  "num_clamped_total": 1,
  "num_total_params": 132,
  "original_embedding_norm": 1.0,
  "peak_vram_gb": 2.987697124481201,
  "perturbed_embedding_norm": 1.0,
  "prompt": "add headphones",
  "psnr_to_original": 24.557087042687375,
  "rolling_enabled": 1,
  "rolling_grad_norm": 0.0002954729716293514,
  "rolling_max_disp": 1.226048469543457,
  "rolling_mean_disp": 0.6998581886291504,
  "rolling_num_at_max": 0,
  "rolling_num_at_min": 0,
  "rolling_p95_disp": 1.2201626300811768,
  "rolling_param_max": 1.3305124044418335,
  "rolling_param_mean_abs": 1.5845582485198975,
  "rolling_param_min": -1.8386039733886719,
  "seconds_elapsed": 164.63810257986188,
  "seconds_iter": 0.06716928444802761,
  "seed": 438717,
  "smoothness_tv": 0.06205115467309952,
  "ssim_to_original": 0.9733229875564575,
  "total_geometry_grad_norm": 0.01389392651617527,
  "total_grad_norm": 0.01389392651617527,
  "tps_enabled": 1,
  "tps_grad_norm": 0.0029487775173038244,
  "tps_max_disp": 4.967237949371338,
  "tps_mean_disp": 1.6837048530578613,
  "tps_num_at_max": 0,
  "tps_num_at_min": 1,
  "tps_p95_disp": 4.068264007568359,
  "tps_param_max": 4.030116081237793,
  "tps_param_mean_abs": 0.7195156216621399,
  "tps_param_min": -4.0960001945495605
}
