{
  "Z": 0.09895461797714233,
  "best_Z_so_far": 0.09909451007843018,
  "best_iter_so_far": 3171,
  "case_id": "face_005__add_headphones",
  "combined_max_disp_px": 11.902547836303711,
  "combined_mean_disp_px": 4.1815385818481445,
  "combined_p95_disp_px": 8.859066009521484,
  "components_at_boundary": "tps",
  "dct_enabled": 1,
  "dct_grad_norm": 0.01653633639216423,
  "dct_max_disp": 8.974932670593262,
  "dct_mean_disp": 3.4230661392211914,
  "dct_num_at_max": 0,
  "dct_num_at_min": 0,
  "dct_p95_disp": 6.870968341827393,
  "dct_param_max": 1.087824821472168,
  "dct_param_mean_abs": 0.6258922219276428,
  "dct_param_min": -1.6492139101028442,
  "delaunay_enabled": 1,
  "delaunay_grad_norm": 0.002377984579652548,
  "delaunay_max_disp": 8.4364652633667,
  "delaunay_mean_disp": 1.4998608827590942,
  "delaunay_num_at_max": 0,
  "delaunay_num_at_min": 0,
  "delaunay_p95_disp": 5.212132930755615,
  "delaunay_param_max": 6.855832576751709,
  "delaunay_param_mean_abs": 0.7531810402870178,
  "delaunay_param_min": -1.2293787002563477,
  "face_id": "face_005",
  "fft_phase_enabled": 0,
  "fft_phase_grad_norm": 0.0,
  "fft_phase_max_abs": 0.0,
  "fft_phase_mean_abs": 0.0,
  "fft_phase_norm": 0.0,
  "fft_phase_num_at_max": 0,
  "fft_phase_num_at_min": 0,
  "fft_phase_num_clamped": 0,
  "fft_spatial_delta_mse": 0.0,
  "foldover_fraction": 0.0,
  "fraction_clamped_total": 0.045454545454545456,
  "identity_angle_degrees": 25.704179763793945,
  "identity_angle_radians": 0.44862255454063416,
  "identity_cosine_distance": 0.09895461797714233,
  "identity_cosine_similarity_raw": 0.9010453820228577,
  "identity_l2_embedding_distance": 0.44487011432647705,
  "identity_similarity_score_pct": 90.10453796386719,
  "iter": 3775,
  "jacobian_det_min": 0.4776087999343872,
  "l2_to_original": 0.0715048760175705,
  "learning_rate": 0.05,
  "legacy_fft_strength_equivalent": 0.0,
  "loss": -0.09895461797714233,
  "mse_to_original": 0.005112946964800358,
  "num_at_max_total": 2,
  "num_at_min_total": 4,
  "num_clamped_total": 6,
  "num_total_params": 132,
  "original_embedding_norm": 0.9999999403953552,
  "peak_vram_gb": 2.993251323699951,
  "perturbed_embedding_norm": 0.9999998807907104,
  "prompt": "add headphones",
  "psnr_to_original": 22.9132871206791,
  "rolling_enabled": 1,
  "rolling_grad_norm": 0.0026811424177139997,
  "rolling_max_disp": 2.0600929260253906,
  "rolling_mean_disp": 1.1970722675323486,
  "rolling_num_at_max": 0,
  "rolling_num_at_min": 0,
  "rolling_p95_disp": 2.015936851501465,
  "rolling_param_max": 2.112006187438965,
  "rolling_param_mean_abs": 1.2493324279785156,
  "rolling_param_min": 0.38665857911109924,
  "seconds_elapsed": 347.89133124798536,
  "seconds_iter": 0.07173961773514748,
  "seed": 405993,
  "smoothness_tv": 0.08646903932094574,
  "ssim_to_original": 0.9613613486289978,
  "total_geometry_grad_norm": 0.017202701419591904,
  "total_grad_norm": 0.017202701419591904,
  "tps_enabled": 1,
  "tps_grad_norm": 0.0031047051306813955,
  "tps_max_disp": 6.880228519439697,
  "tps_mean_disp": 2.6250710487365723,
  "tps_num_at_max": 2,
  "tps_num_at_min": 4,
  "tps_p95_disp": 5.647152423858643,
  "tps_param_max": 4.0960001945495605,
  "tps_param_mean_abs": 1.1163359880447388,
  "tps_param_min": -4.0960001945495605
}
