{
  "Z": 0.10133570432662964,
  "best_Z_so_far": 0.10143989324569702,
  "best_iter_so_far": 2293,
  "case_id": "face_005__add_black_sunglasses",
  "combined_max_disp_px": 13.433423042297363,
  "combined_mean_disp_px": 4.394407272338867,
  "combined_p95_disp_px": 8.785406112670898,
  "components_at_boundary": "tps",
  "dct_enabled": 1,
  "dct_grad_norm": 0.01606808975338936,
  "dct_max_disp": 13.848610877990723,
  "dct_mean_disp": 3.7933640480041504,
  "dct_num_at_max": 0,
  "dct_num_at_min": 0,
  "dct_p95_disp": 7.560216903686523,
  "dct_param_max": 1.3924659490585327,
  "dct_param_mean_abs": 0.7327709197998047,
  "dct_param_min": -1.70830500125885,
  "delaunay_enabled": 1,
  "delaunay_grad_norm": 0.0026597767136991024,
  "delaunay_max_disp": 9.002589225769043,
  "delaunay_mean_disp": 1.567476511001587,
  "delaunay_num_at_max": 0,
  "delaunay_num_at_min": 0,
  "delaunay_p95_disp": 4.93756103515625,
  "delaunay_param_max": 7.10687780380249,
  "delaunay_param_mean_abs": 0.900450587272644,
  "delaunay_param_min": -3.5451762676239014,
  "face_id": "face_005",
  "fft_phase_enabled": 0,
  "fft_phase_grad_norm": 0.0,
  "fft_phase_max_abs": 0.0,
  "fft_phase_mean_abs": 0.0,
  "fft_phase_norm": 0.0,
  "fft_phase_num_at_max": 0,
  "fft_phase_num_at_min": 0,
  "fft_phase_num_clamped": 0,
  "fft_spatial_delta_mse": 0.0,
  "foldover_fraction": 0.000911712646484375,
  "fraction_clamped_total": 0.03787878787878788,
  "identity_angle_degrees": 26.01695442199707,
  "identity_angle_radians": 0.4540815055370331,
  "identity_cosine_distance": 0.10133570432662964,
  "identity_cosine_similarity_raw": 0.8986642956733704,
  "identity_l2_embedding_distance": 0.4501906931400299,
  "identity_similarity_score_pct": 89.8664321899414,
  "iter": 2325,
  "jacobian_det_min": -0.1876649558544159,
  "l2_to_original": 0.0704469159245491,
  "learning_rate": 0.05,
  "legacy_fft_strength_equivalent": 0.0,
  "loss": -0.10133570432662964,
  "mse_to_original": 0.004962768405675888,
  "num_at_max_total": 3,
  "num_at_min_total": 2,
  "num_clamped_total": 5,
  "num_total_params": 132,
  "original_embedding_norm": 0.9999999403953552,
  "peak_vram_gb": 2.991054058074951,
  "perturbed_embedding_norm": 0.9999999403953552,
  "prompt": "add black sunglasses",
  "psnr_to_original": 23.04275991271308,
  "rolling_enabled": 1,
  "rolling_grad_norm": 0.003249865723773837,
  "rolling_max_disp": 0.6525202989578247,
  "rolling_mean_disp": 0.42951202392578125,
  "rolling_num_at_max": 0,
  "rolling_num_at_min": 0,
  "rolling_p95_disp": 0.6522594094276428,
  "rolling_param_max": 0.6434735059738159,
  "rolling_param_mean_abs": 0.4289201498031616,
  "rolling_param_min": 0.21436676383018494,
  "seconds_elapsed": 217.0672805737704,
  "seconds_iter": 0.07518414407968521,
  "seed": 67119,
  "smoothness_tv": 0.10065017640590668,
  "ssim_to_original": 0.96245276927948,
  "total_geometry_grad_norm": 0.016920993104577065,
  "total_grad_norm": 0.016920993104577065,
  "tps_enabled": 1,
  "tps_grad_norm": 0.0032404414378106594,
  "tps_max_disp": 5.833355903625488,
  "tps_mean_disp": 2.2434632778167725,
  "tps_num_at_max": 3,
  "tps_num_at_min": 2,
  "tps_p95_disp": 4.8230881690979,
  "tps_param_max": 4.0960001945495605,
  "tps_param_mean_abs": 1.0253077745437622,
  "tps_param_min": -4.0960001945495605
}
