{
  "Z": 0.05909532308578491,
  "best_Z_so_far": 0.0592036247253418,
  "best_iter_so_far": 2892,
  "case_id": "face_002__add_black_sunglasses",
  "combined_max_disp_px": 6.227050304412842,
  "combined_mean_disp_px": 2.6980249881744385,
  "combined_p95_disp_px": 4.679409503936768,
  "components_at_boundary": "tps",
  "dct_enabled": 1,
  "dct_grad_norm": 0.015145952813327312,
  "dct_max_disp": 6.572279930114746,
  "dct_mean_disp": 2.9360427856445312,
  "dct_num_at_max": 0,
  "dct_num_at_min": 0,
  "dct_p95_disp": 5.885988235473633,
  "dct_param_max": 1.5090028047561646,
  "dct_param_mean_abs": 0.5108157396316528,
  "dct_param_min": -1.9747000932693481,
  "delaunay_enabled": 1,
  "delaunay_grad_norm": 0.002720526186749339,
  "delaunay_max_disp": 8.802982330322266,
  "delaunay_mean_disp": 2.6983587741851807,
  "delaunay_num_at_max": 0,
  "delaunay_num_at_min": 0,
  "delaunay_p95_disp": 6.654751777648926,
  "delaunay_param_max": 5.789048671722412,
  "delaunay_param_mean_abs": 1.3381428718566895,
  "delaunay_param_min": -6.882238864898682,
  "face_id": "face_002",
  "fft_phase_enabled": 0,
  "fft_phase_grad_norm": 0.0,
  "fft_phase_max_abs": 0.0,
  "fft_phase_mean_abs": 0.0,
  "fft_phase_norm": 0.0,
  "fft_phase_num_at_max": 0,
  "fft_phase_num_at_min": 0,
  "fft_phase_num_clamped": 0,
  "fft_spatial_delta_mse": 0.0,
  "foldover_fraction": 0.0,
  "fraction_clamped_total": 0.015151515151515152,
  "identity_angle_degrees": 19.79595375061035,
  "identity_angle_radians": 0.3455045819282532,
  "identity_cosine_distance": 0.05909532308578491,
  "identity_cosine_similarity_raw": 0.9409046769142151,
  "identity_l2_embedding_distance": 0.34378889203071594,
  "identity_similarity_score_pct": 94.09046936035156,
  "iter": 2900,
  "jacobian_det_min": 0.48476526141166687,
  "l2_to_original": 0.05855098366737366,
  "learning_rate": 0.05,
  "legacy_fft_strength_equivalent": 0.0,
  "loss": -0.05909532308578491,
  "mse_to_original": 0.0034282177221029997,
  "num_at_max_total": 1,
  "num_at_min_total": 1,
  "num_clamped_total": 2,
  "num_total_params": 132,
  "original_embedding_norm": 1.0,
  "peak_vram_gb": 0.4965987205505371,
  "perturbed_embedding_norm": 0.9999999403953552,
  "prompt": "add black sunglasses",
  "psnr_to_original": 24.649316043377244,
  "rolling_enabled": 1,
  "rolling_grad_norm": 0.0028575973119586706,
  "rolling_max_disp": 0.8494727611541748,
  "rolling_mean_disp": 0.4431043267250061,
  "rolling_num_at_max": 0,
  "rolling_num_at_min": 0,
  "rolling_p95_disp": 0.7295458316802979,
  "rolling_param_max": 1.1592789888381958,
  "rolling_param_mean_abs": 1.2062458992004395,
  "rolling_param_min": -1.253212809562683,
  "seconds_elapsed": 237.58690840750933,
  "seconds_iter": 0.07239269651472569,
  "seed": 250852,
  "smoothness_tv": 0.057519882917404175,
  "ssim_to_original": 0.9738545417785645,
  "total_geometry_grad_norm": 0.015943020582199097,
  "total_grad_norm": 0.015943020582199097,
  "tps_enabled": 1,
  "tps_grad_norm": 0.00303527619689703,
  "tps_max_disp": 5.213221549987793,
  "tps_mean_disp": 1.9426190853118896,
  "tps_num_at_max": 1,
  "tps_num_at_min": 1,
  "tps_p95_disp": 4.426383018493652,
  "tps_param_max": 4.0960001945495605,
  "tps_param_mean_abs": 0.810301661491394,
  "tps_param_min": -4.0960001945495605
}
