{
  "Z": 0.05849635601043701,
  "best_Z_so_far": 0.05870044231414795,
  "best_iter_so_far": 1614,
  "case_id": "face_002__add_black_sunglasses",
  "combined_max_disp_px": 6.169557571411133,
  "combined_mean_disp_px": 2.689897060394287,
  "combined_p95_disp_px": 4.775102138519287,
  "components_at_boundary": "tps",
  "dct_enabled": 1,
  "dct_grad_norm": 0.015596986748278141,
  "dct_max_disp": 7.081736087799072,
  "dct_mean_disp": 2.932465076446533,
  "dct_num_at_max": 0,
  "dct_num_at_min": 0,
  "dct_p95_disp": 6.267786502838135,
  "dct_param_max": 1.6398981809616089,
  "dct_param_mean_abs": 0.5044570565223694,
  "dct_param_min": -2.0720596313476562,
  "delaunay_enabled": 1,
  "delaunay_grad_norm": 0.0023643767926841974,
  "delaunay_max_disp": 8.333902359008789,
  "delaunay_mean_disp": 2.568000316619873,
  "delaunay_num_at_max": 0,
  "delaunay_num_at_min": 0,
  "delaunay_p95_disp": 6.4193949699401855,
  "delaunay_param_max": 5.244584083557129,
  "delaunay_param_mean_abs": 1.2757046222686768,
  "delaunay_param_min": -6.8183369636535645,
  "face_id": "face_002",
  "fft_phase_enabled": 0,
  "fft_phase_grad_norm": 0.0,
  "fft_phase_max_abs": 0.0,
  "fft_phase_mean_abs": 0.0,
  "fft_phase_norm": 0.0,
  "fft_phase_num_at_max": 0,
  "fft_phase_num_at_min": 0,
  "fft_phase_num_clamped": 0,
  "fft_spatial_delta_mse": 0.0,
  "foldover_fraction": 0.0,
  "fraction_clamped_total": 0.015151515151515152,
  "identity_angle_degrees": 19.694372177124023,
  "identity_angle_radians": 0.3437316417694092,
  "identity_cosine_distance": 0.05849635601043701,
  "identity_cosine_similarity_raw": 0.941503643989563,
  "identity_l2_embedding_distance": 0.34204235672950745,
  "identity_similarity_score_pct": 94.1503677368164,
  "iter": 1650,
  "jacobian_det_min": 0.49766913056373596,
  "l2_to_original": 0.05814005434513092,
  "learning_rate": 0.05,
  "legacy_fft_strength_equivalent": 0.0,
  "loss": -0.05849635601043701,
  "mse_to_original": 0.0033802660182118416,
  "num_at_max_total": 1,
  "num_at_min_total": 1,
  "num_clamped_total": 2,
  "num_total_params": 132,
  "original_embedding_norm": 1.0,
  "peak_vram_gb": 0.4965987205505371,
  "perturbed_embedding_norm": 0.9999999403953552,
  "prompt": "add black sunglasses",
  "psnr_to_original": 24.710491205225217,
  "rolling_enabled": 1,
  "rolling_grad_norm": 0.003956652246415615,
  "rolling_max_disp": 0.813647449016571,
  "rolling_mean_disp": 0.28088730573654175,
  "rolling_num_at_max": 0,
  "rolling_num_at_min": 0,
  "rolling_p95_disp": 0.683746874332428,
  "rolling_param_max": 1.0430907011032104,
  "rolling_param_mean_abs": 0.9317483901977539,
  "rolling_param_min": -0.8204060196876526,
  "seconds_elapsed": 134.54866096936166,
  "seconds_iter": 0.059018323197960854,
  "seed": 250852,
  "smoothness_tv": 0.056311674416065216,
  "ssim_to_original": 0.9742202758789062,
  "total_geometry_grad_norm": 0.01656424254179001,
  "total_grad_norm": 0.01656424254179001,
  "tps_enabled": 1,
  "tps_grad_norm": 0.0031405009794980288,
  "tps_max_disp": 4.726730823516846,
  "tps_mean_disp": 1.5709664821624756,
  "tps_num_at_max": 1,
  "tps_num_at_min": 1,
  "tps_p95_disp": 3.923870801925659,
  "tps_param_max": 4.0960001945495605,
  "tps_param_mean_abs": 0.700305700302124,
  "tps_param_min": -4.0960001945495605
}
