{
  "Z": 0.06752580404281616,
  "best_Z_so_far": 0.06776446104049683,
  "best_iter_so_far": 3179,
  "case_id": "face_002__add_headphones",
  "combined_max_disp_px": 7.190188407897949,
  "combined_mean_disp_px": 3.024087905883789,
  "combined_p95_disp_px": 5.879319190979004,
  "components_at_boundary": "tps",
  "dct_enabled": 1,
  "dct_grad_norm": 0.018913771957159042,
  "dct_max_disp": 7.218978404998779,
  "dct_mean_disp": 2.75771427154541,
  "dct_num_at_max": 0,
  "dct_num_at_min": 0,
  "dct_p95_disp": 5.378673553466797,
  "dct_param_max": 1.1477725505828857,
  "dct_param_mean_abs": 0.4846579432487488,
  "dct_param_min": -1.38834547996521,
  "delaunay_enabled": 1,
  "delaunay_grad_norm": 0.0028720672708004713,
  "delaunay_max_disp": 8.17170238494873,
  "delaunay_mean_disp": 2.1106574535369873,
  "delaunay_num_at_max": 0,
  "delaunay_num_at_min": 0,
  "delaunay_p95_disp": 5.536949634552002,
  "delaunay_param_max": 5.416252136230469,
  "delaunay_param_mean_abs": 1.1418503522872925,
  "delaunay_param_min": -6.470505237579346,
  "face_id": "face_002",
  "fft_phase_enabled": 0,
  "fft_phase_grad_norm": 0.0,
  "fft_phase_max_abs": 0.0,
  "fft_phase_mean_abs": 0.0,
  "fft_phase_norm": 0.0,
  "fft_phase_num_at_max": 0,
  "fft_phase_num_at_min": 0,
  "fft_phase_num_clamped": 0,
  "fft_spatial_delta_mse": 0.0,
  "foldover_fraction": 0.0,
  "fraction_clamped_total": 0.022727272727272728,
  "identity_angle_degrees": 21.17616081237793,
  "identity_angle_radians": 0.36959370970726013,
  "identity_cosine_distance": 0.06752580404281616,
  "identity_cosine_similarity_raw": 0.9324741959571838,
  "identity_l2_embedding_distance": 0.36749395728111267,
  "identity_similarity_score_pct": 93.24742126464844,
  "iter": 4100,
  "jacobian_det_min": 0.3428836166858673,
  "l2_to_original": 0.059295136481523514,
  "learning_rate": 0.05,
  "legacy_fft_strength_equivalent": 0.0,
  "loss": -0.06752580404281616,
  "mse_to_original": 0.003515913151204586,
  "num_at_max_total": 1,
  "num_at_min_total": 2,
  "num_clamped_total": 3,
  "num_total_params": 132,
  "original_embedding_norm": 1.0,
  "peak_vram_gb": 2.987697124481201,
  "perturbed_embedding_norm": 0.9999999403953552,
  "prompt": "add headphones",
  "psnr_to_original": 24.53961861248565,
  "rolling_enabled": 1,
  "rolling_grad_norm": 0.008070684038102627,
  "rolling_max_disp": 0.9825596809387207,
  "rolling_mean_disp": 0.5050175189971924,
  "rolling_num_at_max": 0,
  "rolling_num_at_min": 0,
  "rolling_p95_disp": 0.8286371231079102,
  "rolling_param_max": 1.3432310819625854,
  "rolling_param_mean_abs": 1.3846065998077393,
  "rolling_param_min": -1.4259822368621826,
  "seconds_elapsed": 366.2396124470979,
  "seconds_iter": 0.07465670444071293,
  "seed": 438717,
  "smoothness_tv": 0.06154574453830719,
  "ssim_to_original": 0.9732136130332947,
  "total_geometry_grad_norm": 0.02109360508620739,
  "total_grad_norm": 0.02109360508620739,
  "tps_enabled": 1,
  "tps_grad_norm": 0.0037181598600000143,
  "tps_max_disp": 5.533871173858643,
  "tps_mean_disp": 1.75740647315979,
  "tps_num_at_max": 1,
  "tps_num_at_min": 2,
  "tps_p95_disp": 4.152499198913574,
  "tps_param_max": 4.0960001945495605,
  "tps_param_mean_abs": 0.7532377243041992,
  "tps_param_min": -4.0960001945495605
}
