{
  "Z": 0.09870600700378418,
  "best_Z_so_far": 0.09900784492492676,
  "best_iter_so_far": 2166,
  "case_id": "face_005__add_headphones",
  "combined_max_disp_px": 11.86904239654541,
  "combined_mean_disp_px": 4.2023749351501465,
  "combined_p95_disp_px": 8.906489372253418,
  "components_at_boundary": "tps",
  "dct_enabled": 1,
  "dct_grad_norm": 0.015441748313605785,
  "dct_max_disp": 9.258907318115234,
  "dct_mean_disp": 3.4476535320281982,
  "dct_num_at_max": 0,
  "dct_num_at_min": 0,
  "dct_p95_disp": 6.9077558517456055,
  "dct_param_max": 1.1103376150131226,
  "dct_param_mean_abs": 0.6286781430244446,
  "dct_param_min": -1.6570378541946411,
  "delaunay_enabled": 1,
  "delaunay_grad_norm": 0.0023257452994585037,
  "delaunay_max_disp": 8.366443634033203,
  "delaunay_mean_disp": 1.4607133865356445,
  "delaunay_num_at_max": 0,
  "delaunay_num_at_min": 0,
  "delaunay_p95_disp": 5.134360313415527,
  "delaunay_param_max": 6.881227493286133,
  "delaunay_param_mean_abs": 0.753254234790802,
  "delaunay_param_min": -1.3831095695495605,
  "face_id": "face_005",
  "fft_phase_enabled": 0,
  "fft_phase_grad_norm": 0.0,
  "fft_phase_max_abs": 0.0,
  "fft_phase_mean_abs": 0.0,
  "fft_phase_norm": 0.0,
  "fft_phase_num_at_max": 0,
  "fft_phase_num_at_min": 0,
  "fft_phase_num_clamped": 0,
  "fft_spatial_delta_mse": 0.0,
  "foldover_fraction": 0.0,
  "fraction_clamped_total": 0.030303030303030304,
  "identity_angle_degrees": 25.67131996154785,
  "identity_angle_radians": 0.44804903864860535,
  "identity_cosine_distance": 0.09870600700378418,
  "identity_cosine_similarity_raw": 0.9012939929962158,
  "identity_l2_embedding_distance": 0.4443109333515167,
  "identity_similarity_score_pct": 90.12940216064453,
  "iter": 2200,
  "jacobian_det_min": 0.4792265295982361,
  "l2_to_original": 0.0715930312871933,
  "learning_rate": 0.05,
  "legacy_fft_strength_equivalent": 0.0,
  "loss": -0.09870600700378418,
  "mse_to_original": 0.005125562660396099,
  "num_at_max_total": 1,
  "num_at_min_total": 3,
  "num_clamped_total": 4,
  "num_total_params": 132,
  "original_embedding_norm": 0.9999999403953552,
  "peak_vram_gb": 2.993251323699951,
  "perturbed_embedding_norm": 1.0,
  "prompt": "add headphones",
  "psnr_to_original": 22.90258452829798,
  "rolling_enabled": 1,
  "rolling_grad_norm": 0.0045198253355920315,
  "rolling_max_disp": 2.0415875911712646,
  "rolling_mean_disp": 1.139941930770874,
  "rolling_num_at_max": 0,
  "rolling_num_at_min": 0,
  "rolling_p95_disp": 1.9842342138290405,
  "rolling_param_max": 2.119377851486206,
  "rolling_param_mean_abs": 1.2084670066833496,
  "rolling_param_min": 0.2975562810897827,
  "seconds_elapsed": 202.42457878403366,
  "seconds_iter": 0.07472837157547474,
  "seed": 405993,
  "smoothness_tv": 0.08667083084583282,
  "ssim_to_original": 0.961267352104187,
  "total_geometry_grad_norm": 0.01651942916214466,
  "total_grad_norm": 0.01651942916214466,
  "tps_enabled": 1,
  "tps_grad_norm": 0.0029336069710552692,
  "tps_max_disp": 6.842407703399658,
  "tps_mean_disp": 2.5447182655334473,
  "tps_num_at_max": 1,
  "tps_num_at_min": 3,
  "tps_p95_disp": 5.606643199920654,
  "tps_param_max": 4.0960001945495605,
  "tps_param_mean_abs": 1.0843777656555176,
  "tps_param_min": -4.0960001945495605
}
